order_id,order_date,ship_mode,segment,category,sub_category,product_id,cost_price,list_price,quantity,discount_percent,customer_id
1,2023-03-01,Second Class,Consumer,Furniture,Bookcases,FUR-BO-10001798,240.0,260.0,2,2,782
2,2023-08-15,Second Class,Consumer,Furniture,Chairs,FUR-CH-10000454,600.0,730.0,3,3,2827
3,2023-01-10,Second Class,Corporate,Office Supplies,Labels,OFF-LA-10000240,10.0,10.0,2,5,1806
4,2022-06-18,Standard Class,Consumer,Furniture,Tables,FUR-TA-10000577,780.0,960.0,5,2,1642
5,2022-07-13,Standard Class,Consumer,Office Supplies,Storage,OFF-ST-10000760,20.0,20.0,2,5,1349
6,2022-03-13,Not Available,Consumer,Furniture,Furnishings,FUR-FU-10001487,50.0,50.0,7,3,4993
7,2022-12-28,Standard Class,Consumer,Office Supplies,Art,OFF-AR-10002833,10.0,10.0,4,3,1433
8,2022-01-25,Standard Class,Consumer,Technology,Phones,TEC-PH-10002275,860.0,910.0,6,5,2231
9,2023-03-23,Not Available,Consumer,Office Supplies,Binders,OFF-BI-10003910,20.0,20.0,3,2,3199
10,2023-05-16,Standard Class,Consumer,Office Supplies,Appliances,OFF-AP-10002892,90.0,110.0,5,3,1993
11,2023-03-31,Not Available,Consumer,Furniture,Tables,FUR-TA-10001539,1470.0,1710.0,9,3,797
12,2023-12-25,Not Available,Consumer,Technology,Phones,TEC-PH-10002033,750.0,910.0,4,3,1206
13,2022-02-11,Standard Class,Consumer,Office Supplies,Paper,OFF-PA-10002365,20.0,20.0,3,3,3749
14,2023-07-18,Standard Class,Consumer,Office Supplies,Binders,OFF-BI-10003656,360.0,410.0,3,2,1673
15,2023-11-09,unknown,Home Office,Office Supplies,Appliances,OFF-AP-10002311,60.0,70.0,5,5,294
16,2022-06-18,Standard Class,Home Office,Office Supplies,Binders,OFF-BI-10000756,20.0,20.0,3,5,2694
17,2022-02-04,Standard Class,Consumer,Office Supplies,Storage,OFF-ST-10004186,610.0,670.0,6,3,185
18,2023-08-04,Second Class,Consumer,Office Supplies,Storage,OFF-ST-10000107,60.0,60.0,2,4,1557
19,2022-01-23,Second Class,Consumer,Office Supplies,Art,OFF-AR-10003056,10.0,10.0,2,4,1082
20,2022-01-11,Second Class,Consumer,Technology,Phones,TEC-PH-10001949,170.0,210.0,3,3,1264
21,2022-10-05,Second Class,Consumer,Office Supplies,Binders,OFF-BI-10002215,20.0,20.0,4,2,2427
22,2023-07-16,Standard Class,Corporate,Office Supplies,Art,OFF-AR-10000246,20.0,20.0,7,4,1173
23,2023-05-06,Standard Class,Corporate,Office Supplies,Appliances,OFF-AP-10001492,50.0,60.0,7,3,1011
24,2023-05-21,Second Class,Consumer,Furniture,Chairs,FUR-CH-10002774,60.0,70.0,2,4,3107
25,2023-02-24,Standard Class,Consumer,Furniture,Tables,FUR-TA-10000577,900.0,1040.0,3,5,3166
26,2022-06-20,Second Class,Consumer,Office Supplies,Binders,OFF-BI-10001634,10.0,10.0,2,5,85
27,2022-02-08,Second Class,Consumer,Technology,Accessories,TEC-AC-10003027,80.0,90.0,3,3,1952
28,2023-12-11,Standard Class,Consumer,Furniture,Bookcases,FUR-BO-10004834,2740.0,3080.0,7,3,4655
29,2022-08-21,Standard Class,Consumer,Office Supplies,Binders,OFF-BI-10000474,10.0,10.0,2,5,193
30,2022-08-14,Standard Class,Consumer,Furniture,Furnishings,FUR-FU-10004848,100.0,120.0,3,4,4668
31,2022-11-20,Standard Class,Consumer,Office Supplies,Envelopes,OFF-EN-10001509,10.0,10.0,2,5,3427
32,2023-01-19,Standard Class,Consumer,Office Supplies,Art,OFF-AR-10004042,70.0,90.0,6,4,4500
33,2023-01-30,Standard Class,Consumer,Office Supplies,Binders,OFF-BI-10001525,10.0,10.0,6,5,3
34,2022-06-03,Standard Class,Consumer,Office Supplies,Art,OFF-AR-10001683,20.0,20.0,2,4,788
35,2022-09-28,Second Class,Home Office,Office Supplies,Paper,OFF-PA-10000249,30.0,30.0,3,3,4221
36,2022-10-30,First Class,Corporate,Technology,Phones,TEC-PH-10004977,1020.0,1100.0,7,5,3745
37,2023-07-27,First Class,Corporate,Furniture,Furnishings,FUR-FU-10003664,180.0,190.0,5,4,1283
38,2023-03-07,Standard Class,Home Office,Office Supplies,Envelopes,OFF-EN-10002986,90.0,110.0,9,2,4826
39,2023-08-18,Standard Class,Home Office,Furniture,Bookcases,FUR-BO-10002545,460.0,530.0,3,2,2259
40,2022-01-20,Standard Class,Home Office,Furniture,Chairs,FUR-CH-10004218,200.0,210.0,3,2,4785
41,2023-06-29,Standard Class,Home Office,Technology,Phones,TEC-PH-10000486,350.0,370.0,4,5,4548
42,2022-06-28,Standard Class,Corporate,Technology,Phones,TEC-PH-10004093,140.0,150.0,4,3,217
43,2023-02-09,Standard Class,Corporate,Office Supplies,Storage,OFF-ST-10003479,70.0,80.0,2,5,111
44,2023-09-18,Standard Class,Corporate,Office Supplies,Storage,OFF-ST-10003282,90.0,100.0,2,4,3003
45,2022-11-11,First Class,Corporate,Technology,Accessories,TEC-AC-10000171,40.0,50.0,2,2,240
46,2022-05-27,First Class,Corporate,Office Supplies,Binders,OFF-BI-10003291,20.0,20.0,2,5,4734
47,2023-02-03,Second Class,Consumer,Office Supplies,Storage,OFF-ST-10001713,180.0,210.0,4,4,1943
48,2022-02-16,Standard Class,Consumer,Technology,Accessories,TEC-AC-10002167,50.0,50.0,3,5,3852
49,2022-05-06,Standard Class,Consumer,Technology,Phones,TEC-PH-10003988,20.0,20.0,2,4,970
50,2023-06-18,Standard Class,Consumer,Office Supplies,Binders,OFF-BI-10004410,30.0,40.0,6,4,1341
51,2022-01-11,Standard Class,Consumer,Office Supplies,Labels,OFF-LA-10002762,70.0,80.0,6,4,273
52,2023-09-09,Standard Class,Consumer,Furniture,Furnishings,FUR-FU-10001706,10.0,10.0,2,4,3115
53,2022-01-31,Standard Class,Consumer,Furniture,Chairs,FUR-CH-10003061,70.0,90.0,1,5,4744
54,2023-07-30,Standard Class,Corporate,Office Supplies,Fasteners,OFF-FA-10000304,20.0,20.0,7,3,1881
55,2023-10-17,Standard Class,Corporate,Technology,Phones,TEC-PH-10002447,850.0,1030.0,5,4,817
56,2023-07-06,First Class,Consumer,Office Supplies,Storage,OFF-ST-10000604,200.0,210.0,6,5,4350
57,2023-09-15,First Class,Consumer,Office Supplies,Paper,OFF-PA-10001569,30.0,30.0,5,5,4274
58,2022-08-09,First Class,Consumer,Furniture,Chairs,FUR-CH-10003968,290.0,320.0,5,2,2025
59,2022-04-05,First Class,Consumer,Office Supplies,Paper,OFF-PA-10000587,10.0,10.0,2,4,3723
60,2023-06-24,First Class,Consumer,Technology,Accessories,TEC-AC-10002167,20.0,30.0,2,5,4935
61,2022-03-10,First Class,Consumer,Office Supplies,Binders,OFF-BI-10001460,40.0,50.0,4,2,2045
62,2023-04-08,First Class,Consumer,Office Supplies,Art,OFF-AR-10001868,10.0,10.0,1,5,2474
63,2023-10-16,Standard Class,Consumer,Technology,Accessories,TEC-AC-10004633,10.0,10.0,2,3,2149
64,2023-08-02,Standard Class,Consumer,Office Supplies,Binders,OFF-BI-10001078,20.0,30.0,6,2,1306
65,2022-11-05,Standard Class,Consumer,Office Supplies,Paper,OFF-PA-10003892,130.0,150.0,3,5,1385
66,2022-05-06,Standard Class,Consumer,Furniture,Furnishings,FUR-FU-10000397,70.0,80.0,4,2,566
67,2022-03-26,Standard Class,Home Office,Furniture,Chairs,FUR-CH-10001146,180.0,210.0,5,5,2106
68,2022-04-10,Standard Class,Corporate,Office Supplies,Art,OFF-AR-10002671,940.0,1110.0,8,3,2465
69,2022-08-12,Standard Class,Corporate,Technology,Phones,TEC-PH-10002726,160.0,170.0,4,3,670
70,2022-02-25,First Class,Consumer,Office Supplies,Paper,OFF-PA-10000482,70.0,80.0,2,2,1444
71,2022-11-29,Standard Class,Consumer,Office Supplies,Binders,OFF-BI-10004654,20.0,20.0,1,3,1773
72,2022-12-18,Second Class,Consumer,Office Supplies,Paper,OFF-PA-10004675,20.0,20.0,3,3,4700
73,2023-03-07,Standard Class,Consumer,Furniture,Chairs,FUR-CH-10000513,790.0,830.0,8,2,3496
74,2023-07-12,Standard Class,Consumer,Furniture,Furnishings,FUR-FU-10003708,90.0,100.0,2,3,373
75,2022-10-21,Standard Class,Consumer,Office Supplies,Storage,OFF-ST-10004123,60.0,70.0,1,2,2178
76,2023-04-17,First Class,Corporate,Office Supplies,Binders,OFF-BI-10004182,10.0,10.0,3,4,1826
77,2023-05-20,First Class,Corporate,Furniture,Furnishings,FUR-FU-10000260,10.0,10.0,3,4,1213
78,2023-05-13,First Class,Corporate,Office Supplies,Storage,OFF-ST-10000615,20.0,30.0,3,2,1223
79,2022-10-20,Second Class,Consumer,Furniture,Furnishings,FUR-FU-10003194,20.0,20.0,5,2,2719
80,2023-10-22,First Class,Corporate,Office Supplies,Appliances,OFF-AP-10002118,190.0,210.0,1,3,3661
81,2022-07-20,First Class,Corporate,Office Supplies,Binders,OFF-BI-10002309,20.0,20.0,3,2,1999
82,2022-11-16,Standard Class,Consumer,Office Supplies,Art,OFF-AR-10002053,10.0,10.0,5,5,2574
83,2022-11-10,Standard Class,Consumer,Office Supplies,Storage,OFF-ST-10002370,20.0,20.0,1,4,36
84,2022-03-15,Standard Class,Corporate,Office Supplies,Envelopes,OFF-EN-10000927,180.0,200.0,7,3,2832
85,2023-10-03,First Class,Home Office,Office Supplies,Storage,OFF-ST-10003656,210.0,230.0,3,2,3276
86,2022-03-20,Second Class,Consumer,Furniture,Chairs,FUR-CH-10000863,260.0,300.0,2,5,4782
87,2023-12-04,Standard Class,Consumer,Technology,Accessories,TEC-AC-10001998,20.0,20.0,1,5,3517
88,2023-11-24,Standard Class,Consumer,Office Supplies,Labels,OFF-LA-10000134,10.0,10.0,2,5,736
89,2023-12-30,Second Class,Home Office,Office Supplies,Storage,OFF-ST-10003442,140.0,160.0,7,5,4361
90,2022-05-23,Standard Class,Corporate,Office Supplies,Art,OFF-AR-10004930,20.0,20.0,3,2,4681
91,2023-04-06,Standard Class,Corporate,Technology,Phones,TEC-PH-10004093,60.0,70.0,2,2,2796
92,2022-03-23,Standard Class,Corporate,Office Supplies,Paper,OFF-PA-10000304,10.0,10.0,1,2,1046
93,2023-04-07,Second Class,Consumer,Office Supplies,Paper,OFF-PA-10003177,10.0,10.0,2,2,2936
94,2022-05-13,Second Class,Consumer,Furniture,Furnishings,FUR-FU-10003799,50.0,50.0,3,5,3806
95,2022-04-23,Second Class,Consumer,Office Supplies,Binders,OFF-BI-10002852,20.0,30.0,2,3,5037
96,2023-12-17,Standard Class,Home Office,Office Supplies,Binders,OFF-BI-10004738,10.0,10.0,1,2,1692
97,2022-04-28,Second Class,Home Office,Furniture,Furnishings,FUR-FU-10000629,80.0,100.0,7,5,5056
98,2023-06-14,First Class,Consumer,Office Supplies,Binders,OFF-BI-10001721,40.0,50.0,3,4,2631
99,2023-02-05,Standard Class,Corporate,Office Supplies,Appliances,OFF-AP-10000358,70.0,80.0,6,3,4672
100,2023-12-30,Standard Class,Home Office,Office Supplies,Paper,OFF-PA-10003256,60.0,60.0,7,3,3644
101,2022-02-24,Standard Class,Home Office,Technology,Accessories,TEC-AC-10001767,80.0,100.0,3,5,1060
102,2022-07-25,Standard Class,Home Office,Office Supplies,Binders,OFF-BI-10002609,10.0,10.0,3,3,1972
103,2022-01-14,Second Class,Consumer,Office Supplies,Paper,OFF-PA-10004040,20.0,20.0,4,4,4693
104,2022-12-22,Standard Class,Consumer,Technology,Accessories,TEC-AC-10001552,220.0,240.0,6,3,2717
105,2022-06-09,Standard Class,Consumer,Furniture,Furnishings,FUR-FU-10004006,90.0,100.0,3,5,3202
106,2023-10-28,Standard Class,Consumer,Office Supplies,Binders,OFF-BI-10002794,30.0,40.0,3,5,181
107,2022-10-18,Standard Class,Consumer,Technology,Accessories,TEC-AC-10003499,60.0,70.0,8,5,5012
108,2022-11-23,Standard Class,Consumer,Technology,Phones,TEC-PH-10002844,30.0,30.0,1,3,3345
109,2023-10-12,Standard Class,Consumer,Office Supplies,Art,OFF-AR-10000390,10.0,10.0,1,3,688
110,2023-03-17,Standard Class,Home Office,Technology,Accessories,TEC-AC-10000844,290.0,340.0,5,2,2865
111,2023-09-05,Standard Class,Corporate,Furniture,Furnishings,FUR-FU-10001934,30.0,40.0,2,2,4729
112,2022-01-28,Standard Class,Consumer,Office Supplies,Art,OFF-AR-10000380,70.0,80.0,2,3,5009
113,2022-12-26,Standard Class,Consumer,Office Supplies,Binders,OFF-BI-10003981,30.0,30.0,6,3,4088
114,2023-06-06,Second Class,Consumer,Office Supplies,Fasteners,OFF-FA-10000621,40.0,40.0,14,2,2604
115,2023-11-08,Second Class,Consumer,Office Supplies,Envelopes,OFF-EN-10002600,10.0,10.0,2,4,552
116,2022-11-15,Second Class,Consumer,Office Supplies,Paper,OFF-PA-10004965,20.0,20.0,3,4,377
117,2022-06-30,Second Class,Consumer,Office Supplies,Envelopes,OFF-EN-10002504,120.0,130.0,6,5,337
118,2023-10-27,Standard Class,Consumer,Furniture,Tables,FUR-TA-10001768,720.0,790.0,3,4,935
119,2023-07-19,Standard Class,Corporate,Office Supplies,Binders,OFF-BI-10003650,140.0,160.0,1,5,1356
120,2023-03-30,First Class,Consumer,Furniture,Furnishings,FUR-FU-10002157,50.0,50.0,3,3,1128
121,2022-03-03,First Class,Consumer,Office Supplies,Binders,OFF-BI-10003910,20.0,30.0,4,2,1250
122,2022-10-20,First Class,Consumer,Office Supplies,Storage,OFF-ST-10000777,190.0,230.0,6,2,2299
123,2023-01-23,First Class,Consumer,Office Supplies,Envelopes,OFF-EN-10002500,110.0,120.0,9,4,2331
124,2023-01-21,First Class,Consumer,Technology,Phones,TEC-PH-10003875,60.0,70.0,7,2,4601
125,2023-07-18,Second Class,Home Office,Furniture,Chairs,FUR-CH-10004063,550.0,600.0,3,3,4244
126,2023-07-15,Standard Class,Consumer,Furniture,Tables,FUR-TA-10004534,540.0,620.0,6,4,3410
127,2022-07-14,Standard Class,Consumer,Office Supplies,Binders,OFF-BI-10003274,20.0,20.0,2,4,3430
128,2023-03-30,Standard Class,Consumer,Office Supplies,Storage,OFF-ST-10002974,200.0,240.0,7,4,2572
129,2023-09-18,Second Class,Home Office,Furniture,Chairs,FUR-CH-10001146,70.0,80.0,2,2,3626
130,2022-01-03,Second Class,Home Office,Furniture,Furnishings,FUR-FU-10003773,220.0,240.0,3,4,3247
131,2022-07-17,First Class,Corporate,Technology,Phones,TEC-PH-10002293,50.0,60.0,5,3,1180
132,2022-03-30,First Class,Corporate,Office Supplies,Paper,OFF-PA-10002377,80.0,80.0,2,4,1346
133,2022-05-01,First Class,Corporate,Office Supplies,Fasteners,OFF-FA-10002780,20.0,20.0,9,5,1943
134,2023-04-29,Standard Class,Consumer,Office Supplies,Paper,OFF-PA-10001804,20.0,20.0,3,4,566
135,2022-10-28,Standard Class,Consumer,Office Supplies,Paper,OFF-PA-10001736,30.0,40.0,1,5,1906
136,2022-03-05,Standard Class,Consumer,Office Supplies,Art,OFF-AR-10001149,10.0,10.0,4,5,1208
137,2022-03-28,Standard Class,Consumer,Office Supplies,Fasteners,OFF-FA-10002988,10.0,10.0,2,5,1317
138,2023-10-16,Standard Class,Consumer,Office Supplies,Binders,OFF-BI-10004781,70.0,80.0,3,2,630
139,2022-05-15,Standard Class,Consumer,Office Supplies,Supplies,OFF-SU-10001218,60.0,70.0,6,5,381
140,2023-06-06,Standard Class,Consumer,Furniture,Furnishings,FUR-FU-10001706,40.0,40.0,14,2,3575
141,2022-06-10,Second Class,Corporate,Furniture,Furnishings,FUR-FU-10004848,60.0,80.0,2,2,3741
142,2022-07-22,Standard Class,Corporate,Office Supplies,Art,OFF-AR-10000940,10.0,10.0,3,3,726
143,2023-12-27,Standard Class,Corporate,Office Supplies,Envelopes,OFF-EN-10004030,10.0,10.0,3,2,860
144,2023-11-29,Standard Class,Corporate,Office Supplies,Paper,OFF-PA-10004327,130.0,140.0,3,5,4275
145,2022-03-19,Standard Class,Consumer,Office Supplies,Appliances,OFF-AP-10001058,780.0,840.0,3,2,2258
146,2023-06-04,Standard Class,Consumer,Office Supplies,Storage,OFF-ST-10003656,600.0,670.0,7,3,2068
147,2023-05-31,Standard Class,Home Office,Furniture,Furnishings,FUR-FU-10000521,80.0,90.0,4,4,2930
148,2022-06-12,Standard Class,Corporate,Technology,Phones,TEC-PH-10000215,350.0,380.0,11,4,169
149,2022-05-18,Standard Class,Corporate,Technology,Phones,TEC-PH-10001448,140.0,150.0,3,5,3184
150,2022-01-23,Standard Class,Corporate,Furniture,Chairs,FUR-CH-10000454,1580.0,1950.0,8,3,967
151,2023-08-21,Standard Class,Corporate,Office Supplies,Binders,OFF-BI-10002735,150.0,170.0,5,4,4696
152,2023-08-31,First Class,Home Office,Office Supplies,Appliances,OFF-AP-10000326,140.0,160.0,5,5,5
153,2022-10-25,First Class,Home Office,Technology,Phones,TEC-PH-10001254,160.0,200.0,2,2,736
154,2022-10-07,First Class,Corporate,Office Supplies,Paper,OFF-PA-10001950,50.0,60.0,7,4,2338
155,2023-03-25,First Class,Corporate,Office Supplies,Paper,OFF-PA-10002254,100.0,110.0,4,4,1694
156,2023-03-27,First Class,Corporate,Office Supplies,Storage,OFF-ST-10001590,60.0,80.0,6,4,871
157,2022-05-03,Standard Class,Home Office,Office Supplies,Art,OFF-AR-10001547,10.0,10.0,3,3,617
158,2022-05-18,Second Class,Consumer,Furniture,Chairs,FUR-CH-10004063,380.0,460.0,2,2,3898
159,2022-04-25,Standard Class,Consumer,Office Supplies,Labels,OFF-LA-10002475,10.0,10.0,2,3,698
160,2022-06-30,Standard Class,Consumer,Technology,Phones,TEC-PH-10004536,870.0,940.0,7,5,2974
161,2022-01-10,First Class,Consumer,Office Supplies,Paper,OFF-PA-10002751,10.0,10.0,1,4,2318
162,2023-11-27,Second Class,Consumer,Technology,Accessories,TEC-AC-10003657,40.0,50.0,2,5,207
163,2022-02-16,Standard Class,Consumer,Office Supplies,Envelopes,OFF-EN-10001990,30.0,30.0,5,4,4733
164,2022-08-14,Standard Class,Consumer,Office Supplies,Binders,OFF-BI-10004002,20.0,30.0,2,3,4744
165,2023-10-14,Standard Class,Consumer,Office Supplies,Art,OFF-AR-10004441,10.0,10.0,3,5,3000
166,2022-10-16,Standard Class,Consumer,Technology,Machines,TEC-MA-10000822,6850.0,8160.0,8,4,3459
167,2022-11-20,Standard Class,Consumer,Office Supplies,Storage,OFF-ST-10000991,250.0,280.0,3,4,3414
168,2023-11-04,Standard Class,Consumer,Furniture,Chairs,FUR-CH-10004287,1620.0,1740.0,9,4,1556
169,2023-06-16,Standard Class,Consumer,Office Supplies,Art,OFF-AR-10002656,30.0,30.0,6,4,3876
170,2022-10-20,Standard Class,Consumer,Office Supplies,Appliances,OFF-AP-10002518,150.0,180.0,5,2,1604
171,2022-07-12,Standard Class,Consumer,Technology,Phones,TEC-PH-10003931,120.0,140.0,3,5,1292
172,2022-01-28,Standard Class,Consumer,Office Supplies,Paper,OFF-PA-10000659,20.0,20.0,3,2,569
173,2023-10-10,Standard Class,Consumer,Office Supplies,Paper,OFF-PA-10001144,100.0,110.0,2,4,3069
174,2022-10-05,Standard Class,Consumer,Furniture,Chairs,FUR-CH-10003817,290.0,340.0,7,2,5004
175,2023-01-02,Standard Class,Corporate,Office Supplies,Appliances,OFF-AP-10000891,50.0,50.0,2,4,785
176,2023-04-07,Standard Class,Corporate,Office Supplies,Labels,OFF-LA-10003148,20.0,20.0,4,5,1771
177,2022-04-21,Second Class,Consumer,Office Supplies,Appliances,OFF-AP-10002684,90.0,100.0,4,2,1842
178,2023-10-28,Second Class,Consumer,Furniture,Chairs,FUR-CH-10004698,370.0,400.0,7,5,283
179,2022-04-18,Second Class,Consumer,Office Supplies,Supplies,OFF-SU-10002189,20.0,20.0,5,3,799
180,2022-03-08,Standard Class,Home Office,Office Supplies,Art,OFF-AR-10001940,10.0,10.0,1,5,1415
181,2023-06-08,Second Class,Corporate,Office Supplies,Storage,OFF-ST-10003455,20.0,20.0,2,5,4812
182,2022-06-25,Second Class,Corporate,Technology,Accessories,TEC-AC-10004659,380.0,410.0,7,3,4327
183,2022-01-10,Second Class,Home Office,Technology,Phones,TEC-PH-10003273,470.0,500.0,4,5,3462
184,2023-10-17,Second Class,Home Office,Technology,Phones,TEC-PH-10004896,140.0,150.0,5,2,546
185,2023-02-23,Second Class,Home Office,Technology,Accessories,TEC-AC-10002345,30.0,30.0,2,5,1848
186,2022-10-19,Standard Class,Consumer,Office Supplies,Binders,OFF-BI-10001890,10.0,10.0,2,2,4919
187,2022-08-22,Standard Class,Home Office,Technology,Accessories,TEC-AC-10002323,160.0,180.0,8,3,4759
188,2023-10-11,Standard Class,Corporate,Office Supplies,Storage,OFF-ST-10001328,40.0,40.0,3,4,37
189,2022-12-06,Standard Class,Corporate,Office Supplies,Paper,OFF-PA-10001950,20.0,20.0,3,3,861
190,2023-12-09,First Class,Home Office,Furniture,Bookcases,FUR-BO-10002613,820.0,900.0,4,3,3296
191,2022-07-12,First Class,Home Office,Technology,Phones,TEC-PH-10001552,60.0,70.0,6,4,654
192,2022-06-23,First Class,Home Office,Office Supplies,Paper,OFF-PA-10000061,50.0,50.0,8,5,3280
193,2023-11-04,First Class,Home Office,Furniture,Bookcases,FUR-BO-10002545,520.0,630.0,3,2,2001
194,2022-11-11,First Class,Home Office,Office Supplies,Art,OFF-AR-10003514,20.0,20.0,5,3,1528
195,2023-01-07,Standard Class,Corporate,Office Supplies,Envelopes,OFF-EN-10001509,10.0,10.0,7,2,3100
196,2022-10-26,Standard Class,Consumer,Office Supplies,Art,OFF-AR-10004685,10.0,10.0,2,5,2305
197,2023-11-03,Standard Class,Consumer,Office Supplies,Art,OFF-AR-10004027,10.0,10.0,3,2,4632
198,2023-03-05,Standard Class,Home Office,Office Supplies,Storage,OFF-ST-10001414,40.0,50.0,3,5,3215
199,2022-12-21,Standard Class,Corporate,Office Supplies,Binders,OFF-BI-10000343,10.0,10.0,2,5,1932
200,2022-06-16,Standard Class,Corporate,Office Supplies,Paper,OFF-PA-10002749,20.0,20.0,3,2,1242
201,2022-12-11,Standard Class,Consumer,Office Supplies,Paper,OFF-PA-10002666,20.0,20.0,3,5,2988
202,2022-07-13,First Class,Consumer,Furniture,Tables,FUR-TA-10004289,200.0,220.0,2,3,2004
203,2022-12-31,First Class,Consumer,Office Supplies,Appliances,OFF-AP-10003622,20.0,20.0,1,5,2009
204,2022-03-12,Second Class,Consumer,Office Supplies,Appliances,OFF-AP-10003217,60.0,70.0,2,2,647
205,2023-10-14,Standard Class,Corporate,Furniture,Furnishings,FUR-FU-10002960,40.0,40.0,7,3,3716
206,2023-07-10,Standard Class,Consumer,Technology,Phones,TEC-PH-10001918,370.0,440.0,4,3,339
207,2023-12-01,Standard Class,Consumer,Office Supplies,Storage,OFF-ST-10000642,70.0,80.0,4,4,2231
208,2023-08-08,Standard Class,Consumer,Technology,Phones,TEC-PH-10001700,120.0,130.0,2,3,4638
209,2022-08-19,Standard Class,Consumer,Office Supplies,Binders,OFF-BI-10003274,20.0,20.0,4,3,2055
210,2023-12-30,Standard Class,Consumer,Office Supplies,Fasteners,OFF-FA-10000134,50.0,50.0,9,2,925
211,2022-07-17,Standard Class,Consumer,Office Supplies,Storage,OFF-ST-10001522,80.0,90.0,1,5,3717
212,2023-10-07,Second Class,Corporate,Technology,Accessories,TEC-AC-10001266,20.0,20.0,2,4,4214
213,2023-04-22,Standard Class,Corporate,Office Supplies,Labels,OFF-LA-10004544,20.0,20.0,2,4,44
214,2023-04-22,Standard Class,Corporate,Furniture,Bookcases,FUR-BO-10004695,390.0,450.0,5,5,3496
215,2023-11-20,Standard Class,Corporate,Technology,Phones,TEC-PH-10002844,50.0,60.0,3,3,4780
216,2023-03-31,Standard Class,Corporate,Technology,Machines,TEC-MA-10000864,1040.0,1190.0,9,4,1392
217,2022-08-29,Standard Class,Corporate,Technology,Accessories,TEC-AC-10000109,80.0,90.0,2,5,2037
218,2022-05-06,Standard Class,Consumer,Office Supplies,Storage,OFF-ST-10001328,80.0,90.0,6,3,605
219,2023-08-10,Standard Class,Consumer,Technology,Phones,TEC-PH-10002563,250.0,300.0,3,4,5022
220,2023-04-24,First Class,Consumer,Office Supplies,Fasteners,OFF-FA-10000585,10.0,10.0,2,2,126
221,2022-03-24,First Class,Consumer,Office Supplies,Paper,OFF-PA-10004000,20.0,20.0,6,4,4370
222,2023-03-26,First Class,Consumer,Office Supplies,Binders,OFF-BI-10002852,20.0,20.0,4,3,3506
223,2022-04-18,First Class,Consumer,Furniture,Furnishings,FUR-FU-10000087,60.0,70.0,4,3,578
224,2023-03-17,First Class,Consumer,Technology,Machines,TEC-MA-10001148,410.0,480.0,4,4,84
225,2023-11-19,First Class,Consumer,Office Supplies,Art,OFF-AR-10001958,30.0,30.0,2,4,3828
226,2023-11-18,Standard Class,Corporate,Office Supplies,Art,OFF-AR-10001026,15.0,15.0,1,2,2674
227,2023-04-22,Standard Class,Corporate,Furniture,Tables,FUR-TA-10003748,510.0,620.0,5,2,4313
228,2022-04-22,Standard Class,Corporate,Office Supplies,Storage,OFF-ST-10002485,20.0,20.0,1,3,2310
229,2022-02-17,Standard Class,Consumer,Furniture,Chairs,FUR-CH-10004860,130.0,160.0,2,2,1470
230,2023-10-02,Standard Class,Consumer,Furniture,Chairs,FUR-CH-10004477,360.0,390.0,8,2,1607
231,2023-07-21,Standard Class,Corporate,Office Supplies,Binders,OFF-BI-10001679,20.0,20.0,7,5,4101
232,2023-01-18,Standard Class,Home Office,Furniture,Tables,FUR-TA-10001705,210.0,230.0,2,4,3776
233,2023-10-19,Standard Class,Home Office,Furniture,Tables,FUR-TA-10003473,510.0,620.0,3,4,4808
234,2023-09-13,Standard Class,Home Office,Office Supplies,Binders,OFF-BI-10001679,10.0,10.0,2,2,2951
235,2023-11-10,Standard Class,Home Office,Furniture,Furnishings,FUR-FU-10004017,250.0,260.0,3,5,2030
236,2023-11-26,Standard Class,Home Office,Technology,Accessories,TEC-AC-10003832,500.0,620.0,3,4,4335
237,2022-01-02,Standard Class,Corporate,Office Supplies,Paper,OFF-PA-10002479,10.0,10.0,2,4,5082
238,2022-01-19,Second Class,Consumer,Office Supplies,Paper,OFF-PA-10003349,30.0,30.0,5,4,360
239,2023-12-13,Second Class,Consumer,Furniture,Furnishings,FUR-FU-10000576,340.0,420.0,5,2,4413
240,2023-01-20,Second Class,Consumer,Furniture,Furnishings,FUR-FU-10004351,10.0,10.0,3,2,4057
241,2023-04-25,Second Class,Consumer,Technology,Phones,TEC-PH-10000011,30.0,30.0,2,3,758
242,2023-05-27,Second Class,Consumer,Furniture,Tables,FUR-TA-10002607,150.0,180.0,5,3,2371
243,2022-11-08,Second Class,Consumer,Furniture,Furnishings,FUR-FU-10002505,10.0,10.0,3,4,431
244,2022-01-08,Second Class,Consumer,Office Supplies,Art,OFF-AR-10004685,10.0,10.0,2,3,2241
245,2022-04-20,Second Class,Home Office,Furniture,Chairs,FUR-CH-10004063,1620.0,2000.0,7,2,154
246,2022-11-09,Second Class,Home Office,Office Supplies,Storage,OFF-ST-10002276,150.0,170.0,2,4,590
247,2023-04-29,Second Class,Home Office,Office Supplies,Paper,OFF-PA-10004082,40.0,50.0,6,5,4018
248,2023-04-28,Second Class,Home Office,Office Supplies,Appliances,OFF-AP-10002945,1380.0,1500.0,5,5,4339
249,2022-09-26,Second Class,Home Office,Office Supplies,Paper,OFF-PA-10000061,20.0,30.0,4,3,3030
250,2023-08-18,Second Class,Consumer,Furniture,Chairs,FUR-CH-10002965,300.0,320.0,2,5,3471
251,2023-09-19,Standard Class,Consumer,Office Supplies,Paper,OFF-PA-10004569,10.0,10.0,1,3,2050
252,2022-05-28,Standard Class,Consumer,Technology,Accessories,TEC-AC-10003832,3050.0,3350.0,13,4,688
253,2022-04-03,First Class,Consumer,Office Supplies,Storage,OFF-ST-10001228,70.0,80.0,6,5,3543
254,2022-04-18,First Class,Consumer,Office Supplies,Envelopes,OFF-EN-10003296,330.0,360.0,4,4,2465
255,2022-12-25,Standard Class,Corporate,Furniture,Furnishings,FUR-FU-10002505,10.0,10.0,9,2,2049
256,2022-11-26,Standard Class,Corporate,Office Supplies,Storage,OFF-ST-10004804,70.0,80.0,2,2,3843
257,2022-04-25,Standard Class,Corporate,Office Supplies,Storage,OFF-ST-10001590,40.0,50.0,5,2,4722
258,2023-04-08,Standard Class,Corporate,Technology,Phones,TEC-PH-10001580,590.0,650.0,6,4,799
259,2022-02-10,Second Class,Consumer,Technology,Accessories,TEC-AC-10000290,20.0,20.0,3,5,555
260,2022-10-20,Second Class,Consumer,Office Supplies,Storage,OFF-ST-10002790,180.0,220.0,3,4,5056
261,2022-06-11,Second Class,Consumer,Office Supplies,Binders,OFF-BI-10003460,20.0,20.0,5,5,2281
262,2023-08-29,Standard Class,Corporate,Office Supplies,Appliances,OFF-AP-10002203,,,2,2,294
263,2022-12-26,Second Class,Corporate,Technology,Machines,TEC-MA-10000822,2690.0,3060.0,3,3,2244
264,2022-06-14,Second Class,Corporate,Technology,Machines,TEC-MA-10003353,2170.0,2520.0,7,3,750
265,2023-06-20,Standard Class,Consumer,Technology,Phones,TEC-PH-10001433,300.0,330.0,4,3,158
266,2022-11-17,Standard Class,Consumer,Technology,Accessories,TEC-AC-10004469,70.0,80.0,2,4,1282
267,2023-10-25,Standard Class,Corporate,Office Supplies,Art,OFF-AR-10003602,10.0,10.0,3,5,962
268,2022-05-19,Standard Class,Consumer,Office Supplies,Fasteners,OFF-FA-10003472,10.0,10.0,6,2,1159
269,2022-08-10,Standard Class,Corporate,Office Supplies,Storage,OFF-ST-10004180,30.0,40.0,1,3,761
270,2023-12-17,Standard Class,Corporate,Office Supplies,Envelopes,OFF-EN-10004386,50.0,60.0,3,3,5086
271,2022-01-24,Second Class,Corporate,Office Supplies,Storage,OFF-ST-10003208,590.0,730.0,4,2,1040
272,2022-09-16,First Class,Consumer,Technology,Accessories,TEC-AC-10003628,200.0,210.0,7,5,3127
273,2022-11-29,First Class,Consumer,Furniture,Furnishings,FUR-FU-10003274,10.0,10.0,3,4,2274
274,2022-10-31,First Class,Consumer,Office Supplies,Binders,OFF-BI-10002557,10.0,10.0,3,4,3262
275,2023-02-05,First Class,Corporate,Office Supplies,Paper,OFF-PA-10002615,10.0,10.0,2,3,5022
276,2023-04-04,First Class,Corporate,Office Supplies,Art,OFF-AR-10001427,10.0,10.0,1,2,4913
277,2023-10-20,Standard Class,Corporate,Office Supplies,Paper,OFF-PA-10000673,10.0,10.0,2,4,1245
278,2022-05-21,Standard Class,Corporate,Office Supplies,Paper,OFF-PA-10004470,20.0,20.0,4,2,742
279,2022-03-10,Standard Class,Corporate,Office Supplies,Storage,OFF-ST-10000876,50.0,60.0,6,2,1650
280,2022-05-17,Standard Class,Corporate,Office Supplies,Labels,OFF-LA-10002043,20.0,20.0,3,5,3022
281,2022-10-06,Second Class,Consumer,Office Supplies,Binders,OFF-BI-10004967,10.0,10.0,5,3,3617
282,2023-05-06,Second Class,Consumer,Technology,Phones,TEC-PH-10001760,1050.0,1110.0,7,3,838
283,2023-10-05,Standard Class,Consumer,Furniture,Tables,FUR-TA-10002903,950.0,1040.0,5,5,1635
284,2022-07-28,Standard Class,Consumer,Office Supplies,Paper,OFF-PA-10000474,130.0,140.0,5,5,1467
285,2022-12-11,Standard Class,Consumer,Technology,Accessories,TEC-AC-10001956,210.0,240.0,5,5,624
286,2022-08-01,Standard Class,Consumer,Office Supplies,Paper,OFF-PA-10004100,30.0,30.0,6,5,4993
287,2022-01-20,Second Class,Corporate,Office Supplies,Binders,OFF-BI-10000778,230.0,250.0,7,3,3104
288,2023-06-05,Second Class,Corporate,Office Supplies,Appliances,OFF-AP-10002684,150.0,190.0,2,2,2745
289,2023-04-01,Second Class,Corporate,Office Supplies,Supplies,OFF-SU-10000646,810.0,960.0,5,5,4327
290,2022-01-23,Second Class,Home Office,Office Supplies,Fasteners,OFF-FA-10002983,20.0,20.0,7,5,2325
291,2023-10-12,Second Class,Home Office,Office Supplies,Labels,OFF-LA-10004689,20.0,20.0,8,3,2879
292,2023-06-22,Second Class,Home Office,Technology,Accessories,TEC-AC-10002001,220.0,260.0,2,2,4609
293,2023-07-12,Second Class,Home Office,Furniture,Bookcases,FUR-BO-10004709,80.0,90.0,3,4,4053
294,2023-06-20,First Class,Corporate,Furniture,Furnishings,FUR-FU-10004091,280.0,300.0,8,5,578
295,2023-05-30,First Class,Corporate,Furniture,Chairs,FUR-CH-10001891,190.0,230.0,3,2,2618
296,2023-08-05,First Class,Corporate,Furniture,Furnishings,FUR-FU-10002918,180.0,220.0,3,2,3589
297,2023-11-17,First Class,Corporate,Office Supplies,Binders,OFF-BI-10004593,70.0,80.0,5,5,4552
298,2023-08-04,First Class,Corporate,Office Supplies,Fasteners,OFF-FA-10004854,30.0,30.0,3,3,2503
299,2022-09-25,Standard Class,Corporate,Office Supplies,Paper,OFF-PA-10002105,20.0,30.0,5,2,1474
300,2022-09-24,Standard Class,Corporate,Office Supplies,Storage,OFF-ST-10002756,930.0,1080.0,8,2,2288
301,2022-03-12,Standard Class,Corporate,Office Supplies,Paper,OFF-PA-10004243,50.0,60.0,3,5,1673
302,2022-10-31,Standard Class,Corporate,Furniture,Furnishings,FUR-FU-10001861,70.0,80.0,4,4,3724
303,2022-06-29,Standard Class,Corporate,Office Supplies,Binders,OFF-BI-10002706,10.0,10.0,1,4,1510
304,2023-09-12,Standard Class,Consumer,Furniture,Tables,FUR-TA-10002533,180.0,220.0,3,4,2225
305,2022-01-08,Second Class,Corporate,Furniture,Furnishings,FUR-FU-10002671,20.0,30.0,2,2,1585
306,2023-09-01,Standard Class,Corporate,Office Supplies,Art,OFF-AR-10003651,10.0,10.0,3,4,658
307,2023-10-12,Standard Class,Home Office,Office Supplies,Binders,OFF-BI-10001072,50.0,50.0,3,5,3695
308,2023-08-15,Standard Class,Home Office,Office Supplies,Art,OFF-AR-10002135,250.0,290.0,6,4,915
309,2022-05-05,First Class,Consumer,Office Supplies,Art,OFF-AR-10002804,10.0,10.0,1,3,2420
310,2023-08-06,Second Class,Corporate,Furniture,Furnishings,FUR-FU-10001918,20.0,20.0,4,5,2115
311,2022-09-08,Second Class,Corporate,Furniture,Chairs,FUR-CH-10004086,400.0,470.0,2,4,2713
312,2022-05-30,Second Class,Corporate,Furniture,Furnishings,FUR-FU-10001756,20.0,20.0,1,4,273
313,2023-01-13,Second Class,Corporate,Office Supplies,Labels,OFF-LA-10000634,10.0,10.0,3,3,1675
314,2023-09-15,Standard Class,Corporate,Furniture,Furnishings,FUR-FU-10001588,80.0,90.0,3,2,4183
315,2022-05-12,Standard Class,Corporate,Technology,Phones,TEC-PH-10002398,160.0,180.0,2,5,1203
316,2022-03-10,Standard Class,Corporate,Office Supplies,Paper,OFF-PA-10001937,20.0,20.0,3,5,1285
317,2023-06-16,First Class,Corporate,Office Supplies,Art,OFF-AR-10003373,90.0,100.0,4,2,2987
318,2022-03-13,Standard Class,Home Office,Furniture,Chairs,FUR-CH-10002602,120.0,140.0,1,2,2725
319,2022-01-28,Standard Class,Home Office,Technology,Machines,TEC-MA-10002927,3670.0,3990.0,2,2,2334
320,2023-12-09,Standard Class,Home Office,Technology,Phones,TEC-PH-10004093,230.0,280.0,6,3,389
321,2023-07-12,Standard Class,Home Office,Technology,Accessories,TEC-AC-10000892,300.0,360.0,4,3,1083
322,2022-05-28,Standard Class,Home Office,Office Supplies,Storage,OFF-ST-10002974,40.0,40.0,1,2,2226
323,2023-01-02,Standard Class,Corporate,Office Supplies,Fasteners,OFF-FA-10000624,10.0,10.0,2,5,1923
324,2022-07-14,Standard Class,Corporate,Office Supplies,Binders,OFF-BI-10004593,220.0,250.0,6,5,4209
325,2023-12-09,Standard Class,Corporate,Technology,Accessories,TEC-AC-10001908,80.0,100.0,1,3,3476
326,2022-12-07,Second Class,Corporate,Furniture,Furnishings,FUR-FU-10001967,20.0,20.0,1,4,3029
327,2023-06-11,First Class,Consumer,Technology,Phones,TEC-PH-10003645,270.0,290.0,3,3,2315
328,2023-10-01,First Class,Consumer,Office Supplies,Storage,OFF-ST-10000675,40.0,50.0,2,5,650
329,2023-04-07,First Class,Consumer,Furniture,Chairs,FUR-CH-10003312,740.0,790.0,4,3,3363
330,2023-10-03,First Class,Consumer,Office Supplies,Labels,OFF-LA-10001074,90.0,100.0,10,2,107
331,2022-03-30,First Class,Consumer,Office Supplies,Binders,OFF-BI-10001524,30.0,40.0,6,3,4279
332,2022-04-11,Second Class,Consumer,Technology,Phones,TEC-PH-10004614,70.0,80.0,2,3,4976
333,2022-03-21,Second Class,Consumer,Office Supplies,Binders,OFF-BI-10001153,20.0,20.0,2,2,4650
334,2022-05-04,Second Class,Consumer,Office Supplies,Binders,OFF-BI-10001982,10.0,10.0,3,3,4405
335,2023-07-08,Second Class,Consumer,Office Supplies,Binders,OFF-BI-10001922,40.0,50.0,1,3,595
336,2022-08-30,Second Class,Consumer,Technology,Copiers,TEC-CO-10001449,770.0,960.0,2,2,4143
337,2022-09-07,Second Class,Consumer,Office Supplies,Binders,OFF-BI-10004140,10.0,10.0,4,2,1634
338,2023-06-07,Standard Class,Corporate,Office Supplies,Binders,OFF-BI-10003314,10.0,10.0,2,5,5091
339,2023-08-02,Standard Class,Corporate,Furniture,Tables,FUR-TA-10004575,570.0,700.0,3,4,3835
340,2022-07-09,Second Class,Consumer,Office Supplies,Fasteners,OFF-FA-10000490,,,4,2,4240
341,2023-11-10,Second Class,Corporate,Office Supplies,Art,OFF-AR-10000122,20.0,20.0,4,2,843
342,2022-01-12,Second Class,Corporate,Office Supplies,Binders,OFF-BI-10003656,450.0,510.0,10,4,898
343,2022-07-01,Second Class,Corporate,Office Supplies,Fasteners,OFF-FA-10002780,20.0,30.0,13,4,999
344,2023-07-13,Second Class,Corporate,Technology,Phones,TEC-PH-10000702,60.0,70.0,12,4,4635
345,2023-04-21,Standard Class,Consumer,Office Supplies,Storage,OFF-ST-10000107,80.0,90.0,4,3,1077
346,2022-09-18,Standard Class,Consumer,Technology,Phones,TEC-PH-10002293,50.0,50.0,3,2,2592
347,2022-05-09,Standard Class,Consumer,Office Supplies,Art,OFF-AR-10004027,10.0,10.0,3,4,1639
348,2022-05-07,Standard Class,Consumer,Office Supplies,Paper,OFF-PA-10000249,20.0,20.0,2,5,4219
349,2023-10-25,Standard Class,Consumer,Office Supplies,Art,OFF-AR-10001374,10.0,10.0,2,2,3708
350,2023-02-01,First Class,Home Office,Technology,Accessories,TEC-AC-10000290,10.0,10.0,1,5,524
351,2023-02-04,First Class,Home Office,Office Supplies,Paper,OFF-PA-10001970,20.0,20.0,2,5,2020
352,2022-02-14,First Class,Home Office,Office Supplies,Binders,OFF-BI-10002160,10.0,10.0,1,3,4385
353,2023-09-08,First Class,Home Office,Office Supplies,Paper,OFF-PA-10001970,50.0,50.0,4,3,4127
354,2023-10-29,First Class,Home Office,Office Supplies,Binders,OFF-BI-10004995,4140.0,4360.0,4,4,589
355,2022-02-20,Standard Class,Consumer,Furniture,Bookcases,FUR-BO-10002268,350.0,390.0,6,5,814
356,2023-07-30,Standard Class,Consumer,Office Supplies,Envelopes,OFF-EN-10001137,10.0,10.0,2,5,2929
357,2023-05-01,Standard Class,Consumer,Office Supplies,Art,OFF-AR-10002399,20.0,20.0,4,3,1885
358,2023-01-26,Standard Class,Consumer,Office Supplies,Paper,OFF-PA-10002713,30.0,30.0,5,2,2289
359,2023-11-05,Standard Class,Corporate,Office Supplies,Paper,OFF-PA-10002666,30.0,40.0,5,4,285
360,2022-08-22,First Class,Corporate,Office Supplies,Appliances,OFF-AP-10001124,600.0,650.0,8,3,5008
361,2022-12-07,First Class,Corporate,Office Supplies,Labels,OFF-LA-10001158,20.0,20.0,2,4,1547
362,2022-10-31,Standard Class,Consumer,Office Supplies,Labels,OFF-LA-10001158,20.0,20.0,2,2,1633
363,2023-01-25,Standard Class,Consumer,Furniture,Chairs,FUR-CH-10000785,460.0,490.0,3,4,2431
364,2023-09-20,Standard Class,Consumer,Office Supplies,Art,OFF-AR-10003732,10.0,10.0,2,2,962
365,2022-10-14,Standard Class,Consumer,Furniture,Furnishings,FUR-FU-10000023,40.0,50.0,8,4,84
366,2022-08-15,Standard Class,Consumer,Office Supplies,Storage,OFF-ST-10001713,200.0,210.0,4,5,2073
367,2023-05-31,Same Day,Corporate,Office Supplies,Binders,OFF-BI-10002412,20.0,20.0,4,3,1432
368,2022-07-15,Same Day,Corporate,Office Supplies,Supplies,OFF-SU-10001225,10.0,10.0,2,3,2514
369,2023-01-30,Same Day,Corporate,Office Supplies,Storage,OFF-ST-10002406,90.0,100.0,7,3,854
370,2022-10-29,Same Day,Corporate,Furniture,Bookcases,FUR-BO-10002545,900.0,1040.0,4,5,2305
371,2022-09-23,Standard Class,Consumer,Office Supplies,Paper,OFF-PA-10002036,30.0,30.0,5,5,2314
372,2022-04-28,Standard Class,Consumer,Office Supplies,Storage,OFF-ST-10002205,40.0,50.0,3,3,3371
373,2022-09-27,Standard Class,Consumer,Office Supplies,Binders,OFF-BI-10001982,10.0,10.0,5,3,4573
374,2022-03-02,Standard Class,Consumer,Technology,Accessories,TEC-AC-10003911,870.0,1020.0,8,2,4264
375,2022-11-17,Standard Class,Consumer,Office Supplies,Art,OFF-AR-10000658,10.0,10.0,1,2,2848
376,2023-05-16,Standard Class,Consumer,Technology,Accessories,TEC-AC-10002076,410.0,480.0,10,4,4356
377,2022-11-05,First Class,Corporate,Office Supplies,Paper,OFF-PA-10003039,80.0,100.0,4,3,225
378,2023-02-25,Standard Class,Corporate,Furniture,Tables,FUR-TA-10004915,1300.0,1490.0,7,2,2243
379,2023-05-17,Standard Class,Consumer,Office Supplies,Appliances,OFF-AP-10000696,10.0,10.0,3,5,1793
380,2023-12-19,Standard Class,Consumer,Office Supplies,Storage,OFF-ST-10003327,20.0,20.0,3,3,2026
381,2023-09-05,Standard Class,Consumer,Office Supplies,Binders,OFF-BI-10000309,10.0,10.0,4,3,1320
382,2023-05-20,First Class,Corporate,Office Supplies,Paper,OFF-PA-10004734,40.0,50.0,7,5,2028
383,2023-04-22,First Class,Corporate,Office Supplies,Binders,OFF-BI-10002225,50.0,50.0,3,5,4115
384,2023-03-21,Second Class,Corporate,Technology,Accessories,TEC-AC-10004708,40.0,40.0,2,2,1380
385,2023-02-08,Standard Class,Consumer,Furniture,Tables,FUR-TA-10000617,330.0,380.0,3,4,1721
386,2023-01-27,Standard Class,Consumer,Technology,Accessories,TEC-AC-10002335,70.0,80.0,3,3,3326
387,2023-10-07,Standard Class,Corporate,Technology,Machines,TEC-MA-10001681,400.0,480.0,4,2,852
388,2023-03-04,Standard Class,Corporate,Furniture,Furnishings,FUR-FU-10001935,15.0,15.0,1,5,984
389,2023-08-26,First Class,Consumer,Office Supplies,Art,OFF-AR-10004757,10.0,10.0,1,2,519
390,2023-03-25,Standard Class,Consumer,Office Supplies,Binders,OFF-BI-10000050,20.0,20.0,4,2,4411
391,2023-03-14,Standard Class,Consumer,Technology,Accessories,TEC-AC-10001998,40.0,40.0,2,5,4158
392,2022-05-27,Second Class,Consumer,Technology,Phones,TEC-PH-10003012,230.0,250.0,2,4,4597
393,2022-12-19,Second Class,Consumer,Technology,Copiers,TEC-CO-10002313,1600.0,1800.0,3,2,2104
394,2022-11-03,Second Class,Corporate,Office Supplies,Binders,OFF-BI-10003982,10.0,10.0,3,2,2186
395,2022-06-26,Standard Class,Home Office,Office Supplies,Binders,OFF-BI-10004492,60.0,80.0,3,3,4243
396,2022-08-23,Second Class,Corporate,Office Supplies,Storage,OFF-ST-10000798,40.0,50.0,2,3,5010
397,2023-09-23,Second Class,Corporate,Office Supplies,Paper,OFF-PA-10002552,10.0,10.0,2,2,445
398,2022-02-02,Standard Class,Home Office,Office Supplies,Supplies,OFF-SU-10002573,60.0,70.0,4,5,51
399,2023-11-29,Second Class,Consumer,Office Supplies,Storage,OFF-ST-10001580,40.0,40.0,3,3,838
400,2022-03-13,Second Class,Consumer,Furniture,Bookcases,FUR-BO-10004834,1990.0,2400.0,4,5,3253
401,2022-10-22,Second Class,Consumer,Office Supplies,Storage,OFF-ST-10000934,110.0,130.0,4,5,443
402,2023-02-11,Second Class,Consumer,Technology,Accessories,TEC-AC-10000158,60.0,60.0,2,3,2907
403,2023-03-06,First Class,Consumer,Office Supplies,Paper,OFF-PA-10001947,10.0,10.0,2,2,5022
404,2023-12-04,Standard Class,Corporate,Office Supplies,Art,OFF-AR-10003478,30.0,40.0,6,4,2824
405,2023-02-12,Standard Class,Consumer,Office Supplies,Appliances,OFF-AP-10004249,40.0,40.0,3,3,2488
406,2023-04-02,Standard Class,Consumer,Technology,Accessories,TEC-AC-10000158,140.0,180.0,5,4,233
407,2022-08-09,Standard Class,Consumer,Technology,Copiers,TEC-CO-10004115,1130.0,1200.0,3,5,2532
408,2022-05-25,Standard Class,Consumer,Office Supplies,Paper,OFF-PA-10003724,30.0,30.0,5,4,1976
409,2022-08-28,Standard Class,Consumer,Furniture,Tables,FUR-TA-10002041,800.0,1000.0,7,4,935
410,2022-11-25,Standard Class,Consumer,Office Supplies,Paper,OFF-PA-10002893,10.0,10.0,1,3,4104
411,2023-12-19,Standard Class,Consumer,Office Supplies,Labels,OFF-LA-10003766,30.0,30.0,9,4,3092
412,2023-01-13,Standard Class,Consumer,Office Supplies,Paper,OFF-PA-10001970,60.0,60.0,1,5,1320
413,2022-05-11,Standard Class,Consumer,Furniture,Bookcases,FUR-BO-10001972,1260.0,1340.0,13,4,4122
414,2023-12-31,Standard Class,Consumer,Furniture,Chairs,FUR-CH-10003956,100.0,110.0,2,5,2860
415,2023-12-08,Standard Class,Corporate,Office Supplies,Paper,OFF-PA-10000157,120.0,140.0,7,3,2555
416,2022-08-05,Standard Class,Corporate,Furniture,Chairs,FUR-CH-10001891,250.0,310.0,4,2,3692
417,2023-07-10,Standard Class,Consumer,Office Supplies,Art,OFF-AR-10004344,90.0,100.0,8,5,4065
418,2022-08-20,Standard Class,Consumer,Furniture,Chairs,FUR-CH-10004886,320.0,380.0,5,4,1319
419,2022-07-20,Standard Class,Corporate,Office Supplies,Paper,OFF-PA-10003845,10.0,10.0,1,5,4641
420,2022-10-20,Standard Class,Corporate,Office Supplies,Art,OFF-AR-10001573,10.0,10.0,4,4,3295
421,2022-02-10,Standard Class,Corporate,Office Supplies,Envelopes,OFF-EN-10000483,20.0,20.0,1,5,4918
422,2023-08-28,First Class,Consumer,Technology,Accessories,TEC-AC-10004114,160.0,200.0,6,3,4211
423,2023-12-18,Standard Class,Corporate,Furniture,Furnishings,FUR-FU-10004712,60.0,60.0,4,3,3642
424,2022-10-17,Standard Class,Corporate,Office Supplies,Storage,OFF-ST-10000918,30.0,30.0,3,5,2039
425,2023-04-01,Second Class,Consumer,Furniture,Chairs,FUR-CH-10000015,800.0,870.0,4,4,4828
426,2023-12-26,Second Class,Corporate,Furniture,Furnishings,FUR-FU-10003347,30.0,30.0,2,4,4459
427,2023-11-07,Second Class,Corporate,Office Supplies,Binders,OFF-BI-10001543,280.0,290.0,8,4,3052
428,2023-06-03,First Class,Home Office,Technology,Machines,TEC-MA-10000029,60.0,70.0,1,3,1222
429,2022-02-18,Standard Class,Corporate,Office Supplies,Art,OFF-AR-10000369,10.0,10.0,6,5,2848
430,2023-03-19,Standard Class,Home Office,Office Supplies,Binders,OFF-BI-10004584,160.0,190.0,2,4,1311
431,2023-03-10,Standard Class,Home Office,Technology,Accessories,TEC-AC-10004659,330.0,410.0,7,3,3350
432,2023-09-23,Standard Class,Home Office,Technology,Accessories,TEC-AC-10004659,270.0,290.0,5,5,1702
433,2022-04-15,Standard Class,Home Office,Office Supplies,Storage,OFF-ST-10000617,10.0,10.0,2,3,887
434,2023-08-17,First Class,Consumer,Office Supplies,Storage,OFF-ST-10003306,580.0,710.0,5,4,3361
435,2022-02-13,Standard Class,Consumer,Office Supplies,Binders,OFF-BI-10000773,10.0,10.0,2,5,4448
436,2023-10-25,Standard Class,Consumer,Technology,Accessories,TEC-AC-10002600,210.0,250.0,5,2,2762
437,2023-02-10,Second Class,Home Office,Technology,Machines,TEC-MA-10002937,930.0,1010.0,3,4,2311
438,2022-02-23,Second Class,Home Office,Office Supplies,Paper,OFF-PA-10001970,270.0,310.0,7,4,1553
439,2022-11-18,Standard Class,Corporate,Office Supplies,Paper,OFF-PA-10002230,30.0,30.0,8,3,576
440,2022-06-06,Second Class,Corporate,Furniture,Chairs,FUR-CH-10003396,190.0,210.0,3,5,1522
441,2022-01-09,Second Class,Consumer,Furniture,Furnishings,FUR-FU-10000246,10.0,10.0,1,3,114
442,2023-05-30,Second Class,Consumer,Office Supplies,Storage,OFF-ST-10000060,150.0,190.0,3,4,4916
443,2022-10-15,Second Class,Consumer,Office Supplies,Storage,OFF-ST-10003058,60.0,70.0,3,4,2522
444,2022-12-15,Second Class,Consumer,Office Supplies,Paper,OFF-PA-10002222,80.0,90.0,4,3,5089
445,2022-07-06,Second Class,Consumer,Furniture,Chairs,FUR-CH-10002372,210.0,240.0,3,4,813
446,2022-03-13,Second Class,Consumer,Office Supplies,Labels,OFF-LA-10001317,20.0,20.0,7,3,3835
447,2022-10-07,Second Class,Consumer,Furniture,Furnishings,FUR-FU-10000206,10.0,10.0,1,2,2714
448,2023-12-05,Second Class,Consumer,Office Supplies,Art,OFF-AR-10000588,50.0,60.0,3,4,3233
449,2023-12-07,Second Class,Consumer,Office Supplies,Storage,OFF-ST-10001469,130.0,160.0,3,4,1341
450,2022-03-14,Second Class,Consumer,Office Supplies,Art,OFF-AR-10001953,210.0,260.0,6,2,1939
451,2023-07-21,Second Class,Consumer,Office Supplies,Art,OFF-AR-10003156,30.0,30.0,3,4,2125
452,2022-04-04,Second Class,Consumer,Office Supplies,Art,OFF-AR-10004974,10.0,10.0,3,4,4225
453,2023-03-16,Second Class,Consumer,Technology,Phones,TEC-PH-10002365,40.0,40.0,4,3,2700
454,2022-12-05,Standard Class,Corporate,Furniture,Tables,FUR-TA-10001539,220.0,280.0,2,4,2971
455,2023-12-23,Standard Class,Corporate,Office Supplies,Storage,OFF-ST-10000142,570.0,670.0,2,2,3698
456,2022-11-08,Standard Class,Corporate,Technology,Accessories,TEC-AC-10001772,50.0,60.0,4,5,293
457,2023-03-26,Standard Class,Consumer,Furniture,Chairs,FUR-CH-10000225,120.0,130.0,2,2,1799
458,2023-12-22,Standard Class,Consumer,Furniture,Chairs,FUR-CH-10002331,670.0,750.0,3,5,2145
459,2023-09-24,Standard Class,Consumer,Office Supplies,Envelopes,OFF-EN-10001415,10.0,10.0,2,2,4447
460,2022-11-30,Standard Class,Consumer,Office Supplies,Appliances,OFF-AP-10002472,80.0,100.0,4,3,600
461,2023-02-04,Standard Class,Consumer,Technology,Accessories,TEC-AC-10004571,760.0,900.0,9,5,2670
462,2022-10-01,Standard Class,Consumer,Office Supplies,Binders,OFF-BI-10001098,50.0,50.0,3,2,2105
463,2022-05-11,Standard Class,Home Office,Furniture,Furnishings,FUR-FU-10000023,20.0,20.0,5,3,522
464,2023-03-05,Standard Class,Home Office,Furniture,Tables,FUR-TA-10001889,1080.0,1270.0,6,4,2691
465,2023-02-09,Standard Class,Home Office,Office Supplies,Binders,OFF-BI-10000315,30.0,30.0,5,4,3017
466,2023-04-23,Standard Class,Home Office,Office Supplies,Supplies,OFF-SU-10003505,180.0,190.0,2,5,1026
467,2023-10-14,Standard Class,Home Office,Office Supplies,Appliances,OFF-AP-10002578,80.0,80.0,2,3,2920
468,2022-04-24,Standard Class,Home Office,Furniture,Furnishings,FUR-FU-10002918,200.0,250.0,7,3,3539
469,2023-04-20,Standard Class,Corporate,Furniture,Bookcases,FUR-BO-10002824,200.0,210.0,2,5,1490
470,2022-12-04,Second Class,Consumer,Office Supplies,Binders,OFF-BI-10002194,10.0,10.0,3,3,3679
471,2022-11-20,Standard Class,Corporate,Office Supplies,Paper,OFF-PA-10004071,50.0,60.0,1,3,1506
472,2022-01-25,Second Class,Consumer,Office Supplies,Storage,OFF-ST-10002743,290.0,340.0,3,2,4825
473,2023-10-27,Second Class,Consumer,Furniture,Bookcases,FUR-BO-10001601,200.0,220.0,2,5,1222
474,2022-12-27,Second Class,Consumer,Technology,Phones,TEC-PH-10002680,610.0,700.0,4,2,3248
475,2023-12-12,Second Class,Consumer,Office Supplies,Storage,OFF-ST-10001321,80.0,90.0,6,3,3402
476,2022-07-16,Second Class,Consumer,Office Supplies,Paper,OFF-PA-10001509,60.0,60.0,7,3,2595
477,2022-06-30,Second Class,Consumer,Office Supplies,Paper,OFF-PA-10003465,90.0,90.0,5,4,497
478,2023-08-06,Standard Class,Corporate,Technology,Phones,TEC-PH-10000149,90.0,100.0,6,4,899
479,2022-02-01,Standard Class,Consumer,Furniture,Furnishings,FUR-FU-10002671,30.0,40.0,3,4,1957
480,2023-07-03,Standard Class,Corporate,Office Supplies,Art,OFF-AR-10003045,10.0,10.0,5,4,547
481,2023-08-07,Standard Class,Corporate,Office Supplies,Storage,OFF-ST-10000689,600.0,700.0,5,5,1856
482,2022-12-16,Standard Class,Consumer,Technology,Accessories,TEC-AC-10001445,10.0,10.0,3,2,5002
483,2023-02-03,Standard Class,Consumer,Office Supplies,Art,OFF-AR-10002053,10.0,10.0,2,4,2670
484,2023-10-10,Standard Class,Consumer,Technology,Accessories,TEC-AC-10002567,140.0,160.0,2,4,2707
485,2023-10-15,First Class,Home Office,Office Supplies,Labels,OFF-LA-10003923,30.0,30.0,2,5,1174
486,2023-12-14,First Class,Home Office,Furniture,Bookcases,FUR-BO-10001337,480.0,510.0,5,4,3000
487,2023-03-09,First Class,Home Office,Technology,Phones,TEC-PH-10001924,250.0,280.0,5,5,2159
488,2023-04-28,First Class,Consumer,Technology,Phones,TEC-PH-10001363,2300.0,2740.0,6,4,626
489,2022-12-22,Second Class,Home Office,Technology,Phones,TEC-PH-10000376,10.0,10.0,1,5,3067
490,2023-06-06,Second Class,Home Office,Technology,Accessories,TEC-AC-10000303,50.0,60.0,2,5,637
491,2022-02-08,Second Class,Home Office,Office Supplies,Art,OFF-AR-10001953,70.0,70.0,2,4,2485
492,2023-01-08,Standard Class,Consumer,Office Supplies,Storage,OFF-ST-10001809,410.0,450.0,5,4,404
493,2023-01-03,Standard Class,Consumer,Office Supplies,Envelopes,OFF-EN-10003845,10.0,10.0,3,5,3277
494,2023-06-26,Standard Class,Consumer,Technology,Accessories,TEC-AC-10000991,80.0,90.0,2,4,4642
495,2022-12-09,Second Class,Consumer,Furniture,Tables,FUR-TA-10001857,180.0,190.0,3,5,341
496,2022-10-13,Standard Class,Consumer,Office Supplies,Envelopes,OFF-EN-10001434,100.0,110.0,2,3,4192
497,2022-05-21,Standard Class,Consumer,Office Supplies,Binders,OFF-BI-10002498,110.0,120.0,8,2,4012
498,2022-08-28,Standard Class,Consumer,Furniture,Furnishings,FUR-FU-10004864,230.0,260.0,4,2,4185
499,2022-04-10,Standard Class,Consumer,Furniture,Chairs,FUR-CH-10002602,200.0,240.0,2,5,1696
500,2023-08-28,Standard Class,Consumer,Furniture,Furnishings,FUR-FU-10000073,60.0,70.0,9,5,973
501,2022-12-25,Standard Class,Corporate,Office Supplies,Binders,OFF-BI-10001670,20.0,20.0,2,4,2658
502,2023-04-29,Standard Class,Corporate,Office Supplies,Binders,OFF-BI-10001658,10.0,10.0,2,5,1734
503,2023-11-06,Standard Class,Corporate,Furniture,Chairs,FUR-CH-10001215,650.0,800.0,2,3,41
504,2023-10-28,Standard Class,Corporate,Office Supplies,Binders,OFF-BI-10000831,10.0,10.0,3,4,2821
505,2022-08-03,Standard Class,Corporate,Office Supplies,Paper,OFF-PA-10000357,30.0,30.0,1,4,4572
506,2023-01-27,Second Class,Corporate,Office Supplies,Binders,OFF-BI-10003274,20.0,20.0,5,3,4314
507,2022-07-28,Standard Class,Consumer,Office Supplies,Art,OFF-AR-10001662,10.0,10.0,1,3,2493
508,2023-03-04,Standard Class,Consumer,Office Supplies,Art,OFF-AR-10003856,10.0,10.0,3,2,2993
509,2022-10-10,Standard Class,Consumer,Office Supplies,Storage,OFF-ST-10001228,50.0,50.0,3,4,1793
510,2023-12-10,Standard Class,Consumer,Office Supplies,Binders,OFF-BI-10003527,5210.0,6350.0,5,3,335
511,2023-01-30,First Class,Consumer,Furniture,Furnishings,FUR-FU-10001290,110.0,130.0,3,2,258
512,2022-12-28,First Class,Consumer,Technology,Accessories,TEC-AC-10002399,40.0,40.0,2,2,2554
513,2022-10-28,First Class,Consumer,Office Supplies,Art,OFF-AR-10002053,10.0,10.0,3,4,1122
514,2023-09-28,Standard Class,Consumer,Office Supplies,Art,OFF-AR-10003811,10.0,10.0,3,3,1302
515,2023-07-19,Standard Class,Consumer,Office Supplies,Art,OFF-AR-10001246,10.0,10.0,2,3,480
516,2022-01-04,Standard Class,Home Office,Technology,Copiers,TEC-CO-10003236,2430.0,3000.0,5,5,2540
517,2022-08-25,Standard Class,Home Office,Office Supplies,Storage,OFF-ST-10004507,40.0,50.0,3,4,4682
518,2022-09-03,Standard Class,Home Office,Office Supplies,Paper,OFF-PA-10001667,10.0,10.0,2,3,3668
519,2022-11-10,Standard Class,Home Office,Office Supplies,Storage,OFF-ST-10004459,1020.0,1130.0,3,5,3074
520,2022-04-11,Standard Class,Consumer,Technology,Accessories,TEC-AC-10000171,20.0,20.0,1,4,2771
521,2023-03-24,Standard Class,Consumer,Office Supplies,Storage,OFF-ST-10000736,120.0,130.0,2,4,1395
522,2022-05-24,Standard Class,Consumer,Office Supplies,Binders,OFF-BI-10000285,10.0,10.0,9,3,4135
523,2023-12-17,First Class,Corporate,Furniture,Tables,FUR-TA-10001857,180.0,210.0,2,2,3077
524,2022-11-01,First Class,Consumer,Technology,Phones,TEC-PH-10003555,50.0,60.0,3,5,2442
525,2023-11-19,First Class,Consumer,Technology,Accessories,TEC-AC-10003832,60.0,70.0,2,4,604
526,2022-07-18,Standard Class,Consumer,Office Supplies,Fasteners,OFF-FA-10002815,20.0,20.0,5,4,611
527,2023-01-06,Standard Class,Home Office,Furniture,Chairs,FUR-CH-10003379,540.0,680.0,3,2,2007
528,2023-11-22,Standard Class,Home Office,Furniture,Furnishings,FUR-FU-10001756,50.0,50.0,3,2,4133
529,2022-11-11,Standard Class,Consumer,Office Supplies,Storage,OFF-ST-10004963,40.0,40.0,3,5,2707
530,2022-01-29,Standard Class,Consumer,Office Supplies,Supplies,OFF-SU-10002881,550.0,670.0,1,2,2074
531,2023-01-02,Standard Class,Consumer,Office Supplies,Envelopes,OFF-EN-10001335,50.0,50.0,6,3,290
532,2022-12-05,Second Class,Corporate,Furniture,Chairs,FUR-CH-10000595,150.0,190.0,1,3,1540
533,2023-05-14,Standard Class,Consumer,Furniture,Furnishings,FUR-FU-10000448,40.0,50.0,3,2,230
534,2022-02-28,Second Class,Consumer,Technology,Phones,TEC-PH-10000984,820.0,980.0,5,3,369
535,2023-06-05,Second Class,Consumer,Office Supplies,Binders,OFF-BI-10002557,20.0,20.0,5,2,597
536,2022-08-27,Standard Class,Consumer,Office Supplies,Storage,OFF-ST-10001325,20.0,20.0,2,5,3147
537,2022-10-26,Second Class,Consumer,Office Supplies,Binders,OFF-BI-10002429,30.0,40.0,7,5,1627
538,2022-08-23,Standard Class,Home Office,Office Supplies,Binders,OFF-BI-10004528,10.0,10.0,4,4,1910
539,2023-05-21,Standard Class,Consumer,Office Supplies,Appliances,OFF-AP-10001271,130.0,150.0,3,4,1139
540,2023-10-23,Standard Class,Consumer,Furniture,Chairs,FUR-CH-10002647,230.0,280.0,4,4,866
541,2023-04-04,First Class,Consumer,Technology,Accessories,TEC-AC-10001432,410.0,470.0,6,4,559
542,2022-11-28,First Class,Corporate,Technology,Phones,TEC-PH-10002262,300.0,380.0,8,4,1790
543,2023-04-08,Standard Class,Consumer,Office Supplies,Storage,OFF-ST-10001809,600.0,650.0,9,2,4363
544,2023-12-15,Standard Class,Consumer,Technology,Accessories,TEC-AC-10001465,50.0,60.0,2,4,3008
545,2023-06-30,Standard Class,Consumer,Technology,Phones,TEC-PH-10002597,100.0,100.0,1,5,109
546,2023-11-13,Standard Class,Consumer,Furniture,Furnishings,FUR-FU-10000723,60.0,70.0,4,3,1998
547,2022-08-26,First Class,Home Office,Office Supplies,Binders,OFF-BI-10000404,30.0,40.0,6,4,4948
548,2022-09-22,First Class,Home Office,Office Supplies,Paper,OFF-PA-10002986,10.0,10.0,2,5,4834
549,2022-09-21,Second Class,Corporate,Office Supplies,Storage,OFF-ST-10000604,210.0,250.0,9,4,1232
550,2022-06-05,Second Class,Corporate,Office Supplies,Binders,OFF-BI-10004738,10.0,10.0,3,5,838
551,2023-01-09,Second Class,Corporate,Office Supplies,Supplies,OFF-SU-10001935,10.0,10.0,5,5,173
552,2023-09-21,Second Class,Consumer,Furniture,Chairs,FUR-CH-10002024,930.0,1120.0,2,3,2243
553,2022-06-02,First Class,Consumer,Furniture,Furnishings,FUR-FU-10003039,20.0,30.0,1,3,1233
554,2022-09-01,Standard Class,Consumer,Office Supplies,Fasteners,OFF-FA-10004248,10.0,10.0,3,4,965
555,2023-03-09,Second Class,Corporate,Office Supplies,Storage,OFF-ST-10001780,1200.0,1300.0,2,2,5046
556,2023-07-01,Second Class,Consumer,Office Supplies,Art,OFF-AR-10003560,20.0,20.0,4,5,4476
557,2022-11-17,Standard Class,Consumer,Office Supplies,Labels,OFF-LA-10001297,20.0,20.0,2,2,4208
558,2023-11-25,Standard Class,Consumer,Furniture,Tables,FUR-TA-10004256,1260.0,1340.0,4,4,4283
559,2023-11-29,Standard Class,Consumer,Office Supplies,Paper,OFF-PA-10003441,30.0,30.0,5,3,5023
560,2022-11-27,Second Class,Consumer,Furniture,Furnishings,FUR-FU-10003347,40.0,40.0,3,5,1167
561,2022-06-21,Second Class,Consumer,Office Supplies,Binders,OFF-BI-10000069,70.0,80.0,7,4,3341
562,2023-03-17,Second Class,Consumer,Office Supplies,Appliances,OFF-AP-10003914,10.0,10.0,5,4,3066
563,2022-10-04,Second Class,Consumer,Furniture,Furnishings,FUR-FU-10004020,10.0,10.0,3,2,384
564,2022-06-14,First Class,Consumer,Office Supplies,Fasteners,OFF-FA-10003467,10.0,10.0,2,5,2595
565,2022-01-26,First Class,Consumer,Office Supplies,Labels,OFF-LA-10000634,10.0,10.0,1,5,4071
566,2022-10-06,First Class,Consumer,Technology,Phones,TEC-PH-10002496,330.0,370.0,3,4,3731
567,2022-04-25,Standard Class,Corporate,Office Supplies,Paper,OFF-PA-10004530,70.0,90.0,8,5,436
568,2022-01-01,Standard Class,Corporate,Office Supplies,Binders,OFF-BI-10001107,70.0,80.0,7,4,4835
569,2023-06-10,Standard Class,Corporate,Office Supplies,Paper,OFF-PA-10004451,20.0,20.0,3,2,1346
570,2022-11-25,Standard Class,Corporate,Furniture,Chairs,FUR-CH-10004997,370.0,450.0,3,4,107
571,2022-03-01,Standard Class,Consumer,Office Supplies,Labels,OFF-LA-10001297,60.0,70.0,7,3,5048
572,2023-07-29,Standard Class,Consumer,Office Supplies,Fasteners,OFF-FA-10000585,10.0,10.0,4,3,472
573,2022-10-25,Standard Class,Consumer,Office Supplies,Binders,OFF-BI-10001922,30.0,30.0,7,2,4184
574,2023-07-04,Standard Class,Consumer,Technology,Phones,TEC-PH-10000347,10.0,10.0,3,3,1591
575,2022-10-02,Standard Class,Consumer,Office Supplies,Art,OFF-AR-10003394,10.0,10.0,3,5,4959
576,2023-07-14,Second Class,Consumer,Office Supplies,Paper,OFF-PA-10004530,150.0,160.0,14,4,2242
577,2023-04-22,Second Class,Consumer,Office Supplies,Paper,OFF-PA-10001450,20.0,20.0,4,4,3100
578,2023-11-11,Second Class,Consumer,Office Supplies,Supplies,OFF-SU-10001574,10.0,10.0,2,5,3772
579,2022-12-08,Standard Class,Consumer,Office Supplies,Storage,OFF-ST-10002974,70.0,70.0,2,3,1061
580,2023-06-12,Standard Class,Consumer,Furniture,Furnishings,FUR-FU-10001475,10.0,10.0,1,5,3261
581,2023-11-02,Standard Class,Consumer,Office Supplies,Supplies,OFF-SU-10004498,50.0,50.0,4,3,1840
582,2022-08-17,Standard Class,Consumer,Technology,Phones,TEC-PH-10004977,440.0,470.0,3,5,1910
583,2022-08-23,Standard Class,Consumer,Technology,Phones,TEC-PH-10000586,90.0,110.0,2,4,3108
584,2023-07-10,Standard Class,Consumer,Office Supplies,Appliances,OFF-AP-10000358,30.0,30.0,3,5,2150
585,2023-07-22,Standard Class,Consumer,Office Supplies,Binders,OFF-BI-10002764,10.0,10.0,7,2,2524
586,2023-11-16,Standard Class,Consumer,Technology,Phones,TEC-PH-10001254,360.0,410.0,4,2,2464
587,2022-07-16,Standard Class,Consumer,Furniture,Chairs,FUR-CH-10003956,60.0,70.0,1,4,2643
588,2022-07-21,Standard Class,Consumer,Office Supplies,Labels,OFF-LA-10003930,270.0,290.0,3,4,4748
589,2023-03-03,Standard Class,Consumer,Technology,Phones,TEC-PH-10003800,80.0,80.0,2,3,2456
590,2023-04-28,Standard Class,Consumer,Office Supplies,Paper,OFF-PA-10002005,20.0,20.0,4,2,4990
591,2023-07-04,Standard Class,Consumer,Office Supplies,Binders,OFF-BI-10002498,20.0,20.0,3,2,1983
592,2022-01-23,Standard Class,Consumer,Office Supplies,Paper,OFF-PA-10004101,10.0,10.0,2,5,4846
593,2023-05-13,Standard Class,Consumer,Office Supplies,Art,OFF-AR-10004078,10.0,10.0,2,3,1212
594,2023-12-05,Standard Class,Consumer,Technology,Accessories,TEC-AC-10001266,20.0,30.0,3,3,3507
595,2023-06-07,Standard Class,Consumer,Office Supplies,Appliances,OFF-AP-10004708,70.0,80.0,2,3,2462
596,2023-03-26,Standard Class,Consumer,Technology,Copiers,TEC-CO-10004115,1100.0,1200.0,3,5,2290
597,2022-06-12,Standard Class,Consumer,Technology,Phones,TEC-PH-10002398,390.0,450.0,5,5,3233
598,2022-03-23,Standard Class,Consumer,Furniture,Furnishings,FUR-FU-10001979,310.0,330.0,8,2,611
599,2022-01-08,First Class,Consumer,Office Supplies,Supplies,OFF-SU-10004115,10.0,10.0,2,2,3860
600,2023-04-03,Standard Class,Consumer,Technology,Phones,TEC-PH-10001425,120.0,140.0,3,2,1719
601,2023-02-19,Standard Class,Consumer,Technology,Phones,TEC-PH-10003963,390.0,490.0,4,4,663
602,2023-03-10,Standard Class,Consumer,Office Supplies,Supplies,OFF-SU-10001574,10.0,10.0,2,4,1032
603,2022-06-08,Standard Class,Consumer,Office Supplies,Storage,OFF-ST-10001490,120.0,140.0,1,3,4861
604,2023-07-19,Standard Class,Consumer,Furniture,Furnishings,FUR-FU-10001756,40.0,50.0,3,5,1124
605,2022-03-29,Standard Class,Consumer,Office Supplies,Binders,OFF-BI-10000773,10.0,10.0,3,5,2208
606,2023-05-25,Standard Class,Consumer,Office Supplies,Binders,OFF-BI-10001543,40.0,40.0,4,5,4922
607,2023-11-15,Standard Class,Consumer,Office Supplies,Paper,OFF-PA-10002120,120.0,130.0,3,2,663
608,2022-07-04,Standard Class,Consumer,Office Supplies,Binders,OFF-BI-10000848,10.0,10.0,2,5,2114
609,2022-03-11,Standard Class,Consumer,Office Supplies,Art,OFF-AR-10001246,20.0,20.0,9,3,4982
610,2023-02-07,Standard Class,Consumer,Technology,Phones,TEC-PH-10003092,50.0,60.0,2,5,2983
611,2023-02-08,First Class,Corporate,Technology,Phones,TEC-PH-10003012,340.0,370.0,3,3,2540
612,2022-09-28,First Class,Corporate,Office Supplies,Labels,OFF-LA-10004345,20.0,20.0,4,3,218
613,2022-04-22,Second Class,Corporate,Office Supplies,Paper,OFF-PA-10001204,10.0,10.0,2,5,638
614,2023-06-29,Second Class,Corporate,Technology,Phones,TEC-PH-10004667,690.0,730.0,9,5,379
615,2022-10-11,Second Class,Consumer,Technology,Phones,TEC-PH-10000011,100.0,120.0,10,3,3319
616,2022-06-24,Second Class,Consumer,Office Supplies,Binders,OFF-BI-10002949,10.0,10.0,2,2,3149
617,2022-01-30,Second Class,Corporate,Furniture,Furnishings,FUR-FU-10003849,30.0,40.0,2,4,166
618,2023-03-20,Second Class,Corporate,Furniture,Furnishings,FUR-FU-10000010,10.0,10.0,2,4,128
619,2023-11-18,Second Class,Corporate,Office Supplies,Binders,OFF-BI-10002824,100.0,110.0,9,3,4949
620,2023-09-23,Second Class,Corporate,Technology,Phones,TEC-PH-10002538,30.0,40.0,1,4,2644
621,2022-06-04,Second Class,Corporate,Furniture,Furnishings,FUR-FU-10000521,80.0,90.0,3,2,1319
622,2023-01-01,Standard Class,Consumer,Office Supplies,Binders,OFF-BI-10002103,10.0,10.0,5,3,5085
623,2022-07-06,Standard Class,Corporate,Furniture,Chairs,FUR-CH-10004853,270.0,300.0,2,3,5062
624,2023-07-24,Standard Class,Corporate,Office Supplies,Appliances,OFF-AP-10000179,490.0,560.0,5,4,831
625,2022-12-12,Standard Class,Corporate,Office Supplies,Storage,OFF-ST-10001272,440.0,520.0,4,2,3364
626,2022-08-27,Standard Class,Corporate,Office Supplies,Art,OFF-AR-10004042,150.0,160.0,9,3,1592
627,2022-02-17,Standard Class,Home Office,Furniture,Furnishings,FUR-FU-10000221,30.0,40.0,7,4,801
628,2023-01-04,Standard Class,Consumer,Office Supplies,Appliances,OFF-AP-10001563,80.0,100.0,2,3,487
629,2023-04-02,Standard Class,Consumer,Office Supplies,Binders,OFF-BI-10000605,20.0,20.0,5,5,1589
630,2022-04-21,Standard Class,Consumer,Office Supplies,Paper,OFF-PA-10002615,10.0,10.0,3,4,3232
631,2023-11-17,Second Class,Consumer,Office Supplies,Storage,OFF-ST-10001963,200.0,240.0,3,2,887
632,2022-10-24,Second Class,Consumer,Technology,Accessories,TEC-AC-10001267,110.0,120.0,5,4,2235
633,2022-12-18,Second Class,Consumer,Technology,Phones,TEC-PH-10002103,260.0,300.0,4,5,348
634,2022-08-18,Second Class,Consumer,Technology,Accessories,TEC-AC-10002857,20.0,20.0,3,2,1540
635,2022-02-17,Second Class,Consumer,Office Supplies,Labels,OFF-LA-10003930,190.0,240.0,3,5,5011
636,2023-01-21,Second Class,Corporate,Furniture,Chairs,FUR-CH-10001482,320.0,390.0,3,2,3222
637,2023-02-19,Standard Class,Consumer,Office Supplies,Binders,OFF-BI-10001989,20.0,20.0,3,5,2740
638,2022-07-08,Standard Class,Consumer,Office Supplies,Appliances,OFF-AP-10003287,110.0,120.0,3,2,4330
639,2023-05-25,Standard Class,Home Office,Furniture,Furnishings,FUR-FU-10000576,1000.0,1050.0,5,2,713
640,2022-01-18,Standard Class,Home Office,Office Supplies,Binders,OFF-BI-10004728,20.0,20.0,4,3,586
641,2023-02-14,Standard Class,Corporate,Furniture,Furnishings,FUR-FU-10000732,20.0,20.0,3,4,259
642,2022-12-15,Second Class,Consumer,Office Supplies,Storage,OFF-ST-10000585,300.0,330.0,2,5,3515
643,2022-01-19,Second Class,Consumer,Office Supplies,Labels,OFF-LA-10002787,20.0,30.0,7,4,2658
644,2022-07-31,Standard Class,Consumer,Technology,Accessories,TEC-AC-10003832,110.0,130.0,4,4,3817
645,2022-03-03,Standard Class,Home Office,Office Supplies,Paper,OFF-PA-10001934,10.0,10.0,1,5,1062
646,2022-08-16,Standard Class,Home Office,Office Supplies,Appliances,OFF-AP-10002457,190.0,210.0,2,3,3607
647,2022-02-03,Standard Class,Corporate,Office Supplies,Fasteners,OFF-FA-10003112,20.0,30.0,5,3,23
648,2022-11-14,Standard Class,Corporate,Office Supplies,Appliances,OFF-AP-10002350,30.0,30.0,2,4,898
649,2022-07-26,Second Class,Corporate,Furniture,Furnishings,FUR-FU-10001935,10.0,10.0,4,5,107
650,2023-08-29,Second Class,Corporate,Technology,Phones,TEC-PH-10003273,270.0,300.0,3,4,2471
651,2022-06-20,Second Class,Corporate,Technology,Accessories,TEC-AC-10001142,290.0,320.0,4,3,4016
652,2023-04-28,Standard Class,Home Office,Office Supplies,Paper,OFF-PA-10000482,350.0,380.0,10,4,1392
653,2022-06-10,Standard Class,Corporate,Office Supplies,Paper,OFF-PA-10003892,90.0,100.0,2,4,1380
654,2023-02-20,Standard Class,Corporate,Technology,Accessories,TEC-AC-10001101,80.0,100.0,8,5,924
655,2022-07-04,Standard Class,Consumer,Office Supplies,Appliances,OFF-AP-10002439,90.0,110.0,2,2,4501
656,2022-01-06,Standard Class,Consumer,Office Supplies,Binders,OFF-BI-10002827,10.0,10.0,2,5,1580
657,2023-09-24,Standard Class,Consumer,Office Supplies,Envelopes,OFF-EN-10002230,110.0,130.0,2,3,4163
658,2022-05-31,Same Day,Home Office,Furniture,Chairs,FUR-CH-10001215,560.0,700.0,2,2,4741
659,2022-07-01,Same Day,Home Office,Office Supplies,Binders,OFF-BI-10004654,20.0,20.0,2,5,1651
660,2023-07-04,Standard Class,Consumer,Office Supplies,Storage,OFF-ST-10001490,890.0,1000.0,7,2,1695
661,2023-09-05,Standard Class,Consumer,Office Supplies,Storage,OFF-ST-10001511,600.0,720.0,14,2,2965
662,2023-02-15,Standard Class,Consumer,Furniture,Tables,FUR-TA-10001768,850.0,920.0,5,4,853
663,2022-08-31,Standard Class,Consumer,Office Supplies,Binders,OFF-BI-10003981,20.0,20.0,3,4,3366
664,2022-03-15,Standard Class,Corporate,Office Supplies,Storage,OFF-ST-10001522,400.0,460.0,5,5,2217
665,2023-11-08,Same Day,Consumer,Office Supplies,Fasteners,OFF-FA-10000621,10.0,10.0,3,2,1569
666,2023-01-16,Second Class,Corporate,Office Supplies,Supplies,OFF-SU-10004231,20.0,20.0,3,5,418
667,2023-07-24,Second Class,Corporate,Office Supplies,Paper,OFF-PA-10000474,80.0,90.0,3,3,2564
668,2022-12-26,Second Class,Corporate,Technology,Phones,TEC-PH-10004042,320.0,380.0,3,5,907
669,2023-01-15,First Class,Consumer,Furniture,Furnishings,FUR-FU-10003096,20.0,30.0,5,5,695
670,2022-06-05,Standard Class,Home Office,Furniture,Furnishings,FUR-FU-10002759,20.0,20.0,3,2,4295
671,2023-11-04,Standard Class,Home Office,Furniture,Tables,FUR-TA-10000688,100.0,110.0,1,5,1911
672,2022-08-08,Standard Class,Home Office,Office Supplies,Paper,OFF-PA-10002377,30.0,40.0,8,5,804
673,2023-02-18,Standard Class,Consumer,Office Supplies,Art,OFF-AR-10001954,20.0,20.0,5,5,1461
674,2023-10-05,First Class,Consumer,Office Supplies,Appliances,OFF-AP-10004532,50.0,60.0,3,3,5060
675,2023-04-20,First Class,Consumer,Office Supplies,Paper,OFF-PA-10002137,40.0,40.0,5,4,4454
676,2023-11-08,First Class,Consumer,Technology,Accessories,TEC-AC-10003832,90.0,100.0,3,2,3787
677,2022-01-05,Standard Class,Consumer,Office Supplies,Appliances,OFF-AP-10000804,20.0,20.0,3,4,1903
678,2023-11-16,Standard Class,Consumer,Technology,Accessories,TEC-AC-10003614,20.0,30.0,3,5,2221
679,2023-04-25,Standard Class,Consumer,Furniture,Furnishings,FUR-FU-10003553,70.0,80.0,3,3,1867
680,2023-09-05,Standard Class,Consumer,Office Supplies,Binders,OFF-BI-10004632,160.0,180.0,3,2,1824
681,2022-03-27,Standard Class,Consumer,Office Supplies,Binders,OFF-BI-10003305,10.0,10.0,3,4,4912
682,2023-05-17,Standard Class,Consumer,Office Supplies,Storage,OFF-ST-10002583,50.0,60.0,2,5,2719
683,2022-09-23,Standard Class,Consumer,Office Supplies,Storage,OFF-ST-10004507,60.0,70.0,4,3,3279
684,2023-02-05,Same Day,Corporate,Technology,Machines,TEC-MA-10004125,7280.0,8000.0,4,2,4931
685,2022-02-08,Same Day,Corporate,Office Supplies,Appliances,OFF-AP-10002457,150.0,170.0,2,3,4194
686,2023-12-03,First Class,Consumer,Technology,Accessories,TEC-AC-10003911,390.0,480.0,3,5,3482
687,2023-07-15,First Class,Consumer,Office Supplies,Labels,OFF-LA-10001934,10.0,10.0,2,2,130
688,2022-01-07,First Class,Consumer,Office Supplies,Paper,OFF-PA-10000304,20.0,20.0,3,3,2222
689,2022-12-27,Standard Class,Consumer,Furniture,Bookcases,FUR-BO-10004015,160.0,190.0,2,3,4713
690,2022-02-25,Second Class,Consumer,Furniture,Furnishings,FUR-FU-10004071,90.0,100.0,1,5,1477
691,2022-04-02,Second Class,Consumer,Technology,Phones,TEC-PH-10002033,240.0,280.0,1,2,4931
692,2023-07-19,Second Class,Consumer,Office Supplies,Storage,OFF-ST-10002444,40.0,40.0,3,2,3620
693,2022-07-14,Standard Class,Consumer,Technology,Accessories,TEC-AC-10002253,140.0,170.0,1,5,533
694,2022-09-29,Standard Class,Consumer,Office Supplies,Paper,OFF-PA-10000743,30.0,30.0,5,3,4388
695,2022-02-18,First Class,Home Office,Office Supplies,Art,OFF-AR-10003373,170.0,200.0,8,4,1140
696,2023-08-22,First Class,Home Office,Office Supplies,Labels,OFF-LA-10002312,40.0,50.0,4,4,172
697,2023-12-01,First Class,Home Office,Office Supplies,Envelopes,OFF-EN-10000927,180.0,200.0,7,4,3714
698,2022-03-24,First Class,Home Office,Office Supplies,Labels,OFF-LA-10003510,80.0,100.0,4,3,608
699,2023-01-14,First Class,Home Office,Office Supplies,Art,OFF-AR-10001118,10.0,10.0,1,2,223
700,2023-05-13,First Class,Home Office,Office Supplies,Binders,OFF-BI-10001575,20.0,20.0,2,3,5074
701,2022-09-15,First Class,Home Office,Office Supplies,Binders,OFF-BI-10001982,10.0,10.0,3,5,3327
702,2023-01-18,Standard Class,Corporate,Furniture,Furnishings,FUR-FU-10002960,20.0,20.0,3,3,1956
703,2022-04-27,Second Class,Corporate,Furniture,Furnishings,FUR-FU-10003394,190.0,210.0,3,4,366
704,2023-08-29,Standard Class,Consumer,Furniture,Tables,FUR-TA-10002774,340.0,370.0,3,2,2978
705,2022-05-18,Standard Class,Corporate,Office Supplies,Paper,OFF-PA-10001800,10.0,10.0,2,2,4873
706,2023-10-14,Standard Class,Corporate,Office Supplies,Appliances,OFF-AP-10001469,140.0,170.0,5,3,864
707,2023-02-19,Standard Class,Corporate,Technology,Accessories,TEC-AC-10002399,20.0,20.0,1,3,4091
708,2022-12-10,First Class,Consumer,Technology,Accessories,TEC-AC-10003628,100.0,120.0,4,4,4105
709,2023-04-17,First Class,Consumer,Furniture,Bookcases,FUR-BO-10003272,740.0,880.0,5,5,2867
710,2022-11-04,First Class,Consumer,Office Supplies,Binders,OFF-BI-10000050,40.0,50.0,8,3,3420
711,2022-11-30,First Class,Home Office,Office Supplies,Paper,OFF-PA-10004071,50.0,60.0,1,4,363
712,2022-06-06,Standard Class,Consumer,Office Supplies,Envelopes,OFF-EN-10001219,20.0,20.0,4,4,4696
713,2023-08-20,Standard Class,Corporate,Office Supplies,Appliances,OFF-AP-10001154,240.0,280.0,6,2,4333
714,2023-01-14,Standard Class,Corporate,Technology,Phones,TEC-PH-10003012,290.0,310.0,2,4,2855
715,2022-04-21,Standard Class,Corporate,Technology,Accessories,TEC-AC-10001606,260.0,300.0,3,5,1372
716,2022-06-07,Second Class,Corporate,Office Supplies,Binders,OFF-BI-10003355,20.0,20.0,5,3,848
717,2022-05-25,First Class,Consumer,Furniture,Furnishings,FUR-FU-10000010,10.0,10.0,2,5,1399
718,2023-02-01,Standard Class,Consumer,Furniture,Furnishings,FUR-FU-10002253,90.0,100.0,3,3,3264
719,2022-10-25,Standard Class,Home Office,Office Supplies,Binders,OFF-BI-10001658,60.0,60.0,3,2,3109
720,2022-07-24,Standard Class,Home Office,Furniture,Furnishings,FUR-FU-10000246,60.0,70.0,6,4,3264
721,2022-05-25,Standard Class,Home Office,Office Supplies,Paper,OFF-PA-10004092,140.0,150.0,3,5,2302
722,2023-08-09,Standard Class,Corporate,Furniture,Tables,FUR-TA-10000198,1370.0,1650.0,3,2,2029
723,2023-09-09,Standard Class,Corporate,Office Supplies,Storage,OFF-ST-10000036,260.0,300.0,3,5,47
724,2022-10-06,Standard Class,Home Office,Furniture,Furnishings,FUR-FU-10000222,120.0,130.0,5,4,816
725,2023-07-20,Standard Class,Corporate,Office Supplies,Supplies,OFF-SU-10004664,40.0,50.0,7,2,2785
726,2022-09-04,Standard Class,Consumer,Office Supplies,Envelopes,OFF-EN-10001141,20.0,20.0,2,3,789
727,2022-03-29,Standard Class,Consumer,Technology,Phones,TEC-PH-10002170,50.0,60.0,1,5,1961
728,2022-10-07,First Class,Consumer,Office Supplies,Paper,OFF-PA-10001954,160.0,180.0,8,3,3708
729,2022-07-06,First Class,Consumer,Furniture,Tables,FUR-TA-10002228,350.0,400.0,2,3,3273
730,2022-12-27,First Class,Consumer,Office Supplies,Storage,OFF-ST-10004634,30.0,30.0,3,4,4401
731,2022-02-06,First Class,Consumer,Furniture,Chairs,FUR-CH-10002965,490.0,540.0,3,3,2459
732,2023-12-13,First Class,Consumer,Office Supplies,Labels,OFF-LA-10001317,10.0,10.0,2,2,362
733,2022-09-08,Standard Class,Home Office,Office Supplies,Storage,OFF-ST-10000736,210.0,240.0,3,2,2978
734,2022-11-13,Standard Class,Home Office,Technology,Accessories,TEC-AC-10003610,170.0,180.0,3,5,1769
735,2023-02-21,Standard Class,Home Office,Office Supplies,Binders,OFF-BI-10003982,80.0,100.0,6,3,668
736,2022-08-13,Standard Class,Home Office,Office Supplies,Binders,OFF-BI-10003291,30.0,30.0,4,5,2307
737,2023-06-25,Standard Class,Home Office,Furniture,Bookcases,FUR-BO-10001619,80.0,80.0,1,3,137
738,2023-05-18,Standard Class,Home Office,Office Supplies,Binders,OFF-BI-10000138,20.0,20.0,5,2,706
739,2023-01-27,Standard Class,Consumer,Technology,Accessories,TEC-AC-10001383,50.0,50.0,2,2,2369
740,2022-11-21,Standard Class,Home Office,Office Supplies,Labels,OFF-LA-10003223,10.0,10.0,3,3,208
741,2022-06-24,Standard Class,Home Office,Office Supplies,Storage,OFF-ST-10002743,250.0,270.0,3,2,1267
742,2022-09-21,Standard Class,Home Office,Office Supplies,Binders,OFF-BI-10004094,10.0,10.0,2,5,3479
743,2022-04-16,Standard Class,Consumer,Office Supplies,Supplies,OFF-SU-10004498,50.0,50.0,5,5,1169
744,2022-04-26,Standard Class,Consumer,Office Supplies,Paper,OFF-PA-10002615,15.0,15.0,1,4,1531
745,2023-12-08,Standard Class,Consumer,Office Supplies,Paper,OFF-PA-10004971,10.0,10.0,1,3,1880
746,2022-08-23,Standard Class,Consumer,Office Supplies,Supplies,OFF-SU-10004261,50.0,60.0,4,4,4164
747,2022-01-16,Same Day,Corporate,Furniture,Tables,FUR-TA-10002607,480.0,570.0,10,3,451
748,2022-11-14,Same Day,Corporate,Office Supplies,Storage,OFF-ST-10001809,340.0,360.0,4,4,1150
749,2023-02-11,Second Class,Consumer,Technology,Phones,TEC-PH-10000004,10.0,10.0,1,4,429
750,2022-11-17,Standard Class,Consumer,Office Supplies,Binders,OFF-BI-10003638,50.0,60.0,3,3,3116
751,2022-11-27,Standard Class,Consumer,Furniture,Furnishings,FUR-FU-10003577,130.0,160.0,11,3,4110
752,2022-08-05,Standard Class,Consumer,Office Supplies,Art,OFF-AR-10003478,60.0,60.0,7,4,1438
753,2023-07-25,Standard Class,Consumer,Office Supplies,Binders,OFF-BI-10000546,10.0,10.0,1,2,1462
754,2023-10-14,First Class,Corporate,Technology,Copiers,TEC-CO-10002095,1020.0,1200.0,3,3,3621
755,2023-05-13,Standard Class,Consumer,Furniture,Furnishings,FUR-FU-10002759,70.0,80.0,4,4,872
756,2023-05-02,Standard Class,Corporate,Furniture,Tables,FUR-TA-10001095,350.0,380.0,4,2,4792
757,2022-02-18,Standard Class,Consumer,Office Supplies,Storage,OFF-ST-10002444,20.0,20.0,2,5,2935
758,2023-06-24,Standard Class,Consumer,Technology,Accessories,TEC-AC-10001267,100.0,120.0,4,4,892
759,2022-06-15,Standard Class,Corporate,Office Supplies,Binders,OFF-BI-10000848,10.0,10.0,3,2,1622
760,2022-10-28,Standard Class,Corporate,Office Supplies,Paper,OFF-PA-10002377,20.0,20.0,4,4,4582
761,2023-07-20,Standard Class,Consumer,Office Supplies,Paper,OFF-PA-10003441,60.0,60.0,9,5,798
762,2023-10-04,Standard Class,Corporate,Office Supplies,Labels,OFF-LA-10004484,10.0,10.0,3,5,1344
763,2023-11-01,Standard Class,Consumer,Technology,Phones,TEC-PH-10003931,90.0,110.0,3,3,384
764,2023-09-27,Second Class,Corporate,Office Supplies,Envelopes,OFF-EN-10001990,10.0,10.0,2,2,2989
765,2023-08-11,Second Class,Corporate,Office Supplies,Envelopes,OFF-EN-10001532,50.0,50.0,3,5,3420
766,2023-05-05,Second Class,Corporate,Technology,Accessories,TEC-AC-10003174,530.0,650.0,6,5,2767
767,2023-05-06,Second Class,Corporate,Office Supplies,Binders,OFF-BI-10004187,10.0,10.0,3,3,4893
768,2022-08-10,Second Class,Corporate,Office Supplies,Storage,OFF-ST-10000025,540.0,570.0,6,3,3434
769,2023-09-24,Standard Class,Corporate,Furniture,Furnishings,FUR-FU-10004306,280.0,310.0,2,4,4363
770,2022-08-26,Standard Class,Consumer,Furniture,Chairs,FUR-CH-10003746,570.0,640.0,2,2,4572
771,2022-01-24,Standard Class,Corporate,Office Supplies,Binders,OFF-BI-10001036,20.0,20.0,2,4,2883
772,2022-08-13,Standard Class,Corporate,Technology,Phones,TEC-PH-10004614,170.0,210.0,3,2,3761
773,2022-03-13,Standard Class,Corporate,Office Supplies,Binders,OFF-BI-10000301,30.0,30.0,5,5,1337
774,2023-03-09,Standard Class,Corporate,Office Supplies,Binders,OFF-BI-10003910,10.0,10.0,1,3,1143
775,2023-03-30,Standard Class,Corporate,Office Supplies,Art,OFF-AR-10004648,40.0,40.0,2,4,4103
776,2022-12-19,Standard Class,Corporate,Furniture,Furnishings,FUR-FU-10002597,30.0,30.0,7,2,1726
777,2022-02-14,Standard Class,Consumer,Office Supplies,Art,OFF-AR-10003405,30.0,30.0,7,4,3658
778,2022-07-06,First Class,Home Office,Furniture,Chairs,FUR-CH-10002335,440.0,540.0,3,2,2367
779,2022-05-21,First Class,Home Office,Office Supplies,Paper,OFF-PA-10000157,50.0,60.0,3,5,2946
780,2023-03-05,First Class,Home Office,Office Supplies,Paper,OFF-PA-10001947,20.0,20.0,4,4,4314
781,2023-07-05,First Class,Home Office,Office Supplies,Paper,OFF-PA-10003657,15.0,15.0,1,5,4457
782,2023-02-27,Second Class,Consumer,Office Supplies,Binders,OFF-BI-10001098,20.0,30.0,5,5,3255
783,2022-02-03,Second Class,Consumer,Technology,Accessories,TEC-AC-10002167,20.0,20.0,2,4,43
784,2022-04-28,Second Class,Consumer,Furniture,Bookcases,FUR-BO-10004409,40.0,40.0,1,5,4311
785,2023-11-09,Second Class,Consumer,Technology,Accessories,TEC-AC-10000057,50.0,50.0,2,3,2534
786,2022-04-05,Standard Class,Corporate,Office Supplies,Envelopes,OFF-EN-10000056,160.0,190.0,3,4,4200
787,2023-04-01,Second Class,Consumer,Office Supplies,Binders,OFF-BI-10000014,20.0,20.0,2,2,334
788,2023-06-07,Standard Class,Consumer,Furniture,Chairs,FUR-CH-10004675,290.0,350.0,2,3,4127
789,2023-02-12,Standard Class,Consumer,Office Supplies,Binders,OFF-BI-10001543,110.0,140.0,4,4,2754
790,2022-07-25,Standard Class,Consumer,Office Supplies,Storage,OFF-ST-10001321,20.0,20.0,1,3,2997
791,2023-04-07,Standard Class,Consumer,Office Supplies,Binders,OFF-BI-10001132,30.0,40.0,8,4,364
792,2022-04-09,Standard Class,Consumer,Furniture,Chairs,FUR-CH-10003199,280.0,330.0,3,2,1701
793,2022-05-14,Same Day,Consumer,Technology,Phones,TEC-PH-10001530,1170.0,1360.0,5,5,1829
794,2023-11-27,Standard Class,Consumer,Office Supplies,Labels,OFF-LA-10001569,10.0,10.0,2,2,2289
795,2023-03-11,Standard Class,Consumer,Office Supplies,Paper,OFF-PA-10003724,20.0,20.0,4,4,4829
796,2023-06-18,Standard Class,Consumer,Office Supplies,Binders,OFF-BI-10000546,20.0,20.0,7,4,3443
797,2023-02-15,First Class,Corporate,Office Supplies,Paper,OFF-PA-10000176,110.0,130.0,7,2,1855
798,2023-04-14,First Class,Corporate,Office Supplies,Paper,OFF-PA-10002365,10.0,10.0,2,4,3515
799,2022-11-06,First Class,Corporate,Office Supplies,Labels,OFF-LA-10002271,20.0,20.0,7,2,34
800,2023-11-26,Standard Class,Consumer,Furniture,Chairs,FUR-CH-10002647,260.0,280.0,5,3,4212
801,2023-05-24,First Class,Corporate,Furniture,Furnishings,FUR-FU-10004090,20.0,20.0,1,5,3069
802,2023-12-25,First Class,Corporate,Technology,Phones,TEC-PH-10001580,210.0,220.0,2,4,554
803,2023-09-23,Second Class,Corporate,Office Supplies,Appliances,OFF-AP-10000576,320.0,360.0,9,4,596
804,2022-10-11,Standard Class,Corporate,Office Supplies,Paper,OFF-PA-10003953,10.0,10.0,2,3,95
805,2022-02-23,First Class,Consumer,Furniture,Furnishings,FUR-FU-10000794,20.0,20.0,2,5,1619
806,2022-10-17,Standard Class,Consumer,Office Supplies,Art,OFF-AR-10001897,40.0,40.0,3,4,759
807,2023-04-07,Standard Class,Consumer,Technology,Phones,TEC-PH-10001795,1700.0,1980.0,4,4,3447
808,2023-05-26,First Class,Consumer,Furniture,Furnishings,FUR-FU-10003347,30.0,30.0,2,5,4429
809,2023-07-01,First Class,Consumer,Technology,Accessories,TEC-AC-10004901,130.0,150.0,3,4,3425
810,2023-01-27,First Class,Consumer,Office Supplies,Art,OFF-AR-10003190,10.0,10.0,4,4,533
811,2022-04-30,First Class,Consumer,Furniture,Tables,FUR-TA-10002903,1090.0,1300.0,5,5,1010
812,2022-04-04,First Class,Consumer,Office Supplies,Appliances,OFF-AP-10000240,190.0,210.0,4,5,2447
813,2023-07-28,First Class,Consumer,Technology,Accessories,TEC-AC-10001101,20.0,30.0,2,5,1800
814,2023-12-22,Same Day,Consumer,Furniture,Furnishings,FUR-FU-10000794,20.0,20.0,2,2,3808
815,2023-10-13,Same Day,Consumer,Technology,Accessories,TEC-AC-10001838,1270.0,1400.0,7,5,862
816,2022-09-12,First Class,Corporate,Office Supplies,Paper,OFF-PA-10000061,50.0,50.0,8,4,3830
817,2022-04-15,Standard Class,Consumer,Office Supplies,Paper,OFF-PA-10003651,10.0,10.0,1,5,3583
818,2023-02-23,Standard Class,Consumer,Office Supplies,Paper,OFF-PA-10000304,30.0,40.0,8,3,4427
819,2022-06-29,Standard Class,Consumer,Office Supplies,Binders,OFF-BI-10003094,10.0,10.0,3,2,2765
820,2023-11-09,Standard Class,Consumer,Furniture,Chairs,FUR-CH-10001394,1030.0,1230.0,5,5,1687
821,2022-11-18,Standard Class,Consumer,Office Supplies,Binders,OFF-BI-10004230,30.0,30.0,3,2,2038
822,2023-07-06,Standard Class,Consumer,Office Supplies,Paper,OFF-PA-10003395,290.0,340.0,4,4,3599
823,2022-10-13,Standard Class,Consumer,Technology,Accessories,TEC-AC-10002402,210.0,240.0,3,2,3431
824,2023-08-31,Standard Class,Consumer,Office Supplies,Labels,OFF-LA-10003223,10.0,10.0,2,3,4423
825,2022-04-08,Standard Class,Consumer,Technology,Accessories,TEC-AC-10003441,60.0,70.0,4,4,3675
826,2023-11-23,Standard Class,Consumer,Technology,Accessories,TEC-AC-10000109,160.0,170.0,3,4,4720
827,2023-06-21,Standard Class,Consumer,Office Supplies,Fasteners,OFF-FA-10002280,40.0,40.0,7,2,1434
828,2023-10-24,Standard Class,Consumer,Office Supplies,Supplies,OFF-SU-10000381,30.0,40.0,4,4,2916
829,2023-12-23,Standard Class,Consumer,Office Supplies,Envelopes,OFF-EN-10004459,20.0,20.0,2,3,1139
830,2022-04-23,Second Class,Consumer,Furniture,Chairs,FUR-CH-10000665,250.0,300.0,2,4,3629
831,2022-12-12,Second Class,Consumer,Office Supplies,Appliances,OFF-AP-10003884,150.0,180.0,3,4,4077
832,2023-05-30,Second Class,Consumer,Technology,Phones,TEC-PH-10001557,180.0,190.0,2,4,1443
833,2023-03-21,Second Class,Consumer,Technology,Phones,TEC-PH-10002085,60.0,70.0,1,5,2635
834,2022-11-18,Standard Class,Corporate,Office Supplies,Art,OFF-AR-10002956,30.0,40.0,2,2,2368
835,2023-07-30,Standard Class,Corporate,Office Supplies,Appliances,OFF-AP-10003266,20.0,20.0,2,4,23
836,2022-08-01,Standard Class,Corporate,Technology,Machines,TEC-MA-10004002,220.0,270.0,1,3,3686
837,2023-04-25,Second Class,Consumer,Office Supplies,Binders,OFF-BI-10001071,40.0,50.0,4,2,18
838,2023-10-29,Standard Class,Home Office,Office Supplies,Paper,OFF-PA-10001560,10.0,10.0,2,2,321
839,2022-11-08,Standard Class,Corporate,Technology,Phones,TEC-PH-10002365,20.0,20.0,3,4,198
840,2023-03-10,Standard Class,Corporate,Office Supplies,Art,OFF-AR-10004648,50.0,60.0,3,3,2525
841,2023-06-29,Standard Class,Corporate,Office Supplies,Art,OFF-AR-10002578,10.0,10.0,4,5,1149
842,2022-12-26,Standard Class,Corporate,Furniture,Bookcases,FUR-BO-10001519,170.0,190.0,4,2,3768
843,2023-12-22,First Class,Corporate,Office Supplies,Binders,OFF-BI-10001294,30.0,40.0,4,5,2702
844,2023-05-01,First Class,Corporate,Office Supplies,Binders,OFF-BI-10001636,30.0,30.0,4,2,2583
845,2022-03-07,First Class,Corporate,Office Supplies,Supplies,OFF-SU-10002503,10.0,10.0,2,5,4019
846,2023-06-20,First Class,Corporate,Office Supplies,Labels,OFF-LA-10004093,10.0,10.0,2,5,4628
847,2022-02-10,Standard Class,Consumer,Technology,Phones,TEC-PH-10001552,70.0,80.0,7,3,166
848,2023-12-21,Standard Class,Consumer,Furniture,Chairs,FUR-CH-10001891,230.0,290.0,3,3,2552
849,2023-06-21,Standard Class,Consumer,Furniture,Furnishings,FUR-FU-10003878,40.0,50.0,4,2,2238
850,2023-04-22,Standard Class,Corporate,Technology,Accessories,TEC-AC-10000710,110.0,120.0,7,3,446
851,2022-04-30,Second Class,Corporate,Office Supplies,Art,OFF-AR-10002335,10.0,10.0,2,2,823
852,2022-02-10,Second Class,Corporate,Office Supplies,Paper,OFF-PA-10001870,30.0,40.0,6,5,1097
853,2022-03-28,Standard Class,Consumer,Office Supplies,Art,OFF-AR-10003373,160.0,190.0,6,2,4677
854,2023-12-11,Standard Class,Consumer,Furniture,Furnishings,FUR-FU-10004090,30.0,40.0,2,4,1453
855,2023-01-20,Standard Class,Consumer,Office Supplies,Storage,OFF-ST-10000736,190.0,240.0,3,2,1743
856,2023-08-27,Standard Class,Consumer,Office Supplies,Paper,OFF-PA-10001019,30.0,40.0,2,5,1340
857,2022-07-05,Standard Class,Consumer,Office Supplies,Supplies,OFF-SU-10002537,90.0,100.0,10,2,5074
858,2023-03-22,Standard Class,Consumer,Office Supplies,Storage,OFF-ST-10003221,20.0,20.0,2,4,240
859,2022-08-27,Standard Class,Home Office,Office Supplies,Paper,OFF-PA-10004569,10.0,10.0,1,4,3623
860,2023-06-05,Standard Class,Home Office,Office Supplies,Fasteners,OFF-FA-10000624,10.0,10.0,2,3,3344
861,2022-07-02,Standard Class,Consumer,Office Supplies,Supplies,OFF-SU-10001225,10.0,10.0,2,4,1317
862,2022-04-06,Standard Class,Consumer,Office Supplies,Art,OFF-AR-10003752,20.0,20.0,2,4,2633
863,2023-07-26,Second Class,Corporate,Technology,Accessories,TEC-AC-10001714,170.0,190.0,6,2,4268
864,2022-11-02,Second Class,Corporate,Office Supplies,Art,OFF-AR-10003958,10.0,10.0,2,4,5033
865,2022-01-30,Second Class,Corporate,Technology,Phones,TEC-PH-10002923,50.0,60.0,2,2,766
866,2022-04-01,Standard Class,Corporate,Office Supplies,Labels,OFF-LA-10004272,10.0,10.0,1,4,2095
867,2023-09-06,Standard Class,Corporate,Furniture,Furnishings,FUR-FU-10000965,40.0,50.0,1,4,2564
868,2022-12-28,First Class,Corporate,Office Supplies,Labels,OFF-LA-10004853,20.0,20.0,4,5,816
869,2023-04-27,Standard Class,Corporate,Office Supplies,Binders,OFF-BI-10003719,30.0,40.0,6,2,4914
870,2023-05-12,First Class,Home Office,Office Supplies,Binders,OFF-BI-10000545,910.0,1140.0,5,2,1918
871,2022-02-28,First Class,Home Office,Technology,Phones,TEC-PH-10002496,260.0,280.0,3,5,3007
872,2022-07-11,First Class,Consumer,Office Supplies,Paper,OFF-PA-10003591,30.0,30.0,3,3,2950
873,2022-06-01,Standard Class,Consumer,Office Supplies,Paper,OFF-PA-10004470,10.0,10.0,2,2,2504
874,2022-03-21,Standard Class,Consumer,Office Supplies,Binders,OFF-BI-10000315,100.0,110.0,7,5,2717
875,2022-02-07,Standard Class,Consumer,Office Supplies,Paper,OFF-PA-10001790,160.0,190.0,5,4,4043
876,2023-04-04,Standard Class,Home Office,Furniture,Furnishings,FUR-FU-10004017,280.0,320.0,3,2,1834
877,2023-03-23,Standard Class,Home Office,Technology,Accessories,TEC-AC-10003628,30.0,30.0,1,3,3152
878,2023-06-13,Standard Class,Home Office,Technology,Accessories,TEC-AC-10002049,330.0,370.0,3,4,4780
879,2022-12-18,Standard Class,Home Office,Office Supplies,Binders,OFF-BI-10003712,10.0,10.0,4,2,4810
880,2022-06-30,Second Class,Home Office,Office Supplies,Binders,OFF-BI-10003984,60.0,70.0,3,3,1496
881,2022-11-30,Second Class,Home Office,Furniture,Chairs,FUR-CH-10004287,1170.0,1240.0,5,2,3787
882,2023-07-11,Standard Class,Consumer,Office Supplies,Storage,OFF-ST-10001321,30.0,30.0,2,2,1620
883,2022-05-10,Same Day,Consumer,Office Supplies,Art,OFF-AR-10001118,10.0,10.0,4,4,2654
884,2022-06-03,First Class,Home Office,Furniture,Furnishings,FUR-FU-10000732,20.0,30.0,5,2,2080
885,2022-11-18,Standard Class,Consumer,Furniture,Furnishings,FUR-FU-10001424,20.0,20.0,2,5,2077
886,2022-07-18,Second Class,Corporate,Office Supplies,Binders,OFF-BI-10002071,10.0,10.0,3,4,4266
887,2023-02-07,Standard Class,Consumer,Office Supplies,Storage,OFF-ST-10002486,70.0,80.0,12,5,1662
888,2022-07-16,Standard Class,Home Office,Office Supplies,Binders,OFF-BI-10001078,30.0,40.0,7,5,4785
889,2023-10-12,Standard Class,Corporate,Office Supplies,Paper,OFF-PA-10003845,30.0,30.0,6,2,178
890,2022-01-11,Standard Class,Consumer,Technology,Accessories,TEC-AC-10000927,130.0,150.0,5,3,928
891,2022-02-10,Standard Class,Consumer,Office Supplies,Binders,OFF-BI-10001098,40.0,50.0,3,4,4293
892,2022-05-03,First Class,Home Office,Office Supplies,Paper,OFF-PA-10001622,10.0,10.0,1,4,3337
893,2023-04-07,First Class,Home Office,Office Supplies,Art,OFF-AR-10003158,20.0,20.0,4,2,1757
894,2023-02-07,First Class,Home Office,Technology,Phones,TEC-PH-10002660,510.0,540.0,8,2,3106
895,2022-12-05,First Class,Corporate,Office Supplies,Storage,OFF-ST-10002205,130.0,160.0,7,3,1927
896,2022-05-13,First Class,Corporate,Office Supplies,Binders,OFF-BI-10003364,60.0,70.0,3,2,1596
897,2023-11-20,Second Class,Consumer,Office Supplies,Envelopes,OFF-EN-10001099,20.0,20.0,2,3,147
898,2022-10-17,Standard Class,Consumer,Office Supplies,Labels,OFF-LA-10003923,90.0,100.0,7,2,538
899,2023-02-06,Second Class,Corporate,Office Supplies,Paper,OFF-PA-10002250,50.0,50.0,8,3,4114
900,2022-10-20,First Class,Corporate,Office Supplies,Binders,OFF-BI-10004716,10.0,10.0,2,3,3005
901,2023-05-20,First Class,Consumer,Office Supplies,Labels,OFF-LA-10001045,10.0,10.0,5,5,2151
902,2023-09-09,First Class,Consumer,Office Supplies,Binders,OFF-BI-10001510,20.0,20.0,4,3,4600
903,2022-06-28,First Class,Consumer,Technology,Phones,TEC-PH-10004536,260.0,320.0,3,2,1465
904,2023-12-01,Standard Class,Consumer,Office Supplies,Paper,OFF-PA-10002947,20.0,20.0,3,2,4944
905,2022-05-25,Standard Class,Consumer,Office Supplies,Storage,OFF-ST-10002583,50.0,60.0,2,2,2631
906,2022-04-23,Standard Class,Consumer,Office Supplies,Paper,OFF-PA-10000019,10.0,10.0,2,2,1037
907,2023-11-26,Standard Class,Consumer,Furniture,Bookcases,FUR-BO-10003441,280.0,320.0,4,4,4767
908,2022-07-25,Standard Class,Consumer,Technology,Phones,TEC-PH-10004774,70.0,90.0,7,4,3881
909,2023-07-06,Standard Class,Consumer,Office Supplies,Binders,OFF-BI-10003684,40.0,50.0,3,3,1386
910,2023-03-30,Standard Class,Home Office,Technology,Phones,TEC-PH-10001494,1010.0,1200.0,4,3,476
911,2023-12-31,Standard Class,Home Office,Technology,Accessories,TEC-AC-10004666,1830.0,1930.0,7,4,3777
912,2022-06-08,Standard Class,Home Office,Office Supplies,Storage,OFF-ST-10003816,320.0,350.0,2,3,4392
913,2023-06-21,Standard Class,Home Office,Furniture,Furnishings,FUR-FU-10001935,20.0,20.0,6,5,4895
914,2023-05-09,First Class,Corporate,Furniture,Furnishings,FUR-FU-10004091,40.0,50.0,1,5,546
915,2023-05-29,First Class,Corporate,Technology,Accessories,TEC-AC-10001772,130.0,140.0,9,4,4550
916,2023-03-03,Standard Class,Corporate,Furniture,Tables,FUR-TA-10001520,90.0,100.0,2,4,247
917,2023-05-17,Standard Class,Corporate,Furniture,Chairs,FUR-CH-10003379,680.0,800.0,4,5,529
918,2022-12-18,Standard Class,Corporate,Office Supplies,Binders,OFF-BI-10002706,10.0,10.0,3,2,2735
919,2022-06-28,Standard Class,Corporate,Office Supplies,Envelopes,OFF-EN-10000056,130.0,150.0,3,4,2985
920,2022-03-13,Standard Class,Corporate,Office Supplies,Storage,OFF-ST-10001558,10.0,10.0,1,5,2401
921,2022-12-18,Standard Class,Consumer,Office Supplies,Storage,OFF-ST-10002444,20.0,20.0,2,4,4343
922,2022-12-07,Standard Class,Consumer,Technology,Accessories,TEC-AC-10002473,80.0,90.0,3,5,2551
923,2022-03-17,Standard Class,Consumer,Technology,Phones,TEC-PH-10004531,20.0,20.0,1,2,4908
924,2023-03-13,Standard Class,Consumer,Office Supplies,Appliances,OFF-AP-10004487,340.0,410.0,5,4,723
925,2022-08-04,Standard Class,Corporate,Office Supplies,Binders,OFF-BI-10003650,720.0,840.0,2,3,4340
926,2022-05-23,First Class,Consumer,Office Supplies,Paper,OFF-PA-10003543,20.0,20.0,3,3,1298
927,2023-01-23,First Class,Consumer,Technology,Accessories,TEC-AC-10004353,210.0,250.0,5,3,242
928,2022-05-23,Standard Class,Home Office,Office Supplies,Art,OFF-AR-10000658,40.0,50.0,4,3,3110
929,2022-02-22,Standard Class,Home Office,Office Supplies,Appliances,OFF-AP-10000696,20.0,30.0,2,5,340
930,2022-02-23,First Class,Consumer,Office Supplies,Art,OFF-AR-10003560,10.0,10.0,3,3,4683
931,2022-08-08,First Class,Consumer,Office Supplies,Art,OFF-AR-10001468,90.0,90.0,3,2,577
932,2022-06-27,First Class,Consumer,Office Supplies,Paper,OFF-PA-10004971,10.0,10.0,3,2,4359
933,2022-09-04,Standard Class,Consumer,Office Supplies,Paper,OFF-PA-10002195,10.0,10.0,3,4,4702
934,2023-09-09,Standard Class,Home Office,Office Supplies,Paper,OFF-PA-10001745,40.0,50.0,8,4,857
935,2022-07-18,Standard Class,Home Office,Office Supplies,Binders,OFF-BI-10004826,20.0,30.0,6,3,472
936,2022-05-12,Standard Class,Home Office,Office Supplies,Paper,OFF-PA-10001870,20.0,20.0,3,3,3896
937,2023-12-13,Standard Class,Home Office,Office Supplies,Appliances,OFF-AP-10001058,410.0,450.0,2,3,611
938,2022-10-11,First Class,Corporate,Technology,Accessories,TEC-AC-10003911,140.0,160.0,1,3,3896
939,2023-05-31,Standard Class,Corporate,Office Supplies,Paper,OFF-PA-10000289,10.0,10.0,2,4,1945
940,2022-12-18,Standard Class,Corporate,Office Supplies,Appliances,OFF-AP-10003040,120.0,130.0,4,3,87
941,2023-07-11,First Class,Corporate,Office Supplies,Paper,OFF-PA-10000350,20.0,20.0,2,3,5036
942,2023-02-15,Standard Class,Corporate,Office Supplies,Binders,OFF-BI-10001759,10.0,10.0,2,4,4946
943,2023-04-06,Standard Class,Corporate,Furniture,Tables,FUR-TA-10000577,900.0,1110.0,4,5,3328
944,2023-12-25,Standard Class,Consumer,Office Supplies,Paper,OFF-PA-10004101,30.0,30.0,5,4,3816
945,2023-07-14,Standard Class,Consumer,Office Supplies,Storage,OFF-ST-10001496,500.0,540.0,3,5,1881
946,2022-03-03,Standard Class,Consumer,Office Supplies,Binders,OFF-BI-10002931,150.0,170.0,5,4,29
947,2023-04-20,First Class,Consumer,Furniture,Tables,FUR-TA-10002356,320.0,390.0,3,3,2445
948,2022-06-09,Standard Class,Home Office,Furniture,Furnishings,FUR-FU-10003601,420.0,520.0,7,5,1256
949,2022-06-15,Standard Class,Home Office,Furniture,Furnishings,FUR-FU-10000576,810.0,1010.0,6,2,2615
950,2022-07-09,Standard Class,Home Office,Furniture,Tables,FUR-TA-10004154,1950.0,2070.0,12,5,3550
951,2022-03-19,Standard Class,Home Office,Office Supplies,Paper,OFF-PA-10000788,20.0,20.0,3,3,2231
952,2022-05-14,Standard Class,Home Office,Office Supplies,Paper,OFF-PA-10002479,20.0,30.0,6,2,4908
953,2023-04-23,Standard Class,Consumer,Furniture,Furnishings,FUR-FU-10001940,30.0,30.0,4,3,2696
954,2022-08-03,Standard Class,Consumer,Office Supplies,Art,OFF-AR-10001958,30.0,30.0,2,2,1899
955,2023-11-15,Standard Class,Consumer,Furniture,Bookcases,FUR-BO-10004709,70.0,80.0,2,5,2158
956,2022-02-07,Standard Class,Consumer,Office Supplies,Storage,OFF-ST-10000604,160.0,170.0,5,4,1791
957,2022-08-20,Second Class,Consumer,Technology,Phones,TEC-PH-10002923,30.0,30.0,1,4,4807
958,2022-06-29,Second Class,Consumer,Office Supplies,Binders,OFF-BI-10004465,10.0,10.0,2,5,4579
959,2022-10-23,Second Class,Consumer,Office Supplies,Paper,OFF-PA-10002333,20.0,20.0,3,2,3428
960,2022-05-15,Same Day,Consumer,Furniture,Furnishings,FUR-FU-10004188,190.0,200.0,2,4,2488
961,2023-09-04,Standard Class,Corporate,Furniture,Chairs,FUR-CH-10002965,260.0,320.0,2,2,2683
962,2023-10-23,Standard Class,Home Office,Office Supplies,Binders,OFF-BI-10000145,10.0,10.0,2,2,193
963,2023-08-16,First Class,Corporate,Office Supplies,Envelopes,OFF-EN-10001335,20.0,20.0,2,5,791
964,2022-09-13,Second Class,Consumer,Office Supplies,Labels,OFF-LA-10001613,10.0,10.0,2,5,3417
965,2022-04-30,First Class,Home Office,Office Supplies,Labels,OFF-LA-10004055,10.0,10.0,2,3,1760
966,2022-05-06,First Class,Home Office,Office Supplies,Art,OFF-AR-10004344,40.0,40.0,3,5,89
967,2023-07-11,First Class,Home Office,Office Supplies,Paper,OFF-PA-10004621,10.0,10.0,2,3,3545
968,2023-07-05,First Class,Home Office,Office Supplies,Paper,OFF-PA-10001281,180.0,190.0,4,4,3027
969,2023-03-19,First Class,Home Office,Office Supplies,Labels,OFF-LA-10001613,10.0,10.0,3,5,1226
970,2022-10-25,First Class,Home Office,Office Supplies,Storage,OFF-ST-10001097,420.0,500.0,3,5,2455
971,2023-12-15,Second Class,Consumer,Furniture,Furnishings,FUR-FU-10001095,110.0,130.0,6,4,3561
972,2022-05-29,Second Class,Consumer,Technology,Phones,TEC-PH-10004614,110.0,120.0,3,4,1047
973,2022-06-15,Second Class,Consumer,Office Supplies,Binders,OFF-BI-10001575,20.0,20.0,2,4,4388
974,2023-05-17,Second Class,Consumer,Office Supplies,Labels,OFF-LA-10001074,20.0,30.0,3,5,1491
975,2022-06-26,Second Class,Home Office,Technology,Phones,TEC-PH-10003555,150.0,160.0,7,4,4533
976,2023-11-01,Second Class,Home Office,Office Supplies,Binders,OFF-BI-10004492,70.0,80.0,3,5,2005
977,2023-02-03,Standard Class,Consumer,Office Supplies,Binders,OFF-BI-10002012,10.0,10.0,2,4,898
978,2023-04-16,First Class,Corporate,Technology,Machines,TEC-MA-10000822,2850.0,3060.0,2,3,792
979,2023-11-15,First Class,Consumer,Office Supplies,Binders,OFF-BI-10000848,10.0,10.0,2,2,3120
980,2023-07-27,First Class,Corporate,Office Supplies,Paper,OFF-PA-10004156,30.0,30.0,3,2,3508
981,2022-04-25,Standard Class,Consumer,Furniture,Chairs,FUR-CH-10003199,570.0,600.0,6,5,3249
982,2023-03-31,Second Class,Consumer,Office Supplies,Art,OFF-AR-10000034,20.0,30.0,1,3,4466
983,2023-02-01,Second Class,Consumer,Technology,Phones,TEC-PH-10000560,460.0,560.0,2,5,4187
984,2022-10-16,Second Class,Consumer,Furniture,Chairs,FUR-CH-10000665,550.0,600.0,5,2,718
985,2023-03-27,Standard Class,Home Office,Office Supplies,Labels,OFF-LA-10001569,10.0,10.0,2,2,3858
986,2022-04-03,Standard Class,Home Office,Office Supplies,Envelopes,OFF-EN-10000461,20.0,30.0,4,5,3004
987,2023-12-25,Standard Class,Home Office,Technology,Machines,TEC-MA-10003066,320.0,340.0,3,4,2638
988,2023-10-28,Same Day,Consumer,Office Supplies,Binders,OFF-BI-10004022,10.0,10.0,2,3,581
989,2023-11-14,Standard Class,Corporate,Furniture,Furnishings,FUR-FU-10004071,490.0,520.0,5,4,1870
990,2023-02-19,Standard Class,Corporate,Office Supplies,Art,OFF-AR-10001988,20.0,20.0,3,5,4283
991,2023-08-14,Second Class,Home Office,Furniture,Chairs,FUR-CH-10004086,1060.0,1170.0,5,5,328
992,2023-07-16,First Class,Consumer,Office Supplies,Binders,OFF-BI-10001036,10.0,10.0,2,2,1003
993,2022-06-24,First Class,Consumer,Office Supplies,Fasteners,OFF-FA-10002983,10.0,10.0,3,5,40
994,2022-06-29,First Class,Consumer,Office Supplies,Paper,OFF-PA-10003625,120.0,150.0,5,2,403
995,2023-03-24,Standard Class,Corporate,Office Supplies,Binders,OFF-BI-10003925,2200.0,2720.0,7,2,4977
996,2022-02-10,Standard Class,Corporate,Technology,Phones,TEC-PH-10001530,520.0,620.0,3,2,1901
997,2023-03-25,Standard Class,Consumer,Office Supplies,Envelopes,OFF-EN-10003862,10.0,10.0,1,4,4843
998,2023-02-17,Standard Class,Consumer,Office Supplies,Storage,OFF-ST-10004258,30.0,40.0,3,3,1081
999,2023-11-25,Standard Class,Consumer,Furniture,Furnishings,FUR-FU-10002885,20.0,20.0,5,2,2748
1000,2023-09-05,Standard Class,Consumer,Furniture,Furnishings,FUR-FU-10001918,30.0,30.0,7,3,1077
1001,2022-08-29,Standard Class,Home Office,Office Supplies,Art,OFF-AR-10002956,40.0,40.0,2,5,2788
1002,2023-09-02,Same Day,Consumer,Technology,Accessories,TEC-AC-10003033,2010.0,2310.0,7,4,1939
1003,2022-10-08,Same Day,Consumer,Furniture,Tables,FUR-TA-10002903,960.0,1090.0,7,4,1867
1004,2023-12-23,Same Day,Consumer,Office Supplies,Paper,OFF-PA-10004621,20.0,20.0,3,2,3866
1005,2022-08-03,Standard Class,Consumer,Office Supplies,Storage,OFF-ST-10000046,450.0,480.0,3,2,791
1006,2023-08-03,Standard Class,Consumer,Office Supplies,Paper,OFF-PA-10001790,110.0,120.0,3,4,1264
1007,2022-10-17,First Class,Consumer,Office Supplies,Envelopes,OFF-EN-10002600,10.0,10.0,3,4,4225
1008,2023-07-17,First Class,Consumer,Office Supplies,Binders,OFF-BI-10002049,10.0,10.0,3,4,3504
1009,2022-11-11,Standard Class,Consumer,Office Supplies,Paper,OFF-PA-10001509,40.0,40.0,5,3,2244
1010,2023-03-14,First Class,Consumer,Technology,Phones,TEC-PH-10003931,80.0,100.0,2,2,1052
1011,2022-01-30,First Class,Consumer,Furniture,Furnishings,FUR-FU-10001602,140.0,150.0,4,5,4295
1012,2023-12-21,Second Class,Consumer,Furniture,Furnishings,FUR-FU-10004848,140.0,160.0,3,3,2638
1013,2022-04-14,Second Class,Consumer,Office Supplies,Storage,OFF-ST-10003722,10.0,10.0,1,4,4290
1014,2022-06-22,Second Class,Consumer,Furniture,Tables,FUR-TA-10003748,1410.0,1620.0,13,3,4285
1015,2023-06-21,Second Class,Consumer,Technology,Accessories,TEC-AC-10003198,90.0,100.0,1,2,867
1016,2023-03-07,Second Class,Home Office,Office Supplies,Paper,OFF-PA-10004100,30.0,30.0,5,5,3677
1017,2022-08-23,Standard Class,Corporate,Furniture,Furnishings,FUR-FU-10002191,10.0,10.0,2,3,1691
1018,2023-08-26,Standard Class,Corporate,Furniture,Furnishings,FUR-FU-10000965,130.0,160.0,3,2,1553
1019,2023-08-11,Standard Class,Corporate,Technology,Phones,TEC-PH-10004188,110.0,120.0,5,2,487
1020,2023-07-14,Standard Class,Corporate,Office Supplies,Storage,OFF-ST-10001526,490.0,600.0,5,5,752
1021,2023-03-20,Standard Class,Consumer,Office Supplies,Art,OFF-AR-10001166,20.0,20.0,3,3,3041
1022,2023-12-29,Standard Class,Consumer,Furniture,Chairs,FUR-CH-10000309,1080.0,1270.0,3,3,4471
1023,2023-11-26,Standard Class,Consumer,Technology,Machines,TEC-MA-10004212,1240.0,1380.0,8,2,3022
1024,2023-03-09,Standard Class,Consumer,Office Supplies,Envelopes,OFF-EN-10003072,10.0,10.0,2,4,2582
1025,2023-06-03,First Class,Home Office,Office Supplies,Binders,OFF-BI-10000320,10.0,10.0,2,3,2324
1026,2023-09-16,Second Class,Home Office,Office Supplies,Paper,OFF-PA-10001166,20.0,20.0,3,2,5050
1027,2022-04-02,Second Class,Home Office,Office Supplies,Paper,OFF-PA-10003656,50.0,60.0,3,5,3404
1028,2022-08-05,Second Class,Home Office,Technology,Phones,TEC-PH-10000148,20.0,20.0,2,2,2139
1029,2022-03-26,Standard Class,Corporate,Office Supplies,Paper,OFF-PA-10000474,160.0,180.0,5,5,2293
1030,2023-06-26,Standard Class,Corporate,Technology,Phones,TEC-PH-10003885,160.0,200.0,3,2,2138
1031,2023-08-08,Standard Class,Corporate,Furniture,Chairs,FUR-CH-10003379,790.0,850.0,3,4,5005
1032,2022-08-06,Standard Class,Corporate,Furniture,Furnishings,FUR-FU-10000629,110.0,120.0,9,2,842
1033,2023-03-27,Standard Class,Corporate,Office Supplies,Labels,OFF-LA-10001175,10.0,10.0,5,2,4466
1034,2023-05-02,First Class,Consumer,Office Supplies,Paper,OFF-PA-10000955,20.0,20.0,3,4,3647
1035,2022-06-05,First Class,Consumer,Office Supplies,Binders,OFF-BI-10003460,20.0,20.0,2,4,5041
1036,2022-10-10,First Class,Consumer,Office Supplies,Binders,OFF-BI-10000474,10.0,10.0,3,4,4442
1037,2023-10-21,Standard Class,Home Office,Furniture,Furnishings,FUR-FU-10003975,80.0,90.0,2,3,3628
1038,2023-01-24,First Class,Consumer,Office Supplies,Binders,OFF-BI-10003707,30.0,40.0,3,4,4194
1039,2023-03-06,First Class,Consumer,Office Supplies,Art,OFF-AR-10000203,20.0,20.0,7,5,1590
1040,2022-04-19,First Class,Consumer,Office Supplies,Art,OFF-AR-10004790,30.0,30.0,3,4,1252
1041,2023-07-23,Standard Class,Home Office,Furniture,Tables,FUR-TA-10001095,620.0,700.0,4,3,3072
1042,2022-09-27,Second Class,Consumer,Technology,Accessories,TEC-AC-10004761,20.0,30.0,2,2,50
1043,2023-06-27,Second Class,Consumer,Furniture,Bookcases,FUR-BO-10001811,680.0,720.0,3,4,4099
1044,2022-12-11,First Class,Corporate,Office Supplies,Art,OFF-AR-10001130,10.0,10.0,5,3,2395
1045,2023-08-21,First Class,Corporate,Office Supplies,Appliances,OFF-AP-10000055,50.0,60.0,9,5,1840
1046,2022-05-03,Standard Class,Home Office,Furniture,Chairs,FUR-CH-10002304,230.0,250.0,14,4,4199
1047,2022-09-24,Standard Class,Consumer,Technology,Phones,TEC-PH-10001530,1120.0,1360.0,5,5,2474
1048,2023-03-17,Standard Class,Consumer,Furniture,Furnishings,FUR-FU-10004006,90.0,100.0,3,3,78
1049,2023-03-23,Second Class,Consumer,Technology,Phones,TEC-PH-10000486,930.0,1110.0,12,3,890
1050,2023-07-08,Second Class,Consumer,Technology,Accessories,TEC-AC-10001606,90.0,100.0,1,2,1585
1051,2023-01-18,First Class,Corporate,Furniture,Furnishings,FUR-FU-10000293,140.0,170.0,2,3,2977
1052,2022-09-26,First Class,Corporate,Office Supplies,Paper,OFF-PA-10001307,10.0,10.0,2,4,1772
1053,2023-08-10,First Class,Corporate,Furniture,Furnishings,FUR-FU-10004460,250.0,280.0,9,5,3675
1054,2022-09-01,Standard Class,Home Office,Office Supplies,Art,OFF-AR-10000716,10.0,10.0,2,5,3197
1055,2023-06-16,Standard Class,Home Office,Furniture,Furnishings,FUR-FU-10004622,100.0,110.0,2,4,1249
1056,2023-11-29,Standard Class,Home Office,Office Supplies,Binders,OFF-BI-10002735,80.0,80.0,3,3,821
1057,2022-12-21,Standard Class,Home Office,Office Supplies,Binders,OFF-BI-10003529,10.0,10.0,4,4,4126
1058,2023-10-13,Standard Class,Corporate,Office Supplies,Binders,OFF-BI-10001097,20.0,20.0,4,3,1039
1059,2022-05-22,Standard Class,Corporate,Office Supplies,Binders,OFF-BI-10001597,60.0,70.0,2,2,4746
1060,2022-07-09,Standard Class,Home Office,Office Supplies,Fasteners,OFF-FA-10001754,,,3,3,4050
1061,2022-04-11,Standard Class,Consumer,Furniture,Chairs,FUR-CH-10003396,100.0,110.0,2,2,2885
1062,2022-04-06,Standard Class,Corporate,Office Supplies,Appliances,OFF-AP-10002350,50.0,50.0,3,5,3418
1063,2022-05-29,Standard Class,Corporate,Office Supplies,Fasteners,OFF-FA-10004838,10.0,10.0,7,4,3592
1064,2023-01-13,Standard Class,Corporate,Office Supplies,Art,OFF-AR-10004757,10.0,10.0,3,3,2729
1065,2022-12-26,Standard Class,Corporate,Technology,Phones,TEC-PH-10002115,110.0,120.0,3,3,3155
1066,2022-05-04,Standard Class,Corporate,Office Supplies,Fasteners,OFF-FA-10003059,10.0,10.0,1,4,4584
1067,2023-06-04,Standard Class,Corporate,Office Supplies,Binders,OFF-BI-10004330,50.0,60.0,5,4,924
1068,2023-02-04,First Class,Consumer,Furniture,Chairs,FUR-CH-10001146,170.0,190.0,4,2,213
1069,2023-09-07,Second Class,Consumer,Office Supplies,Supplies,OFF-SU-10001935,10.0,10.0,1,2,4515
1070,2022-10-01,Standard Class,Home Office,Office Supplies,Binders,OFF-BI-10001524,30.0,30.0,4,5,2585
1071,2022-01-30,Standard Class,Home Office,Office Supplies,Art,OFF-AR-10003732,20.0,20.0,7,3,1575
1072,2023-07-05,Standard Class,Home Office,Office Supplies,Paper,OFF-PA-10001970,30.0,30.0,3,2,1923
1073,2022-08-27,Standard Class,Consumer,Office Supplies,Binders,OFF-BI-10003669,10.0,10.0,2,3,4497
1074,2022-10-11,Standard Class,Consumer,Office Supplies,Binders,OFF-BI-10003727,10.0,10.0,5,3,979
1075,2022-05-04,Standard Class,Consumer,Office Supplies,Binders,OFF-BI-10004967,10.0,10.0,7,3,760
1076,2023-12-23,Standard Class,Consumer,Technology,Accessories,TEC-AC-10003447,30.0,30.0,2,4,3846
1077,2023-04-28,First Class,Home Office,Office Supplies,Art,OFF-AR-10000255,30.0,40.0,7,4,854
1078,2023-09-08,Second Class,Consumer,Office Supplies,Appliances,OFF-AP-10002191,100.0,120.0,2,5,4944
1079,2023-06-29,Second Class,Consumer,Office Supplies,Storage,OFF-ST-10001325,30.0,30.0,3,2,4825
1080,2022-04-29,Second Class,Consumer,Office Supplies,Binders,OFF-BI-10000404,10.0,10.0,1,4,1166
1081,2022-08-10,Standard Class,Corporate,Office Supplies,Paper,OFF-PA-10000349,20.0,20.0,4,5,2310
1082,2023-08-21,Standard Class,Corporate,Furniture,Chairs,FUR-CH-10002880,1000.0,1110.0,9,3,2341
1083,2022-10-01,Standard Class,Consumer,Furniture,Tables,FUR-TA-10001095,760.0,840.0,8,4,4308
1084,2023-12-16,Standard Class,Consumer,Office Supplies,Paper,OFF-PA-10003127,30.0,30.0,1,4,2212
1085,2023-12-09,Standard Class,Consumer,Office Supplies,Storage,OFF-ST-10003208,320.0,360.0,2,3,1116
1086,2022-06-28,Standard Class,Consumer,Technology,Machines,TEC-MA-10003979,4360.0,4900.0,7,5,3465
1087,2022-02-15,Same Day,Consumer,Office Supplies,Paper,OFF-PA-10000029,10.0,10.0,1,5,2755
1088,2022-01-04,Second Class,Corporate,Technology,Phones,TEC-PH-10004896,60.0,70.0,3,2,1816
1089,2023-12-30,Second Class,Corporate,Office Supplies,Labels,OFF-LA-10000452,10.0,10.0,1,2,2412
1090,2022-05-23,Standard Class,Corporate,Furniture,Furnishings,FUR-FU-10001967,30.0,30.0,2,3,5021
1091,2022-07-13,Standard Class,Corporate,Technology,Phones,TEC-PH-10001819,60.0,70.0,2,2,4525
1092,2022-04-12,Standard Class,Consumer,Office Supplies,Art,OFF-AR-10002952,100.0,120.0,9,5,5030
1093,2022-09-28,Standard Class,Consumer,Technology,Phones,TEC-PH-10000576,180.0,220.0,2,3,1862
1094,2023-10-25,Standard Class,Home Office,Office Supplies,Paper,OFF-PA-10000605,20.0,30.0,5,4,3709
1095,2022-10-08,Standard Class,Home Office,Office Supplies,Appliances,OFF-AP-10002518,320.0,360.0,2,5,1970
1096,2022-10-06,Standard Class,Home Office,Office Supplies,Storage,OFF-ST-10004340,320.0,350.0,7,2,229
1097,2023-04-09,Standard Class,Home Office,Office Supplies,Binders,OFF-BI-10004001,40.0,40.0,7,3,3630
1098,2022-01-30,First Class,Corporate,Furniture,Tables,FUR-TA-10004147,360.0,450.0,5,5,3078
1099,2023-09-15,First Class,Home Office,Office Supplies,Art,OFF-AR-10001545,10.0,10.0,4,3,985
1100,2022-10-18,First Class,Home Office,Furniture,Furnishings,FUR-FU-10000206,10.0,10.0,3,3,2590
1101,2022-01-24,First Class,Home Office,Technology,Accessories,TEC-AC-10001013,30.0,30.0,1,3,4248
1102,2022-04-17,First Class,Home Office,Office Supplies,Art,OFF-AR-10002255,10.0,10.0,3,3,2693
1103,2023-10-18,Standard Class,Consumer,Office Supplies,Binders,OFF-BI-10004140,10.0,10.0,3,5,2725
1104,2023-09-08,Standard Class,Consumer,Office Supplies,Binders,OFF-BI-10002049,10.0,10.0,3,4,936
1105,2023-12-30,Standard Class,Consumer,Office Supplies,Paper,OFF-PA-10001892,20.0,20.0,3,2,3093
1106,2023-11-19,Standard Class,Consumer,Office Supplies,Storage,OFF-ST-10000642,80.0,100.0,6,2,1366
1107,2023-02-23,Standard Class,Consumer,Furniture,Furnishings,FUR-FU-10000206,10.0,10.0,2,4,1696
1108,2023-09-03,Standard Class,Consumer,Office Supplies,Binders,OFF-BI-10003676,10.0,10.0,5,2,4205
1109,2023-10-19,Standard Class,Consumer,Office Supplies,Fasteners,OFF-FA-10003495,60.0,60.0,12,4,1060
1110,2023-01-02,Standard Class,Consumer,Office Supplies,Envelopes,OFF-EN-10003798,30.0,40.0,3,2,1560
1111,2022-01-12,Standard Class,Consumer,Technology,Phones,TEC-PH-10003589,60.0,70.0,5,2,341
1112,2022-07-18,Standard Class,Consumer,Office Supplies,Paper,OFF-PA-10004735,10.0,10.0,2,5,1675
1113,2022-12-21,Standard Class,Consumer,Office Supplies,Binders,OFF-BI-10002609,10.0,10.0,2,5,2921
1114,2023-07-10,Second Class,Consumer,Office Supplies,Binders,OFF-BI-10003364,40.0,50.0,2,3,3206
1115,2022-11-18,Second Class,Consumer,Furniture,Bookcases,FUR-BO-10002206,100.0,120.0,1,2,136
1116,2022-08-28,Second Class,Consumer,Technology,Accessories,TEC-AC-10003610,110.0,120.0,2,5,3289
1117,2023-02-05,Second Class,Corporate,Office Supplies,Labels,OFF-LA-10003766,10.0,10.0,2,4,3562
1118,2022-06-16,Standard Class,Consumer,Office Supplies,Paper,OFF-PA-10001970,230.0,280.0,5,5,1360
1119,2023-07-26,Standard Class,Consumer,Technology,Accessories,TEC-AC-10002049,530.0,620.0,5,3,4881
1120,2023-02-03,Standard Class,Consumer,Office Supplies,Paper,OFF-PA-10000141,10.0,10.0,2,4,1266
1121,2023-08-14,Standard Class,Consumer,Office Supplies,Envelopes,OFF-EN-10004459,20.0,20.0,2,5,464
1122,2022-07-03,Standard Class,Consumer,Technology,Phones,TEC-PH-10001061,600.0,700.0,7,4,1251
1123,2022-02-08,Standard Class,Consumer,Office Supplies,Art,OFF-AR-10002375,20.0,20.0,7,3,4762
1124,2023-07-27,Standard Class,Consumer,Furniture,Furnishings,FUR-FU-10003194,30.0,40.0,4,2,3042
1125,2023-08-09,Standard Class,Consumer,Office Supplies,Art,OFF-AR-10003811,10.0,10.0,3,5,3650
1126,2022-10-04,Standard Class,Consumer,Office Supplies,Envelopes,OFF-EN-10001539,20.0,20.0,3,4,3825
1127,2022-01-29,Standard Class,Consumer,Furniture,Chairs,FUR-CH-10002331,900.0,1070.0,3,5,1037
1128,2023-07-11,Standard Class,Home Office,Office Supplies,Art,OFF-AR-10003156,10.0,10.0,1,5,470
1129,2022-08-05,Standard Class,Home Office,Office Supplies,Envelopes,OFF-EN-10001532,80.0,100.0,6,3,462
1130,2023-12-23,Standard Class,Consumer,Furniture,Tables,FUR-TA-10004086,320.0,340.0,4,5,1239
1131,2022-09-06,Standard Class,Consumer,Office Supplies,Paper,OFF-PA-10000100,40.0,40.0,1,3,4955
1132,2022-02-11,Standard Class,Consumer,Office Supplies,Envelopes,OFF-EN-10002500,60.0,60.0,5,5,120
1133,2022-03-10,First Class,Corporate,Office Supplies,Paper,OFF-PA-10004100,20.0,20.0,3,5,1738
1134,2022-07-12,Standard Class,Home Office,Office Supplies,Storage,OFF-ST-10003479,110.0,120.0,4,2,357
1135,2022-12-31,Standard Class,Home Office,Office Supplies,Labels,OFF-LA-10000973,10.0,10.0,3,4,3002
1136,2023-11-22,Same Day,Consumer,Office Supplies,Storage,OFF-ST-10001476,70.0,90.0,3,4,2586
1137,2023-12-21,Second Class,Corporate,Office Supplies,Envelopes,OFF-EN-10002831,240.0,290.0,8,2,3356
1138,2023-10-23,Second Class,Corporate,Office Supplies,Appliances,OFF-AP-10002350,40.0,40.0,2,2,1773
1139,2023-12-02,Second Class,Corporate,Office Supplies,Paper,OFF-PA-10001763,20.0,20.0,2,4,1060
1140,2022-02-03,Second Class,Corporate,Office Supplies,Art,OFF-AR-10003394,20.0,20.0,7,2,4292
1141,2022-10-04,Second Class,Corporate,Office Supplies,Binders,OFF-BI-10002072,20.0,20.0,2,3,2179
1142,2022-08-24,Standard Class,Consumer,Furniture,Furnishings,FUR-FU-10004188,160.0,200.0,2,3,4177
1143,2022-11-01,Standard Class,Consumer,Office Supplies,Fasteners,OFF-FA-10001561,10.0,10.0,4,3,1092
1144,2022-10-01,Standard Class,Consumer,Office Supplies,Paper,OFF-PA-10002105,10.0,10.0,1,4,4576
1145,2022-05-28,Standard Class,Consumer,Technology,Machines,TEC-MA-10004241,640.0,690.0,2,3,4501
1146,2022-10-07,Standard Class,Consumer,Office Supplies,Storage,OFF-ST-10004340,50.0,60.0,1,2,320
1147,2023-08-16,Same Day,Consumer,Office Supplies,Appliances,OFF-AP-10003849,590.0,640.0,2,4,1458
1148,2023-06-02,Same Day,Consumer,Office Supplies,Fasteners,OFF-FA-10000735,10.0,10.0,2,5,2138
1149,2022-11-24,Same Day,Consumer,Office Supplies,Binders,OFF-BI-10003350,10.0,10.0,2,5,1865
1150,2022-11-10,Same Day,Consumer,Technology,Phones,TEC-PH-10000307,10.0,10.0,1,5,1409
1151,2023-01-28,Same Day,Consumer,Technology,Copiers,TEC-CO-10004202,560.0,600.0,2,5,2038
1152,2023-06-02,Standard Class,Corporate,Furniture,Furnishings,FUR-FU-10001852,10.0,10.0,6,5,738
1153,2023-12-08,Standard Class,Corporate,Office Supplies,Art,OFF-AR-10003759,10.0,10.0,2,2,4556
1154,2022-12-24,Standard Class,Corporate,Office Supplies,Binders,OFF-BI-10003984,140.0,160.0,7,5,3813
1155,2022-11-12,First Class,Home Office,Office Supplies,Storage,OFF-ST-10004337,110.0,120.0,2,4,4947
1156,2022-02-03,First Class,Home Office,Furniture,Tables,FUR-TA-10001932,2060.0,2240.0,7,4,4393
1157,2022-09-25,First Class,Home Office,Office Supplies,Binders,OFF-BI-10003982,50.0,60.0,3,5,3239
1158,2022-11-24,First Class,Home Office,Furniture,Tables,FUR-TA-10000617,430.0,460.0,2,4,223
1159,2023-08-23,Second Class,Corporate,Furniture,Chairs,FUR-CH-10002126,180.0,200.0,1,4,859
1160,2022-02-01,Standard Class,Consumer,Office Supplies,Appliances,OFF-AP-10000576,290.0,360.0,3,4,4965
1161,2022-05-29,Standard Class,Consumer,Office Supplies,Binders,OFF-BI-10004654,10.0,10.0,2,3,1147
1162,2023-06-12,Second Class,Consumer,Office Supplies,Art,OFF-AR-10004042,40.0,50.0,3,2,1395
1163,2022-03-01,Standard Class,Home Office,Technology,Phones,TEC-PH-10004700,10.0,10.0,1,3,5044
1164,2022-12-23,Standard Class,Home Office,Office Supplies,Binders,OFF-BI-10004593,110.0,130.0,3,4,4946
1165,2022-11-02,Standard Class,Home Office,Office Supplies,Binders,OFF-BI-10003429,30.0,30.0,5,2,4913
1166,2022-11-08,Standard Class,Consumer,Office Supplies,Binders,OFF-BI-10001294,40.0,50.0,4,5,923
1167,2023-04-14,Same Day,Consumer,Technology,Accessories,TEC-AC-10001552,380.0,450.0,9,2,3781
1168,2022-06-26,Second Class,Consumer,Furniture,Furnishings,FUR-FU-10004952,90.0,110.0,2,2,4858
1169,2023-04-26,Second Class,Consumer,Office Supplies,Storage,OFF-ST-10004123,230.0,270.0,3,5,3625
1170,2022-07-19,Second Class,Consumer,Office Supplies,Paper,OFF-PA-10003172,20.0,20.0,3,5,2161
1171,2022-01-13,Second Class,Consumer,Office Supplies,Storage,OFF-ST-10002352,30.0,30.0,4,2,1915
1172,2022-05-09,Standard Class,Consumer,Office Supplies,Paper,OFF-PA-10002259,20.0,20.0,2,3,2064
1173,2022-04-05,Standard Class,Consumer,Office Supplies,Binders,OFF-BI-10002976,20.0,20.0,5,4,1625
1174,2022-12-05,Standard Class,Consumer,Office Supplies,Binders,OFF-BI-10000301,10.0,10.0,4,4,4810
1175,2023-06-03,First Class,Corporate,Office Supplies,Binders,OFF-BI-10003694,40.0,50.0,6,3,1792
1176,2023-04-17,Standard Class,Home Office,Office Supplies,Supplies,OFF-SU-10000381,30.0,30.0,3,4,4440
1177,2022-04-18,Second Class,Home Office,Office Supplies,Labels,OFF-LA-10004425,10.0,10.0,4,3,1543
1178,2023-11-22,Standard Class,Consumer,Furniture,Chairs,FUR-CH-10001270,160.0,170.0,2,2,2611
1179,2022-05-22,Standard Class,Consumer,Technology,Phones,TEC-PH-10003931,150.0,180.0,3,4,3772
1180,2023-11-08,Second Class,Home Office,Technology,Accessories,TEC-AC-10003174,240.0,260.0,3,4,3409
1181,2022-12-26,Standard Class,Consumer,Technology,Phones,TEC-PH-10004539,1240.0,1320.0,7,4,3372
1182,2023-05-10,Standard Class,Consumer,Office Supplies,Art,OFF-AR-10001919,10.0,10.0,2,4,4746
1183,2023-12-10,First Class,Consumer,Office Supplies,Envelopes,OFF-EN-10002504,20.0,20.0,1,3,918
1184,2022-09-09,First Class,Consumer,Technology,Phones,TEC-PH-10003655,10.0,10.0,5,3,3765
1185,2023-06-02,Standard Class,Corporate,Office Supplies,Binders,OFF-BI-10004656,10.0,10.0,7,5,2919
1186,2022-06-04,Standard Class,Corporate,Office Supplies,Storage,OFF-ST-10002344,390.0,490.0,6,2,2565
1187,2022-10-17,Standard Class,Corporate,Office Supplies,Paper,OFF-PA-10001800,20.0,30.0,4,4,3081
1188,2023-03-17,Standard Class,Corporate,Office Supplies,Storage,OFF-ST-10000036,180.0,200.0,2,3,969
1189,2022-06-20,Second Class,Home Office,Office Supplies,Appliances,OFF-AP-10004532,70.0,80.0,4,5,894
1190,2022-06-03,Second Class,Home Office,Technology,Phones,TEC-PH-10004447,800.0,890.0,8,4,909
1191,2022-09-08,Second Class,Home Office,Furniture,Chairs,FUR-CH-10003973,750.0,890.0,3,5,2399
1192,2022-06-09,Second Class,Home Office,Office Supplies,Paper,OFF-PA-10001970,200.0,220.0,4,2,2507
1193,2023-02-14,Second Class,Home Office,Office Supplies,Paper,OFF-PA-10000682,20.0,20.0,4,5,2236
1194,2023-07-14,Same Day,Corporate,Office Supplies,Paper,OFF-PA-10001937,20.0,20.0,3,3,4353
1195,2022-08-27,Same Day,Corporate,Furniture,Furnishings,FUR-FU-10002268,20.0,20.0,4,2,3337
1196,2022-08-10,Same Day,Corporate,Office Supplies,Storage,OFF-ST-10001321,20.0,20.0,2,3,3805
1197,2022-08-23,Same Day,Corporate,Furniture,Furnishings,FUR-FU-10003394,50.0,60.0,1,4,1636
1198,2023-02-15,Standard Class,Consumer,Technology,Accessories,TEC-AC-10001990,380.0,430.0,9,4,3387
1199,2023-07-23,Standard Class,Consumer,Furniture,Chairs,FUR-CH-10004540,90.0,100.0,4,3,1760
1200,2022-09-24,Standard Class,Consumer,Office Supplies,Binders,OFF-BI-10004995,920.0,1090.0,4,3,4285
1201,2023-04-10,Standard Class,Corporate,Furniture,Chairs,FUR-CH-10002335,480.0,540.0,3,3,2329
1202,2022-03-06,Standard Class,Corporate,Office Supplies,Binders,OFF-BI-10004967,10.0,10.0,3,2,4309
1203,2022-01-01,Standard Class,Corporate,Furniture,Chairs,FUR-CH-10002331,770.0,850.0,3,3,3787
1204,2022-02-10,Standard Class,Corporate,Office Supplies,Storage,OFF-ST-10002292,550.0,590.0,2,4,1913
1205,2022-06-07,Standard Class,Corporate,Office Supplies,Storage,OFF-ST-10000689,290.0,340.0,3,3,99
1206,2022-01-05,First Class,Consumer,Technology,Phones,TEC-PH-10002660,250.0,270.0,5,4,2613
1207,2023-09-04,Second Class,Corporate,Office Supplies,Storage,OFF-ST-10004634,10.0,10.0,1,4,2523
1208,2022-12-12,Second Class,Corporate,Office Supplies,Binders,OFF-BI-10002160,10.0,10.0,3,3,3744
1209,2023-06-27,Second Class,Corporate,Office Supplies,Fasteners,OFF-FA-10002988,10.0,10.0,7,3,3039
1210,2022-06-28,Second Class,Corporate,Office Supplies,Art,OFF-AR-10004999,30.0,40.0,7,4,2318
1211,2022-01-16,Second Class,Corporate,Office Supplies,Binders,OFF-BI-10001031,10.0,10.0,2,2,4331
1212,2022-08-02,Second Class,Corporate,Furniture,Bookcases,FUR-BO-10004695,490.0,580.0,4,3,4370
1213,2022-02-24,Standard Class,Corporate,Furniture,Chairs,FUR-CH-10004860,130.0,140.0,2,4,5006
1214,2022-06-24,Standard Class,Corporate,Office Supplies,Binders,OFF-BI-10002432,20.0,20.0,2,5,3164
1215,2022-08-27,Standard Class,Corporate,Office Supplies,Binders,OFF-BI-10000069,40.0,50.0,1,5,1997
1216,2022-03-27,Standard Class,Corporate,Office Supplies,Art,OFF-AR-10003602,10.0,10.0,1,5,4229
1217,2023-12-28,Standard Class,Corporate,Technology,Accessories,TEC-AC-10004469,100.0,100.0,3,3,1522
1218,2023-10-31,Standard Class,Corporate,Furniture,Furnishings,FUR-FU-10001867,20.0,20.0,2,4,4337
1219,2022-10-17,Standard Class,Corporate,Technology,Accessories,TEC-AC-10003174,250.0,260.0,3,5,2648
1220,2023-07-07,Standard Class,Corporate,Technology,Phones,TEC-PH-10002200,1760.0,1930.0,7,2,1967
1221,2023-05-22,Standard Class,Home Office,Office Supplies,Storage,OFF-ST-10000107,220.0,250.0,9,3,4625
1222,2022-09-20,Standard Class,Home Office,Technology,Phones,TEC-PH-10000439,250.0,260.0,8,2,4226
1223,2023-06-09,First Class,Consumer,Furniture,Furnishings,FUR-FU-10001602,100.0,110.0,3,3,403
1224,2023-01-19,First Class,Consumer,Technology,Accessories,TEC-AC-10001432,60.0,80.0,1,2,4744
1225,2023-05-11,First Class,Consumer,Office Supplies,Binders,OFF-BI-10004656,10.0,10.0,1,3,385
1226,2023-03-06,First Class,Consumer,Office Supplies,Paper,OFF-PA-10001685,30.0,40.0,4,5,2144
1227,2023-11-21,First Class,Consumer,Office Supplies,Storage,OFF-ST-10001418,160.0,180.0,3,4,4275
1228,2023-09-06,First Class,Consumer,Office Supplies,Storage,OFF-ST-10000676,180.0,190.0,2,5,958
1229,2022-06-12,Standard Class,Consumer,Office Supplies,Envelopes,OFF-EN-10001219,20.0,20.0,2,2,2761
1230,2023-04-30,Standard Class,Consumer,Furniture,Furnishings,FUR-FU-10001424,10.0,10.0,1,4,1223
1231,2022-07-23,Standard Class,Consumer,Office Supplies,Art,OFF-AR-10001022,10.0,10.0,2,5,2009
1232,2022-03-05,Second Class,Consumer,Office Supplies,Art,OFF-AR-10000369,10.0,10.0,2,3,2130
1233,2023-08-16,Second Class,Consumer,Office Supplies,Envelopes,OFF-EN-10003055,70.0,80.0,2,2,1347
1234,2023-08-20,First Class,Corporate,Technology,Copiers,TEC-CO-10001046,780.0,840.0,2,5,2885
1235,2023-08-24,Same Day,Consumer,Furniture,Furnishings,FUR-FU-10000076,40.0,50.0,3,3,4479
1236,2022-04-13,Same Day,Consumer,Office Supplies,Binders,OFF-BI-10003719,30.0,40.0,5,4,3146
1237,2022-07-08,Same Day,Consumer,Furniture,Furnishings,FUR-FU-10003268,50.0,60.0,2,5,4063
1238,2023-11-19,Same Day,Consumer,Furniture,Furnishings,FUR-FU-10003553,160.0,170.0,3,4,4244
1239,2022-07-25,Standard Class,Consumer,Furniture,Furnishings,FUR-FU-10003691,10.0,10.0,1,3,4691
1240,2022-05-22,Standard Class,Consumer,Office Supplies,Art,OFF-AR-10003903,30.0,40.0,1,3,1403
1241,2022-04-26,Standard Class,Consumer,Office Supplies,Fasteners,OFF-FA-10004854,20.0,20.0,2,4,3610
1242,2023-03-16,Standard Class,Home Office,Technology,Phones,TEC-PH-10003442,20.0,20.0,4,5,5066
1243,2023-01-27,Standard Class,Consumer,Office Supplies,Binders,OFF-BI-10004519,380.0,400.0,3,3,1132
1244,2022-10-24,Standard Class,Consumer,Office Supplies,Fasteners,OFF-FA-10000304,10.0,10.0,4,2,1644
1245,2023-12-01,Standard Class,Consumer,Office Supplies,Envelopes,OFF-EN-10004955,50.0,50.0,9,4,2531
1246,2022-09-02,Second Class,Consumer,Furniture,Tables,FUR-TA-10004619,690.0,760.0,6,5,506
1247,2023-09-30,Second Class,Consumer,Furniture,Tables,FUR-TA-10003473,3430.0,3610.0,12,3,1684
1248,2022-08-03,Second Class,Consumer,Furniture,Bookcases,FUR-BO-10004467,200.0,250.0,3,2,675
1249,2023-11-05,Standard Class,Consumer,Office Supplies,Art,OFF-AR-10002280,40.0,40.0,6,2,2474
1250,2022-10-10,Standard Class,Consumer,Furniture,Chairs,FUR-CH-10001708,1070.0,1140.0,9,2,2993
1251,2022-11-23,Standard Class,Consumer,Office Supplies,Appliances,OFF-AP-10000891,1600.0,1700.0,13,3,1668
1252,2023-08-15,Standard Class,Consumer,Office Supplies,Art,OFF-AR-10000462,10.0,10.0,2,4,2742
1253,2022-08-22,Standard Class,Consumer,Technology,Phones,TEC-PH-10004165,970.0,1100.0,4,5,4056
1254,2022-02-24,Standard Class,Home Office,Office Supplies,Art,OFF-AR-10003958,10.0,10.0,2,4,2581
1255,2022-10-14,Standard Class,Home Office,Technology,Phones,TEC-PH-10000149,40.0,40.0,3,5,3859
1256,2023-11-18,Standard Class,Home Office,Furniture,Furnishings,FUR-FU-10003724,10.0,10.0,1,5,1046
1257,2022-01-29,Standard Class,Home Office,Furniture,Furnishings,FUR-FU-10003535,30.0,40.0,2,2,3854
1258,2023-12-20,Second Class,Home Office,Office Supplies,Binders,OFF-BI-10001575,30.0,30.0,3,5,4726
1259,2023-02-25,Second Class,Home Office,Office Supplies,Storage,OFF-ST-10003716,490.0,540.0,3,5,4073
1260,2022-04-10,Second Class,Home Office,Technology,Accessories,TEC-AC-10004469,220.0,260.0,8,2,1488
1261,2023-02-09,Standard Class,Consumer,Technology,Phones,TEC-PH-10004586,710.0,860.0,3,5,3199
1262,2023-05-23,Standard Class,Corporate,Office Supplies,Binders,OFF-BI-10004236,20.0,20.0,4,2,292
1263,2023-11-14,Second Class,Consumer,Office Supplies,Binders,OFF-BI-10001634,20.0,20.0,3,5,5047
1264,2023-05-05,First Class,Consumer,Technology,Phones,TEC-PH-10000215,70.0,70.0,2,3,2640
1265,2022-09-20,First Class,Consumer,Furniture,Furnishings,FUR-FU-10003724,40.0,40.0,5,3,4418
1266,2023-07-21,Standard Class,Consumer,Office Supplies,Art,OFF-AR-10000422,10.0,10.0,3,5,4797
1267,2022-09-05,Standard Class,Corporate,Office Supplies,Storage,OFF-ST-10003306,130.0,140.0,1,5,2344
1268,2022-11-01,Standard Class,Corporate,Furniture,Chairs,FUR-CH-10001146,240.0,290.0,6,3,847
1269,2023-04-23,Standard Class,Corporate,Furniture,Furnishings,FUR-FU-10000246,30.0,30.0,3,5,4830
1270,2023-04-10,Standard Class,Consumer,Office Supplies,Paper,OFF-PA-10002870,10.0,10.0,2,5,1683
1271,2022-03-09,Standard Class,Corporate,Office Supplies,Storage,OFF-ST-10000563,80.0,100.0,4,5,1999
1272,2023-10-12,Standard Class,Corporate,Office Supplies,Appliances,OFF-AP-10004487,40.0,50.0,3,2,1728
1273,2023-07-22,Standard Class,Corporate,Office Supplies,Binders,OFF-BI-10002854,40.0,40.0,8,4,802
1274,2022-01-24,Same Day,Consumer,Office Supplies,Paper,OFF-PA-10004621,10.0,10.0,2,2,3492
1275,2022-01-21,Same Day,Consumer,Furniture,Chairs,FUR-CH-10001973,320.0,390.0,5,4,4336
1276,2022-02-13,Same Day,Consumer,Office Supplies,Paper,OFF-PA-10004040,10.0,10.0,3,2,2744
1277,2022-02-14,Same Day,Consumer,Technology,Accessories,TEC-AC-10000580,50.0,60.0,1,2,3062
1278,2023-12-30,Standard Class,Consumer,Office Supplies,Art,OFF-AR-10004022,80.0,90.0,3,3,311
1279,2022-06-24,First Class,Corporate,Technology,Accessories,TEC-AC-10004209,20.0,30.0,3,5,4232
1280,2022-03-15,First Class,Corporate,Technology,Accessories,TEC-AC-10000023,70.0,80.0,4,5,533
1281,2023-03-27,First Class,Consumer,Technology,Phones,TEC-PH-10003505,250.0,280.0,3,5,2059
1282,2022-08-04,First Class,Consumer,Office Supplies,Labels,OFF-LA-10000121,20.0,20.0,3,3,5041
1283,2022-05-11,First Class,Consumer,Office Supplies,Binders,OFF-BI-10002026,20.0,20.0,1,3,5096
1284,2023-10-07,First Class,Consumer,Office Supplies,Paper,OFF-PA-10000994,240.0,250.0,3,5,2803
1285,2023-07-16,Standard Class,Consumer,Office Supplies,Binders,OFF-BI-10002813,10.0,10.0,7,4,2064
1286,2022-07-24,Standard Class,Consumer,Office Supplies,Storage,OFF-ST-10000617,10.0,10.0,5,2,1269
1287,2023-09-30,Standard Class,Home Office,Office Supplies,Art,OFF-AR-10004817,20.0,20.0,3,3,878
1288,2022-08-30,Standard Class,Corporate,Furniture,Furnishings,FUR-FU-10000397,40.0,40.0,2,5,2068
1289,2023-11-09,Standard Class,Corporate,Office Supplies,Binders,OFF-BI-10000605,10.0,10.0,4,4,4743
1290,2022-05-08,Standard Class,Corporate,Office Supplies,Art,OFF-AR-10001860,20.0,20.0,3,4,1557
1291,2022-07-23,First Class,Home Office,Office Supplies,Binders,OFF-BI-10004970,10.0,10.0,4,5,1676
1292,2022-11-15,First Class,Home Office,Office Supplies,Paper,OFF-PA-10003172,30.0,30.0,5,2,1698
1293,2022-05-14,Standard Class,Consumer,Office Supplies,Supplies,OFF-SU-10001218,20.0,30.0,3,4,2588
1294,2022-01-29,Standard Class,Consumer,Office Supplies,Paper,OFF-PA-10002968,100.0,110.0,5,4,2032
1295,2022-08-26,Standard Class,Consumer,Office Supplies,Labels,OFF-LA-10000134,10.0,10.0,1,3,270
1296,2022-06-09,Standard Class,Consumer,Office Supplies,Appliances,OFF-AP-10004487,770.0,850.0,13,5,2322
1297,2023-03-31,Standard Class,Corporate,Office Supplies,Binders,OFF-BI-10002103,10.0,10.0,2,4,3429
1298,2022-03-22,Standard Class,Corporate,Office Supplies,Binders,OFF-BI-10004632,20.0,20.0,2,4,847
1299,2022-07-08,Second Class,Corporate,Technology,Phones,TEC-PH-10003555,90.0,110.0,5,3,1239
1300,2022-01-31,First Class,Consumer,Office Supplies,Storage,OFF-ST-10001590,30.0,30.0,2,4,4870
1301,2022-06-07,Second Class,Consumer,Furniture,Furnishings,FUR-FU-10003664,500.0,570.0,6,4,4093
1302,2022-12-15,Second Class,Consumer,Furniture,Furnishings,FUR-FU-10003664,260.0,290.0,3,4,2704
1303,2022-05-22,Second Class,Home Office,Furniture,Bookcases,FUR-BO-10003433,50.0,60.0,2,2,1376
1304,2022-02-04,Standard Class,Consumer,Furniture,Furnishings,FUR-FU-10002554,20.0,20.0,1,5,4730
1305,2022-07-17,Standard Class,Consumer,Technology,Phones,TEC-PH-10001557,270.0,290.0,3,3,2996
1306,2022-08-30,Second Class,Consumer,Technology,Phones,TEC-PH-10003437,390.0,420.0,7,5,1588
1307,2023-03-14,First Class,Consumer,Office Supplies,Paper,OFF-PA-10002986,40.0,50.0,7,4,3007
1308,2023-10-23,First Class,Consumer,Office Supplies,Binders,OFF-BI-10000320,20.0,20.0,3,5,5073
1309,2023-10-02,First Class,Consumer,Office Supplies,Appliances,OFF-AP-10003971,20.0,20.0,2,3,3699
1310,2023-12-19,First Class,Consumer,Office Supplies,Storage,OFF-ST-10001469,130.0,160.0,3,3,722
1311,2022-09-16,First Class,Consumer,Furniture,Chairs,FUR-CH-10003846,140.0,160.0,2,2,1725
1312,2023-07-12,Standard Class,Consumer,Office Supplies,Labels,OFF-LA-10001404,10.0,10.0,1,2,4064
1313,2023-09-30,Standard Class,Consumer,Office Supplies,Labels,OFF-LA-10001474,100.0,120.0,4,5,1613
1314,2023-03-02,Standard Class,Consumer,Furniture,Chairs,FUR-CH-10003199,150.0,160.0,2,2,1953
1315,2023-04-21,Standard Class,Corporate,Office Supplies,Paper,OFF-PA-10003072,30.0,40.0,6,4,1033
1316,2023-07-22,Standard Class,Corporate,Furniture,Furnishings,FUR-FU-10004960,140.0,180.0,8,4,1450
1317,2022-04-16,Standard Class,Corporate,Office Supplies,Supplies,OFF-SU-10003505,510.0,580.0,5,4,3003
1318,2023-12-23,Standard Class,Consumer,Technology,Accessories,TEC-AC-10003116,10.0,10.0,1,2,198
1319,2022-10-17,Standard Class,Corporate,Technology,Phones,TEC-PH-10004586,490.0,580.0,2,4,344
1320,2023-11-13,Standard Class,Corporate,Office Supplies,Binders,OFF-BI-10000546,10.0,10.0,6,2,2940
1321,2022-08-13,Standard Class,Consumer,Office Supplies,Binders,OFF-BI-10002071,10.0,10.0,3,2,3387
1322,2022-02-24,Standard Class,Consumer,Office Supplies,Storage,OFF-ST-10001490,240.0,290.0,2,2,3677
1323,2023-08-11,Standard Class,Consumer,Office Supplies,Appliances,OFF-AP-10004859,70.0,70.0,5,2,4707
1324,2023-11-24,First Class,Consumer,Office Supplies,Paper,OFF-PA-10002659,10.0,10.0,4,3,419
1325,2023-11-03,Standard Class,Corporate,Office Supplies,Storage,OFF-ST-10001321,40.0,50.0,3,5,2758
1326,2023-04-23,First Class,Consumer,Office Supplies,Binders,OFF-BI-10004139,20.0,20.0,6,5,4568
1327,2023-09-24,Standard Class,Home Office,Furniture,Furnishings,FUR-FU-10001867,40.0,50.0,6,4,2389
1328,2022-02-16,First Class,Corporate,Office Supplies,Paper,OFF-PA-10004156,10.0,10.0,1,4,968
1329,2022-11-05,Second Class,Home Office,Office Supplies,Art,OFF-AR-10002818,80.0,90.0,4,5,2254
1330,2023-04-13,Standard Class,Consumer,Furniture,Furnishings,FUR-FU-10003691,40.0,40.0,3,5,981
1331,2023-01-27,Standard Class,Home Office,Technology,Phones,TEC-PH-10000347,10.0,10.0,1,3,3201
1332,2023-07-19,Standard Class,Home Office,Office Supplies,Storage,OFF-ST-10004507,30.0,30.0,2,4,3585
1333,2023-08-18,Standard Class,Consumer,Office Supplies,Binders,OFF-BI-10002012,10.0,10.0,3,5,152
1334,2023-03-29,Standard Class,Consumer,Office Supplies,Appliances,OFF-AP-10001303,10.0,10.0,2,4,982
1335,2023-04-27,Standard Class,Home Office,Office Supplies,Binders,OFF-BI-10003684,110.0,140.0,8,2,2488
1336,2023-10-03,Standard Class,Consumer,Office Supplies,Storage,OFF-ST-10002574,500.0,550.0,4,3,994
1337,2023-02-26,Standard Class,Consumer,Furniture,Furnishings,FUR-FU-10003724,30.0,30.0,3,3,2884
1338,2023-01-12,Second Class,Consumer,Furniture,Furnishings,FUR-FU-10004018,30.0,30.0,2,5,297
1339,2022-10-24,Second Class,Consumer,Technology,Phones,TEC-PH-10002549,630.0,680.0,3,4,1107
1340,2023-07-09,Second Class,Consumer,Office Supplies,Paper,OFF-PA-10004911,70.0,80.0,8,5,1407
1341,2023-06-30,First Class,Corporate,Technology,Machines,TEC-MA-10002178,600.0,700.0,2,5,1348
1342,2022-11-09,First Class,Corporate,Office Supplies,Binders,OFF-BI-10003694,20.0,20.0,5,5,1950
1343,2023-01-11,First Class,Corporate,Office Supplies,Binders,OFF-BI-10000474,30.0,30.0,6,5,2999
1344,2022-01-16,Standard Class,Consumer,Office Supplies,Art,OFF-AR-10000411,40.0,50.0,3,3,578
1345,2022-11-23,Standard Class,Consumer,Office Supplies,Labels,OFF-LA-10000262,10.0,10.0,5,5,3051
1346,2023-11-21,Standard Class,Consumer,Office Supplies,Appliances,OFF-AP-10001154,80.0,90.0,2,4,2450
1347,2022-10-27,Standard Class,Consumer,Office Supplies,Paper,OFF-PA-10000466,50.0,50.0,7,3,4420
1348,2023-10-24,Standard Class,Consumer,Office Supplies,Art,OFF-AR-10003829,20.0,20.0,6,4,388
1349,2022-12-18,Standard Class,Consumer,Office Supplies,Binders,OFF-BI-10001758,40.0,50.0,10,4,291
1350,2023-06-05,Standard Class,Consumer,Office Supplies,Binders,OFF-BI-10000136,40.0,40.0,6,5,2995
1351,2023-12-13,Second Class,Consumer,Furniture,Chairs,FUR-CH-10002880,230.0,260.0,3,5,4044
1352,2023-10-31,First Class,Corporate,Office Supplies,Storage,OFF-ST-10000649,30.0,30.0,2,4,3157
1353,2023-08-10,Standard Class,Corporate,Technology,Phones,TEC-PH-10003092,160.0,180.0,5,2,2193
1354,2022-12-15,Standard Class,Corporate,Office Supplies,Paper,OFF-PA-10002250,20.0,20.0,3,3,3139
1355,2022-04-03,Standard Class,Corporate,Furniture,Tables,FUR-TA-10003473,270.0,300.0,1,2,3419
1356,2023-05-18,Same Day,Consumer,Office Supplies,Storage,OFF-ST-10001522,180.0,220.0,3,5,224
1357,2022-07-30,Same Day,Consumer,Office Supplies,Storage,OFF-ST-10000563,230.0,280.0,11,3,3126
1358,2022-04-19,First Class,Consumer,Office Supplies,Paper,OFF-PA-10003641,70.0,80.0,3,2,1729
1359,2023-07-20,First Class,Consumer,Furniture,Furnishings,FUR-FU-10000010,10.0,10.0,1,4,1340
1360,2022-08-12,Second Class,Consumer,Furniture,Chairs,FUR-CH-10002961,140.0,150.0,2,5,1005
1361,2022-12-28,Standard Class,Corporate,Office Supplies,Art,OFF-AR-10002956,110.0,120.0,7,2,4027
1362,2023-02-20,Standard Class,Corporate,Office Supplies,Paper,OFF-PA-10004041,20.0,20.0,4,2,5053
1363,2023-08-18,Standard Class,Corporate,Technology,Phones,TEC-PH-10001336,270.0,310.0,4,5,1035
1364,2022-09-17,First Class,Corporate,Office Supplies,Binders,OFF-BI-10001036,40.0,40.0,14,3,1248
1365,2023-09-15,First Class,Corporate,Technology,Machines,TEC-MA-10003183,90.0,100.0,2,5,946
1366,2023-01-20,First Class,Corporate,Technology,Accessories,TEC-AC-10001314,190.0,240.0,6,5,1989
1367,2022-04-20,First Class,Corporate,Technology,Phones,TEC-PH-10002563,180.0,200.0,2,4,2541
1368,2023-05-07,First Class,Corporate,Furniture,Chairs,FUR-CH-10003312,770.0,900.0,4,3,4722
1369,2022-06-23,First Class,Home Office,Furniture,Furnishings,FUR-FU-10001588,140.0,150.0,5,4,5049
1370,2023-04-08,Standard Class,Consumer,Furniture,Bookcases,FUR-BO-10002613,560.0,590.0,7,3,4038
1371,2023-12-20,Standard Class,Consumer,Office Supplies,Art,OFF-AR-10003405,10.0,10.0,3,5,3650
1372,2023-07-25,Standard Class,Home Office,Technology,Accessories,TEC-AC-10004510,50.0,50.0,3,5,3070
1373,2023-10-30,Second Class,Consumer,Office Supplies,Labels,OFF-LA-10002312,30.0,30.0,2,5,3010
1374,2022-12-02,Second Class,Consumer,Office Supplies,Binders,OFF-BI-10000042,20.0,20.0,4,5,5039
1375,2023-07-25,Standard Class,Consumer,Furniture,Tables,FUR-TA-10003008,850.0,910.0,5,2,2244
1376,2022-12-20,Second Class,Consumer,Office Supplies,Appliances,OFF-AP-10003590,960.0,1090.0,3,5,3473
1377,2022-08-22,Second Class,Consumer,Office Supplies,Paper,OFF-PA-10000806,400.0,450.0,8,5,353
1378,2023-06-30,Second Class,Consumer,Office Supplies,Art,OFF-AR-10000896,20.0,20.0,5,3,1469
1379,2022-10-26,Second Class,Consumer,Technology,Phones,TEC-PH-10002310,360.0,400.0,5,2,1587
1380,2023-09-27,Second Class,Consumer,Office Supplies,Storage,OFF-ST-10002289,140.0,160.0,5,5,730
1381,2023-03-19,Second Class,Consumer,Office Supplies,Binders,OFF-BI-10002852,10.0,10.0,1,5,2205
1382,2022-11-28,Standard Class,Home Office,Furniture,Furnishings,FUR-FU-10003394,70.0,80.0,3,5,1498
1383,2022-06-11,Same Day,Home Office,Office Supplies,Storage,OFF-ST-10002344,60.0,80.0,1,3,4435
1384,2023-07-26,Same Day,Home Office,Office Supplies,Paper,OFF-PA-10001289,310.0,350.0,9,2,1873
1385,2023-11-30,Same Day,Home Office,Office Supplies,Fasteners,OFF-FA-10000053,10.0,10.0,5,5,2057
1386,2022-01-16,Same Day,Home Office,Furniture,Furnishings,FUR-FU-10004091,20.0,20.0,3,5,3523
1387,2023-01-20,Same Day,Home Office,Furniture,Bookcases,FUR-BO-10004015,230.0,240.0,2,4,4446
1388,2022-07-24,Same Day,Home Office,Office Supplies,Envelopes,OFF-EN-10003001,160.0,170.0,2,4,3206
1389,2023-01-13,Same Day,Home Office,Technology,Phones,TEC-PH-10000215,90.0,100.0,3,5,1959
1390,2023-01-26,Same Day,Home Office,Technology,Phones,TEC-PH-10003645,420.0,480.0,3,5,369
1391,2022-07-13,Same Day,Home Office,Office Supplies,Paper,OFF-PA-10000357,110.0,120.0,3,5,4425
1392,2022-11-20,Same Day,Home Office,Office Supplies,Storage,OFF-ST-10004804,130.0,150.0,3,5,1830
1393,2023-01-27,Same Day,Home Office,Office Supplies,Paper,OFF-PA-10003892,280.0,340.0,7,4,3721
1394,2022-05-05,First Class,Corporate,Office Supplies,Art,OFF-AR-10003514,10.0,10.0,3,3,3860
1395,2023-06-02,Standard Class,Corporate,Furniture,Tables,FUR-TA-10002958,550.0,650.0,5,4,4945
1396,2022-03-05,Standard Class,Corporate,Furniture,Tables,FUR-TA-10001676,60.0,70.0,3,3,1959
1397,2023-11-29,First Class,Consumer,Office Supplies,Binders,OFF-BI-10000822,20.0,20.0,4,5,2010
1398,2023-08-05,First Class,Consumer,Office Supplies,Paper,OFF-PA-10004971,10.0,10.0,2,3,5023
1399,2022-10-10,First Class,Consumer,Technology,Accessories,TEC-AC-10002323,90.0,90.0,4,4,1855
1400,2022-03-29,First Class,Consumer,Office Supplies,Paper,OFF-PA-10004888,10.0,10.0,1,2,1160
1401,2022-09-11,Standard Class,Home Office,Technology,Phones,TEC-PH-10003988,20.0,20.0,2,2,10
1402,2023-03-28,Standard Class,Home Office,Office Supplies,Envelopes,OFF-EN-10002230,200.0,250.0,3,3,1717
1403,2022-11-12,Standard Class,Home Office,Furniture,Tables,FUR-TA-10002622,200.0,210.0,2,5,482
1404,2023-09-24,Standard Class,Home Office,Office Supplies,Paper,OFF-PA-10000418,350.0,420.0,5,5,4789
1405,2022-07-05,First Class,Home Office,Office Supplies,Supplies,OFF-SU-10004498,10.0,10.0,1,2,2487
1406,2023-09-25,First Class,Home Office,Furniture,Tables,FUR-TA-10001039,130.0,150.0,3,4,4579
1407,2023-09-15,First Class,Home Office,Technology,Accessories,TEC-AC-10004659,100.0,120.0,2,4,829
1408,2023-08-05,Standard Class,Consumer,Office Supplies,Art,OFF-AR-10002240,70.0,80.0,2,4,3235
1409,2023-04-09,Standard Class,Consumer,Furniture,Furnishings,FUR-FU-10001967,30.0,40.0,2,2,1226
1410,2023-01-28,Standard Class,Consumer,Furniture,Tables,FUR-TA-10002356,320.0,390.0,3,2,1479
1411,2022-06-27,Standard Class,Home Office,Office Supplies,Labels,OFF-LA-10003923,20.0,20.0,2,2,2543
1412,2023-08-25,Standard Class,Corporate,Furniture,Chairs,FUR-CH-10002335,380.0,410.0,2,2,3558
1413,2023-08-04,Standard Class,Corporate,Furniture,Furnishings,FUR-FU-10000723,140.0,170.0,4,5,3578
1414,2023-10-10,Standard Class,Consumer,Office Supplies,Binders,OFF-BI-10002867,280.0,330.0,7,4,1460
1415,2023-07-02,Second Class,Home Office,Technology,Accessories,TEC-AC-10000580,230.0,240.0,3,2,1799
1416,2022-04-16,Second Class,Home Office,Furniture,Furnishings,FUR-FU-10003976,30.0,40.0,3,4,522
1417,2022-10-05,First Class,Corporate,Technology,Phones,TEC-PH-10002922,860.0,950.0,7,5,4227
1418,2023-03-25,First Class,Corporate,Technology,Accessories,TEC-AC-10004353,120.0,150.0,3,3,3381
1419,2023-09-05,First Class,Corporate,Furniture,Furnishings,FUR-FU-10001706,10.0,10.0,4,5,1049
1420,2022-06-15,Standard Class,Corporate,Office Supplies,Paper,OFF-PA-10000501,70.0,90.0,4,3,4784
1421,2023-06-14,Standard Class,Corporate,Office Supplies,Binders,OFF-BI-10000778,60.0,70.0,2,2,4163
1422,2022-09-21,Standard Class,Corporate,Office Supplies,Appliances,OFF-AP-10004980,50.0,60.0,2,2,3593
1423,2023-08-22,Standard Class,Corporate,Office Supplies,Binders,OFF-BI-10003984,70.0,80.0,9,2,4441
1424,2022-12-22,Standard Class,Corporate,Office Supplies,Storage,OFF-ST-10000798,110.0,120.0,6,4,265
1425,2023-10-21,Standard Class,Corporate,Technology,Phones,TEC-PH-10001750,240.0,260.0,5,3,1649
1426,2022-07-22,Standard Class,Corporate,Office Supplies,Storage,OFF-ST-10002743,330.0,360.0,4,4,1374
1427,2023-05-22,Second Class,Corporate,Office Supplies,Binders,OFF-BI-10002949,10.0,10.0,2,3,4753
1428,2023-05-06,Second Class,Corporate,Office Supplies,Envelopes,OFF-EN-10002600,10.0,10.0,5,4,4377
1429,2022-10-01,Second Class,Corporate,Office Supplies,Binders,OFF-BI-10003708,30.0,30.0,5,3,1287
1430,2023-02-10,Second Class,Corporate,Office Supplies,Labels,OFF-LA-10003510,370.0,430.0,14,2,159
1431,2022-05-09,Standard Class,Consumer,Technology,Phones,TEC-PH-10003092,190.0,220.0,8,5,362
1432,2022-08-13,Second Class,Consumer,Office Supplies,Binders,OFF-BI-10001191,140.0,150.0,6,3,3231
1433,2022-06-16,Second Class,Consumer,Office Supplies,Supplies,OFF-SU-10004115,10.0,10.0,1,2,4440
1434,2022-01-15,Second Class,Consumer,Furniture,Chairs,FUR-CH-10000513,1550.0,1820.0,14,3,614
1435,2022-12-13,Standard Class,Consumer,Office Supplies,Paper,OFF-PA-10003673,20.0,30.0,5,3,2855
1436,2023-11-25,Standard Class,Consumer,Office Supplies,Paper,OFF-PA-10001639,30.0,30.0,6,5,3578
1437,2022-05-16,Standard Class,Consumer,Office Supplies,Art,OFF-AR-10003829,10.0,10.0,2,3,3514
1438,2022-03-08,Same Day,Consumer,Technology,Accessories,TEC-AC-10004975,230.0,260.0,3,5,2956
1439,2022-10-25,Same Day,Consumer,Furniture,Chairs,FUR-CH-10002024,2330.0,2450.0,5,5,1891
1440,2023-08-17,Second Class,Consumer,Office Supplies,Binders,OFF-BI-10004364,30.0,30.0,5,3,4307
1441,2022-02-04,Second Class,Consumer,Office Supplies,Paper,OFF-PA-10001712,40.0,40.0,4,4,413
1442,2023-01-14,Second Class,Consumer,Office Supplies,Binders,OFF-BI-10001510,30.0,40.0,2,5,3764
1443,2022-06-10,First Class,Corporate,Office Supplies,Paper,OFF-PA-10002713,10.0,10.0,2,5,1754
1444,2023-09-10,Standard Class,Corporate,Office Supplies,Storage,OFF-ST-10002974,130.0,140.0,4,4,3669
1445,2023-10-19,Standard Class,Consumer,Technology,Phones,TEC-PH-10004165,1580.0,1980.0,9,2,3689
1446,2023-11-09,First Class,Home Office,Office Supplies,Storage,OFF-ST-10004804,150.0,160.0,4,2,3897
1447,2022-08-22,First Class,Home Office,Furniture,Chairs,FUR-CH-10004289,410.0,470.0,7,2,1583
1448,2023-04-05,First Class,Home Office,Technology,Phones,TEC-PH-10002564,50.0,50.0,2,2,3137
1449,2022-12-28,First Class,Corporate,Office Supplies,Binders,OFF-BI-10004876,10.0,10.0,3,4,3773
1450,2022-05-23,Standard Class,Corporate,Technology,Phones,TEC-PH-10004348,80.0,90.0,3,4,1054
1451,2023-06-28,First Class,Consumer,Office Supplies,Binders,OFF-BI-10004352,30.0,30.0,1,2,3109
1452,2022-01-16,First Class,Corporate,Office Supplies,Paper,OFF-PA-10001685,60.0,70.0,7,5,4352
1453,2023-12-23,First Class,Corporate,Office Supplies,Binders,OFF-BI-10000666,80.0,90.0,3,3,2126
1454,2022-08-31,First Class,Corporate,Office Supplies,Binders,OFF-BI-10004352,30.0,30.0,5,5,738
1455,2022-11-11,First Class,Corporate,Technology,Machines,TEC-MA-10000010,2460.0,3040.0,8,3,4928
1456,2023-02-09,Standard Class,Home Office,Office Supplies,Binders,OFF-BI-10000977,80.0,90.0,3,4,4138
1457,2022-05-23,Standard Class,Home Office,Furniture,Tables,FUR-TA-10002530,370.0,450.0,3,2,4485
1458,2022-03-14,Standard Class,Corporate,Office Supplies,Binders,OFF-BI-10002412,40.0,50.0,9,5,1720
1459,2022-01-16,Standard Class,Corporate,Office Supplies,Labels,OFF-LA-10001569,20.0,20.0,4,2,833
1460,2023-06-19,Same Day,Consumer,Furniture,Furnishings,FUR-FU-10001473,30.0,30.0,2,2,1462
1461,2023-08-13,Standard Class,Consumer,Office Supplies,Binders,OFF-BI-10001765,50.0,60.0,2,2,2310
1462,2023-12-01,Standard Class,Consumer,Furniture,Tables,FUR-TA-10001095,220.0,240.0,2,2,4371
1463,2023-04-19,First Class,Corporate,Technology,Accessories,TEC-AC-10004571,150.0,160.0,2,4,984
1464,2022-01-07,First Class,Corporate,Furniture,Chairs,FUR-CH-10002126,950.0,1020.0,6,3,572
1465,2022-01-30,First Class,Corporate,Office Supplies,Fasteners,OFF-FA-10001754,,,2,4,922
1466,2023-05-30,Standard Class,Consumer,Furniture,Furnishings,FUR-FU-10001602,110.0,120.0,4,3,2710
1467,2023-03-06,Standard Class,Consumer,Technology,Accessories,TEC-AC-10001767,80.0,100.0,3,5,3317
1468,2022-09-15,Same Day,Home Office,Technology,Accessories,TEC-AC-10002402,230.0,260.0,4,4,1497
1469,2023-04-05,Standard Class,Corporate,Furniture,Chairs,FUR-CH-10000847,730.0,870.0,3,4,2738
1470,2022-08-02,Standard Class,Corporate,Office Supplies,Binders,OFF-BI-10003982,30.0,40.0,2,2,4823
1471,2023-03-15,Standard Class,Corporate,Office Supplies,Paper,OFF-PA-10001293,10.0,10.0,2,3,2918
1472,2022-08-27,Second Class,Corporate,Office Supplies,Art,OFF-AR-10000634,10.0,10.0,2,5,5052
1473,2022-03-23,Standard Class,Corporate,Office Supplies,Labels,OFF-LA-10004272,10.0,10.0,3,2,5056
1474,2023-10-25,Same Day,Consumer,Furniture,Furnishings,FUR-FU-10004270,10.0,10.0,4,5,1514
1475,2022-03-25,Standard Class,Home Office,Office Supplies,Art,OFF-AR-10003770,20.0,20.0,6,2,1629
1476,2022-09-30,Standard Class,Home Office,Office Supplies,Binders,OFF-BI-10000320,20.0,20.0,3,4,1680
1477,2023-07-08,Standard Class,Home Office,Office Supplies,Labels,OFF-LA-10003121,20.0,30.0,7,2,2837
1478,2022-06-03,Standard Class,Consumer,Office Supplies,Supplies,OFF-SU-10000381,50.0,50.0,7,5,717
1479,2022-02-05,First Class,Consumer,Technology,Phones,TEC-PH-10000376,30.0,30.0,4,4,4222
1480,2022-03-23,Standard Class,Consumer,Office Supplies,Paper,OFF-PA-10002262,30.0,30.0,4,2,1593
1481,2022-01-12,Standard Class,Consumer,Office Supplies,Paper,OFF-PA-10002464,30.0,40.0,7,5,3044
1482,2023-08-13,Standard Class,Consumer,Office Supplies,Storage,OFF-ST-10002214,20.0,30.0,3,5,445
1483,2023-04-25,Second Class,Consumer,Office Supplies,Art,OFF-AR-10003560,10.0,10.0,2,2,2253
1484,2023-08-19,Second Class,Consumer,Office Supplies,Paper,OFF-PA-10000130,10.0,10.0,1,5,4418
1485,2023-02-27,Standard Class,Corporate,Technology,Accessories,TEC-AC-10000865,160.0,180.0,3,5,670
1486,2023-07-22,Standard Class,Consumer,Office Supplies,Fasteners,OFF-FA-10003021,10.0,10.0,2,2,941
1487,2023-12-03,Standard Class,Home Office,Technology,Phones,TEC-PH-10003580,1150.0,1210.0,7,3,4839
1488,2022-11-13,Standard Class,Home Office,Technology,Accessories,TEC-AC-10001109,80.0,90.0,3,5,2551
1489,2023-06-26,Standard Class,Home Office,Furniture,Furnishings,FUR-FU-10003347,40.0,40.0,3,5,4341
1490,2023-07-14,Standard Class,Consumer,Office Supplies,Labels,OFF-LA-10000452,10.0,10.0,2,5,924
1491,2023-07-01,Second Class,Corporate,Office Supplies,Envelopes,OFF-EN-10002986,50.0,60.0,4,3,49
1492,2023-05-12,Standard Class,Corporate,Office Supplies,Paper,OFF-PA-10001838,10.0,10.0,1,2,2256
1493,2022-12-11,Standard Class,Corporate,Furniture,Chairs,FUR-CH-10000785,870.0,980.0,6,2,3786
1494,2022-07-17,Standard Class,Corporate,Furniture,Furnishings,FUR-FU-10002885,10.0,10.0,2,3,2950
1495,2022-08-20,Second Class,Consumer,Office Supplies,Art,OFF-AR-10002952,30.0,40.0,3,2,1390
1496,2022-10-07,Standard Class,Consumer,Office Supplies,Art,OFF-AR-10003759,10.0,10.0,7,3,2714
1497,2022-04-08,Standard Class,Consumer,Office Supplies,Storage,OFF-ST-10004950,20.0,20.0,1,5,1290
1498,2023-06-13,Standard Class,Consumer,Office Supplies,Art,OFF-AR-10001940,10.0,10.0,5,4,2588
1499,2022-06-28,First Class,Home Office,Office Supplies,Binders,OFF-BI-10003981,20.0,20.0,5,5,3194
1500,2023-10-29,Standard Class,Consumer,Office Supplies,Paper,OFF-PA-10002749,20.0,20.0,3,2,3311
1501,2022-06-24,Standard Class,Consumer,Office Supplies,Paper,OFF-PA-10003823,200.0,220.0,9,2,1032
1502,2023-04-07,Standard Class,Consumer,Office Supplies,Storage,OFF-ST-10003716,500.0,540.0,3,5,1533
1503,2022-05-28,Standard Class,Home Office,Technology,Phones,TEC-PH-10001300,30.0,30.0,2,3,3795
1504,2023-11-03,Standard Class,Home Office,Furniture,Furnishings,FUR-FU-10000010,10.0,10.0,2,5,84
1505,2023-03-10,Standard Class,Home Office,Office Supplies,Art,OFF-AR-10001868,10.0,10.0,4,4,2837
1506,2022-10-02,Standard Class,Home Office,Furniture,Tables,FUR-TA-10003715,920.0,1000.0,6,3,2251
1507,2023-06-09,Standard Class,Consumer,Office Supplies,Binders,OFF-BI-10003708,20.0,20.0,3,2,4365
1508,2022-12-14,Standard Class,Consumer,Technology,Machines,TEC-MA-10004458,380.0,400.0,4,4,1201
1509,2023-03-18,Same Day,Home Office,Office Supplies,Binders,OFF-BI-10004965,30.0,30.0,3,3,3797
1510,2023-10-17,First Class,Consumer,Furniture,Furnishings,FUR-FU-10004270,10.0,10.0,2,2,4832
1511,2023-02-16,Standard Class,Corporate,Office Supplies,Art,OFF-AR-10002135,310.0,390.0,8,4,1219
1512,2023-11-05,Standard Class,Corporate,Office Supplies,Art,OFF-AR-10003514,30.0,40.0,9,2,1491
1513,2022-01-30,Standard Class,Consumer,Office Supplies,Storage,OFF-ST-10002276,190.0,200.0,3,2,3086
1514,2022-07-25,Standard Class,Consumer,Office Supplies,Binders,OFF-BI-10001098,20.0,20.0,5,2,4328
1515,2022-03-11,Standard Class,Consumer,Office Supplies,Binders,OFF-BI-10001636,10.0,10.0,4,4,2021
1516,2022-04-01,Standard Class,Consumer,Furniture,Chairs,FUR-CH-10002961,50.0,60.0,1,3,3828
1517,2022-10-16,Second Class,Consumer,Furniture,Tables,FUR-TA-10004256,1470.0,1670.0,4,5,4357
1518,2022-04-25,Second Class,Consumer,Office Supplies,Binders,OFF-BI-10004593,70.0,80.0,2,4,3294
1519,2023-05-30,Second Class,Consumer,Office Supplies,Binders,OFF-BI-10002827,10.0,10.0,3,2,3417
1520,2022-07-14,Second Class,Corporate,Office Supplies,Binders,OFF-BI-10001759,20.0,20.0,7,5,3615
1521,2022-01-29,Standard Class,Home Office,Office Supplies,Art,OFF-AR-10001419,20.0,20.0,5,2,1377
1522,2023-08-23,Standard Class,Consumer,Furniture,Furnishings,FUR-FU-10002253,170.0,210.0,6,2,3511
1523,2023-09-28,Standard Class,Consumer,Office Supplies,Paper,OFF-PA-10002586,20.0,20.0,5,5,2270
1524,2022-04-08,Standard Class,Consumer,Office Supplies,Paper,OFF-PA-10003039,180.0,200.0,8,3,1473
1525,2022-10-17,Standard Class,Consumer,Office Supplies,Storage,OFF-ST-10004804,210.0,250.0,6,2,3163
1526,2023-04-05,Standard Class,Consumer,Office Supplies,Art,OFF-AR-10004042,80.0,90.0,6,2,1546
1527,2022-06-02,Standard Class,Consumer,Office Supplies,Art,OFF-AR-10002221,10.0,10.0,2,2,3262
1528,2022-07-13,Standard Class,Consumer,Furniture,Furnishings,FUR-FU-10002456,10.0,10.0,2,3,4680
1529,2022-06-02,Second Class,Corporate,Office Supplies,Fasteners,OFF-FA-10004968,30.0,30.0,7,4,4157
1530,2022-03-20,Second Class,Corporate,Office Supplies,Paper,OFF-PA-10001274,10.0,10.0,2,2,59
1531,2023-04-19,Standard Class,Corporate,Office Supplies,Paper,OFF-PA-10001125,60.0,70.0,3,3,3399
1532,2022-11-25,Standard Class,Consumer,Office Supplies,Storage,OFF-ST-10000344,10.0,10.0,1,4,246
1533,2023-06-01,Standard Class,Consumer,Office Supplies,Fasteners,OFF-FA-10000585,10.0,10.0,3,2,4636
1534,2023-11-12,Standard Class,Corporate,Office Supplies,Storage,OFF-ST-10003324,170.0,210.0,6,4,1424
1535,2022-06-24,Standard Class,Home Office,Furniture,Bookcases,FUR-BO-10004015,170.0,200.0,2,2,2133
1536,2023-06-21,Standard Class,Corporate,Office Supplies,Storage,OFF-ST-10000419,40.0,40.0,3,3,3283
1537,2023-04-26,Standard Class,Corporate,Office Supplies,Appliances,OFF-AP-10001626,10.0,10.0,3,5,1294
1538,2022-05-05,Second Class,Consumer,Technology,Phones,TEC-PH-10000439,30.0,40.0,1,3,4998
1539,2023-12-03,Second Class,Consumer,Office Supplies,Art,OFF-AR-10003478,20.0,20.0,2,3,3307
1540,2022-06-24,Second Class,Consumer,Furniture,Bookcases,FUR-BO-10002545,690.0,780.0,3,4,3496
1541,2023-01-13,Second Class,Consumer,Office Supplies,Binders,OFF-BI-10001765,200.0,240.0,7,2,3371
1542,2022-11-16,Second Class,Consumer,Furniture,Furnishings,FUR-FU-10003981,10.0,10.0,5,4,3749
1543,2022-04-06,Second Class,Consumer,Office Supplies,Fasteners,OFF-FA-10001561,10.0,10.0,6,5,192
1544,2023-10-07,Standard Class,Home Office,Office Supplies,Binders,OFF-BI-10004230,70.0,80.0,3,5,4074
1545,2022-07-13,Standard Class,Home Office,Office Supplies,Paper,OFF-PA-10000350,30.0,30.0,4,3,1305
1546,2022-04-29,Second Class,Corporate,Furniture,Bookcases,FUR-BO-10002613,1350.0,1570.0,7,2,1266
1547,2022-09-08,Standard Class,Corporate,Office Supplies,Paper,OFF-PA-10000994,310.0,340.0,4,2,2250
1548,2023-05-14,Standard Class,Corporate,Office Supplies,Binders,OFF-BI-10002867,20.0,20.0,2,4,91
1549,2022-06-05,Standard Class,Corporate,Office Supplies,Storage,OFF-ST-10001291,20.0,30.0,2,3,3142
1550,2023-01-24,First Class,Consumer,Technology,Copiers,TEC-CO-10001046,470.0,560.0,1,2,3169
1551,2023-07-07,Second Class,Home Office,Office Supplies,Appliances,OFF-AP-10004868,10.0,10.0,6,4,2241
1552,2022-08-26,Standard Class,Consumer,Office Supplies,Paper,OFF-PA-10000806,90.0,110.0,2,4,3201
1553,2022-01-23,First Class,Home Office,Office Supplies,Labels,OFF-LA-10002195,20.0,20.0,7,3,1070
1554,2022-03-12,Standard Class,Consumer,Office Supplies,Binders,OFF-BI-10003719,110.0,120.0,5,4,2252
1555,2022-05-26,Standard Class,Corporate,Office Supplies,Art,OFF-AR-10001315,10.0,10.0,3,3,2317
1556,2022-02-27,Standard Class,Consumer,Technology,Accessories,TEC-AC-10000171,80.0,90.0,4,4,4989
1557,2022-02-08,Standard Class,Consumer,Office Supplies,Envelopes,OFF-EN-10003134,10.0,10.0,1,5,2670
1558,2022-06-14,Standard Class,Consumer,Office Supplies,Art,OFF-AR-10001955,70.0,80.0,5,2,3099
1559,2023-04-24,Second Class,Consumer,Furniture,Tables,FUR-TA-10001039,140.0,170.0,2,2,3744
1560,2022-06-02,Standard Class,Corporate,Office Supplies,Binders,OFF-BI-10003712,40.0,40.0,9,5,1716
1561,2022-11-15,Standard Class,Home Office,Office Supplies,Labels,OFF-LA-10001641,20.0,20.0,6,3,665
1562,2023-02-26,First Class,Home Office,Office Supplies,Art,OFF-AR-10003732,10.0,10.0,1,2,2347
1563,2023-02-01,Same Day,Consumer,Furniture,Tables,FUR-TA-10000577,860.0,1040.0,5,2,147
1564,2022-10-19,Same Day,Consumer,Office Supplies,Paper,OFF-PA-10004000,10.0,10.0,3,5,5088
1565,2023-05-08,Same Day,Consumer,Office Supplies,Storage,OFF-ST-10001370,290.0,350.0,5,5,4259
1566,2023-07-20,Standard Class,Home Office,Technology,Phones,TEC-PH-10004539,400.0,450.0,3,2,1188
1567,2022-07-27,First Class,Consumer,Technology,Accessories,TEC-AC-10003038,20.0,20.0,3,3,362
1568,2023-08-05,First Class,Consumer,Office Supplies,Binders,OFF-BI-10000088,10.0,10.0,4,5,4395
1569,2023-11-10,Same Day,Consumer,Office Supplies,Paper,OFF-PA-10000357,110.0,120.0,3,3,1626
1570,2022-12-06,Standard Class,Corporate,Office Supplies,Art,OFF-AR-10003504,10.0,10.0,3,3,4363
1571,2022-10-19,First Class,Consumer,Furniture,Chairs,FUR-CH-10000863,490.0,600.0,5,2,1318
1572,2022-01-23,First Class,Consumer,Office Supplies,Envelopes,OFF-EN-10003160,20.0,20.0,3,2,2043
1573,2023-07-24,First Class,Consumer,Technology,Accessories,TEC-AC-10003280,30.0,30.0,1,2,521
1574,2023-08-02,First Class,Consumer,Furniture,Chairs,FUR-CH-10000595,320.0,380.0,2,3,3237
1575,2022-11-01,First Class,Consumer,Technology,Phones,TEC-PH-10000169,30.0,40.0,3,3,4902
1576,2023-05-30,First Class,Consumer,Furniture,Chairs,FUR-CH-10004675,650.0,760.0,5,4,2348
1577,2023-04-29,Standard Class,Home Office,Office Supplies,Storage,OFF-ST-10002406,20.0,20.0,2,2,4138
1578,2022-06-16,Standard Class,Home Office,Office Supplies,Paper,OFF-PA-10001526,15.0,15.0,1,2,4961
1579,2023-06-20,First Class,Consumer,Office Supplies,Appliances,OFF-AP-10004336,140.0,170.0,3,3,2816
1580,2023-09-13,First Class,Consumer,Technology,Phones,TEC-PH-10003012,260.0,310.0,2,2,693
1581,2022-01-12,First Class,Consumer,Furniture,Tables,FUR-TA-10002607,340.0,380.0,9,4,582
1582,2023-04-30,First Class,Consumer,Office Supplies,Storage,OFF-ST-10000642,40.0,40.0,2,2,1133
1583,2023-11-28,First Class,Consumer,Office Supplies,Binders,OFF-BI-10000545,1100.0,1220.0,2,4,112
1584,2022-03-26,First Class,Consumer,Furniture,Furnishings,FUR-FU-10002157,50.0,50.0,3,3,3683
1585,2022-10-02,First Class,Consumer,Furniture,Furnishings,FUR-FU-10001706,10.0,10.0,2,3,2136
1586,2022-03-08,First Class,Consumer,Technology,Phones,TEC-PH-10000984,850.0,980.0,5,3,941
1587,2022-03-26,First Class,Consumer,Office Supplies,Paper,OFF-PA-10001357,130.0,140.0,3,5,5072
1588,2022-10-30,First Class,Consumer,Office Supplies,Fasteners,OFF-FA-10000992,10.0,10.0,3,2,915
1589,2023-08-27,First Class,Consumer,Technology,Accessories,TEC-AC-10002600,230.0,250.0,4,3,4863
1590,2022-11-13,Standard Class,Corporate,Office Supplies,Art,OFF-AR-10001662,10.0,10.0,4,4,4052
1591,2022-05-20,Standard Class,Corporate,Office Supplies,Art,OFF-AR-10001221,30.0,30.0,7,3,1265
1592,2023-04-04,Standard Class,Corporate,Office Supplies,Fasteners,OFF-FA-10002988,10.0,10.0,5,3,3506
1593,2023-09-05,Second Class,Consumer,Technology,Phones,TEC-PH-10004830,180.0,200.0,4,3,2071
1594,2023-07-09,Same Day,Consumer,Office Supplies,Paper,OFF-PA-10004519,10.0,10.0,3,3,3672
1595,2022-01-17,First Class,Home Office,Furniture,Bookcases,FUR-BO-10000362,300.0,360.0,3,3,528
1596,2023-10-17,Standard Class,Consumer,Furniture,Chairs,FUR-CH-10004540,40.0,50.0,2,5,2566
1597,2023-08-20,First Class,Corporate,Furniture,Furnishings,FUR-FU-10001290,460.0,550.0,13,5,4346
1598,2023-07-31,Second Class,Consumer,Office Supplies,Paper,OFF-PA-10000308,20.0,20.0,4,2,1746
1599,2022-10-14,Second Class,Consumer,Office Supplies,Supplies,OFF-SU-10001165,10.0,10.0,1,5,3458
1600,2022-04-25,Second Class,Consumer,Office Supplies,Art,OFF-AR-10003373,80.0,100.0,4,2,3072
1601,2022-08-12,Second Class,Consumer,Furniture,Furnishings,FUR-FU-10001967,20.0,20.0,2,4,557
1602,2022-02-03,Second Class,Corporate,Furniture,Furnishings,FUR-FU-10001488,200.0,210.0,2,2,43
1603,2022-07-03,Standard Class,Consumer,Office Supplies,Art,OFF-AR-10003251,10.0,10.0,3,2,2228
1604,2023-12-17,Standard Class,Consumer,Office Supplies,Art,OFF-AR-10001044,150.0,160.0,6,3,4325
1605,2023-07-01,Second Class,Consumer,Technology,Phones,TEC-PH-10004700,40.0,40.0,5,5,4014
1606,2023-03-07,Second Class,Consumer,Office Supplies,Art,OFF-AR-10000823,10.0,10.0,3,3,1043
1607,2023-03-29,Second Class,Consumer,Office Supplies,Art,OFF-AR-10004456,60.0,70.0,5,4,5083
1608,2022-12-06,Second Class,Consumer,Office Supplies,Binders,OFF-BI-10000050,10.0,10.0,1,5,4333
1609,2023-12-10,Second Class,Consumer,Office Supplies,Paper,OFF-PA-10002377,20.0,20.0,4,2,3723
1610,2023-02-14,Second Class,Consumer,Office Supplies,Binders,OFF-BI-10000591,10.0,10.0,3,4,2694
1611,2023-04-12,Standard Class,Corporate,Furniture,Bookcases,FUR-BO-10000362,240.0,290.0,2,5,833
1612,2022-01-25,Standard Class,Corporate,Technology,Phones,TEC-PH-10000441,160.0,200.0,2,2,1445
1613,2023-09-30,Standard Class,Corporate,Technology,Phones,TEC-PH-10002726,70.0,80.0,2,4,5046
1614,2022-04-22,Standard Class,Corporate,Office Supplies,Storage,OFF-ST-10003306,950.0,1000.0,7,4,2594
1615,2023-02-09,Standard Class,Home Office,Technology,Accessories,TEC-AC-10004855,70.0,80.0,3,5,3451
1616,2023-04-08,Standard Class,Home Office,Office Supplies,Labels,OFF-LA-10002787,20.0,20.0,1,2,1713
1617,2023-01-12,Standard Class,Home Office,Office Supplies,Labels,OFF-LA-10002043,40.0,40.0,4,5,3665
1618,2023-03-02,Standard Class,Home Office,Office Supplies,Art,OFF-AR-10001915,30.0,30.0,3,4,2393
1619,2022-06-29,Second Class,Home Office,Office Supplies,Storage,OFF-ST-10000352,60.0,60.0,2,5,870
1620,2022-08-02,Second Class,Home Office,Office Supplies,Paper,OFF-PA-10000575,10.0,10.0,1,5,4982
1621,2022-04-04,Standard Class,Consumer,Furniture,Furnishings,FUR-FU-10002937,190.0,200.0,2,3,3010
1622,2022-06-26,Standard Class,Consumer,Office Supplies,Labels,OFF-LA-10003930,730.0,790.0,8,5,1714
1623,2022-08-26,Standard Class,Consumer,Office Supplies,Binders,OFF-BI-10001107,20.0,20.0,2,2,1133
1624,2023-04-27,Standard Class,Consumer,Technology,Accessories,TEC-AC-10003063,40.0,50.0,2,5,4412
1625,2022-10-12,Standard Class,Consumer,Technology,Phones,TEC-PH-10002922,560.0,680.0,5,3,3491
1626,2023-11-02,Standard Class,Consumer,Technology,Accessories,TEC-AC-10002049,1120.0,1270.0,3,4,97
1627,2022-12-01,Standard Class,Home Office,Office Supplies,Appliances,OFF-AP-10002457,460.0,520.0,5,5,107
1628,2022-07-11,Standard Class,Consumer,Furniture,Chairs,FUR-CH-10001270,430.0,520.0,6,5,1912
1629,2022-01-31,Second Class,Consumer,Furniture,Furnishings,FUR-FU-10004415,20.0,20.0,5,3,1315
1630,2023-07-23,Second Class,Consumer,Office Supplies,Binders,OFF-BI-10001510,40.0,40.0,6,5,3486
1631,2023-12-17,Same Day,Consumer,Office Supplies,Storage,OFF-ST-10002011,840.0,1010.0,3,3,58
1632,2023-01-17,Same Day,Consumer,Office Supplies,Paper,OFF-PA-10002986,10.0,10.0,2,3,2361
1633,2022-11-09,Same Day,Consumer,Office Supplies,Paper,OFF-PA-10004451,10.0,10.0,2,2,4692
1634,2023-08-06,Same Day,Consumer,Office Supplies,Storage,OFF-ST-10000649,20.0,30.0,2,4,432
1635,2023-12-03,Same Day,Consumer,Technology,Accessories,TEC-AC-10001465,50.0,60.0,2,3,234
1636,2022-08-01,Standard Class,Consumer,Office Supplies,Paper,OFF-PA-10001166,20.0,20.0,3,2,2257
1637,2023-12-23,Standard Class,Consumer,Office Supplies,Storage,OFF-ST-10001097,610.0,670.0,5,4,338
1638,2023-03-06,Standard Class,Consumer,Technology,Phones,TEC-PH-10000038,400.0,440.0,4,5,45
1639,2023-04-06,Standard Class,Consumer,Office Supplies,Paper,OFF-PA-10002689,20.0,20.0,3,3,2478
1640,2022-01-31,Standard Class,Consumer,Office Supplies,Binders,OFF-BI-10004728,10.0,10.0,2,4,460
1641,2023-11-20,Standard Class,Consumer,Office Supplies,Paper,OFF-PA-10004675,10.0,10.0,2,4,2427
1642,2023-02-12,Standard Class,Consumer,Furniture,Furnishings,FUR-FU-10000629,40.0,40.0,3,2,1085
1643,2023-10-11,Standard Class,Corporate,Office Supplies,Fasteners,OFF-FA-10003112,10.0,10.0,2,4,3244
1644,2022-10-06,First Class,Corporate,Office Supplies,Storage,OFF-ST-10000142,1160.0,1250.0,3,2,4605
1645,2022-05-27,First Class,Corporate,Technology,Copiers,TEC-CO-10001766,2650.0,3150.0,7,3,3573
1646,2022-07-08,First Class,Corporate,Office Supplies,Paper,OFF-PA-10004359,180.0,210.0,2,3,1329
1647,2023-04-29,First Class,Home Office,Technology,Accessories,TEC-AC-10002323,30.0,40.0,2,4,707
1648,2022-11-19,First Class,Home Office,Office Supplies,Fasteners,OFF-FA-10001135,10.0,10.0,2,3,1423
1649,2023-02-21,Second Class,Consumer,Office Supplies,Binders,OFF-BI-10004224,110.0,120.0,6,5,2013
1650,2023-07-11,Second Class,Consumer,Technology,Phones,TEC-PH-10003357,50.0,50.0,1,5,2024
1651,2022-10-04,Same Day,Corporate,Office Supplies,Paper,OFF-PA-10004475,100.0,110.0,2,5,3030
1652,2022-05-13,Same Day,Corporate,Office Supplies,Paper,OFF-PA-10003001,10.0,10.0,2,5,4806
1653,2022-07-11,First Class,Consumer,Office Supplies,Storage,OFF-ST-10003442,140.0,170.0,6,4,101
1654,2023-12-07,First Class,Consumer,Technology,Accessories,TEC-AC-10003832,110.0,130.0,4,5,3295
1655,2023-07-11,First Class,Consumer,Office Supplies,Fasteners,OFF-FA-10000611,10.0,10.0,2,4,663
1656,2022-04-03,First Class,Consumer,Office Supplies,Binders,OFF-BI-10001116,10.0,10.0,2,5,2921
1657,2022-07-08,First Class,Consumer,Office Supplies,Storage,OFF-ST-10000563,80.0,100.0,3,5,1290
1658,2022-08-06,First Class,Consumer,Furniture,Furnishings,FUR-FU-10000010,30.0,30.0,7,4,1419
1659,2022-05-26,Standard Class,Consumer,Technology,Phones,TEC-PH-10004922,140.0,160.0,3,5,2893
1660,2023-10-08,Standard Class,Consumer,Office Supplies,Binders,OFF-BI-10004330,80.0,90.0,3,4,414
1661,2022-04-21,Standard Class,Consumer,Office Supplies,Binders,OFF-BI-10002072,10.0,10.0,2,5,3037
1662,2022-06-14,Standard Class,Corporate,Technology,Phones,TEC-PH-10002549,650.0,680.0,5,5,3379
1663,2022-11-19,Standard Class,Corporate,Office Supplies,Binders,OFF-BI-10002353,10.0,10.0,3,5,3410
1664,2022-07-03,Second Class,Consumer,Office Supplies,Storage,OFF-ST-10001325,30.0,40.0,5,4,1583
1665,2022-08-13,Second Class,Consumer,Technology,Accessories,TEC-AC-10002049,250.0,300.0,3,5,2587
1666,2022-01-02,Second Class,Consumer,Office Supplies,Fasteners,OFF-FA-10002676,10.0,10.0,3,5,868
1667,2023-12-28,Second Class,Consumer,Technology,Accessories,TEC-AC-10003023,90.0,90.0,2,3,3224
1668,2023-10-08,Second Class,Consumer,Office Supplies,Paper,OFF-PA-10000167,60.0,70.0,3,5,4878
1669,2023-09-08,Second Class,Consumer,Office Supplies,Art,OFF-AR-10003405,10.0,10.0,3,4,2975
1670,2022-08-15,Standard Class,Consumer,Furniture,Tables,FUR-TA-10001889,920.0,1020.0,4,2,1977
1671,2023-09-26,Standard Class,Consumer,Technology,Phones,TEC-PH-10002185,20.0,20.0,3,5,4116
1672,2022-05-25,First Class,Corporate,Technology,Accessories,TEC-AC-10001013,50.0,60.0,2,3,4524
1673,2023-07-06,Standard Class,Consumer,Technology,Phones,TEC-PH-10002726,140.0,170.0,4,3,4165
1674,2022-08-28,First Class,Consumer,Office Supplies,Labels,OFF-LA-10003930,160.0,200.0,2,4,3389
1675,2023-03-18,Standard Class,Corporate,Furniture,Furnishings,FUR-FU-10003535,20.0,20.0,2,3,4241
1676,2022-04-30,Standard Class,Corporate,Office Supplies,Binders,OFF-BI-10000088,10.0,10.0,3,3,1045
1677,2023-04-14,Standard Class,Consumer,Office Supplies,Storage,OFF-ST-10000604,90.0,100.0,3,3,3305
1678,2023-05-16,Standard Class,Consumer,Office Supplies,Paper,OFF-PA-10004040,20.0,20.0,3,4,3344
1679,2022-01-19,Standard Class,Corporate,Office Supplies,Storage,OFF-ST-10002344,60.0,60.0,1,3,1957
1680,2022-02-18,Standard Class,Corporate,Technology,Phones,TEC-PH-10003589,30.0,30.0,3,4,1915
1681,2023-11-22,Standard Class,Corporate,Furniture,Furnishings,FUR-FU-10000758,40.0,40.0,2,2,1075
1682,2022-07-15,Standard Class,Corporate,Technology,Machines,TEC-MA-10004679,340.0,400.0,4,4,280
1683,2023-07-08,Second Class,Consumer,Office Supplies,Paper,OFF-PA-10000176,20.0,20.0,1,4,3173
1684,2023-06-01,Standard Class,Corporate,Furniture,Furnishings,FUR-FU-10002597,10.0,10.0,3,3,3717
1685,2023-01-23,First Class,Corporate,Office Supplies,Appliances,OFF-AP-10002495,90.0,100.0,2,5,405
1686,2023-11-13,First Class,Corporate,Office Supplies,Binders,OFF-BI-10002813,10.0,10.0,2,2,1438
1687,2022-05-27,First Class,Corporate,Office Supplies,Binders,OFF-BI-10002414,10.0,10.0,2,4,521
1688,2022-02-14,First Class,Consumer,Office Supplies,Paper,OFF-PA-10000788,10.0,10.0,2,3,4120
1689,2022-07-26,First Class,Consumer,Furniture,Furnishings,FUR-FU-10004306,270.0,310.0,2,4,4452
1690,2022-02-17,Standard Class,Consumer,Furniture,Tables,FUR-TA-10001539,760.0,850.0,6,4,4465
1691,2023-06-21,Standard Class,Consumer,Office Supplies,Paper,OFF-PA-10000575,20.0,30.0,5,3,3407
1692,2023-12-07,Standard Class,Consumer,Office Supplies,Binders,OFF-BI-10004182,10.0,10.0,5,3,2579
1693,2022-06-30,Standard Class,Consumer,Furniture,Furnishings,FUR-FU-10004020,20.0,20.0,5,3,2942
1694,2022-04-03,Second Class,Home Office,Technology,Accessories,TEC-AC-10003133,10.0,10.0,2,2,2724
1695,2023-06-08,Second Class,Home Office,Technology,Accessories,TEC-AC-10002006,50.0,60.0,4,5,196
1696,2023-10-14,Second Class,Home Office,Office Supplies,Binders,OFF-BI-10003314,10.0,10.0,3,5,4582
1697,2023-02-08,Second Class,Home Office,Technology,Phones,TEC-PH-10002726,90.0,100.0,2,2,3855
1698,2022-02-02,Standard Class,Consumer,Office Supplies,Appliances,OFF-AP-10000240,100.0,110.0,2,4,248
1699,2022-10-26,Standard Class,Consumer,Office Supplies,Labels,OFF-LA-10002381,20.0,20.0,7,2,2936
1700,2022-08-27,Second Class,Consumer,Furniture,Tables,FUR-TA-10004086,450.0,520.0,6,3,2256
1701,2023-10-13,Second Class,Consumer,Office Supplies,Binders,OFF-BI-10000320,10.0,10.0,2,4,4530
1702,2023-02-16,Second Class,Consumer,Furniture,Chairs,FUR-CH-10000595,1560.0,1930.0,9,3,2642
1703,2023-09-06,Second Class,Consumer,Office Supplies,Paper,OFF-PA-10000349,10.0,10.0,2,2,524
1704,2023-04-15,Standard Class,Home Office,Office Supplies,Fasteners,OFF-FA-10001843,10.0,10.0,5,3,2506
1705,2023-04-27,Same Day,Consumer,Office Supplies,Binders,OFF-BI-10003676,10.0,10.0,3,5,973
1706,2022-01-26,Standard Class,Consumer,Office Supplies,Binders,OFF-BI-10003638,10.0,10.0,2,2,3288
1707,2022-06-29,Standard Class,Consumer,Office Supplies,Labels,OFF-LA-10003077,40.0,40.0,6,3,2521
1708,2023-02-05,Standard Class,Consumer,Technology,Phones,TEC-PH-10003505,140.0,150.0,2,5,3552
1709,2023-11-08,Standard Class,Consumer,Office Supplies,Paper,OFF-PA-10003424,10.0,10.0,2,3,1134
1710,2023-02-08,Standard Class,Consumer,Furniture,Chairs,FUR-CH-10003061,70.0,70.0,1,5,3787
1711,2023-06-17,Standard Class,Consumer,Office Supplies,Art,OFF-AR-10003514,20.0,20.0,5,3,4647
1712,2022-09-06,Standard Class,Consumer,Office Supplies,Appliances,OFF-AP-10002684,1410.0,1700.0,14,2,3347
1713,2023-08-19,Standard Class,Consumer,Office Supplies,Paper,OFF-PA-10004405,10.0,10.0,6,4,294
1714,2023-05-24,Second Class,Consumer,Furniture,Tables,FUR-TA-10004289,680.0,770.0,7,4,4750
1715,2022-02-23,Standard Class,Consumer,Furniture,Bookcases,FUR-BO-10003965,250.0,310.0,2,3,3824
1716,2023-01-19,Standard Class,Consumer,Office Supplies,Binders,OFF-BI-10003314,10.0,10.0,2,3,5060
1717,2023-04-23,Standard Class,Consumer,Office Supplies,Appliances,OFF-AP-10001563,200.0,240.0,5,4,4238
1718,2023-05-16,Standard Class,Consumer,Office Supplies,Storage,OFF-ST-10004123,420.0,450.0,5,3,1517
1719,2023-06-03,Standard Class,Consumer,Furniture,Furnishings,FUR-FU-10002088,40.0,40.0,4,4,1390
1720,2022-10-04,Standard Class,Consumer,Furniture,Furnishings,FUR-FU-10000010,30.0,40.0,8,2,3831
1721,2022-01-03,Standard Class,Consumer,Office Supplies,Binders,OFF-BI-10002824,50.0,50.0,4,4,1841
1722,2023-01-17,Standard Class,Consumer,Technology,Phones,TEC-PH-10001061,150.0,160.0,2,4,4151
1723,2022-12-15,Standard Class,Consumer,Technology,Accessories,TEC-AC-10000736,240.0,260.0,4,5,4882
1724,2023-05-08,Standard Class,Consumer,Furniture,Bookcases,FUR-BO-10003966,320.0,360.0,3,2,87
1725,2023-08-14,First Class,Consumer,Office Supplies,Appliances,OFF-AP-10000828,400.0,430.0,3,2,2190
1726,2022-11-20,First Class,Consumer,Office Supplies,Appliances,OFF-AP-10002906,,,2,3,5050
1727,2023-05-08,First Class,Consumer,Office Supplies,Appliances,OFF-AP-10003860,70.0,90.0,4,3,3697
1728,2023-10-21,Second Class,Corporate,Furniture,Tables,FUR-TA-10001307,1000.0,1050.0,5,4,138
1729,2023-02-23,Same Day,Consumer,Technology,Accessories,TEC-AC-10003063,80.0,100.0,4,3,1260
1730,2023-02-26,Same Day,Consumer,Office Supplies,Labels,OFF-LA-10001045,10.0,10.0,3,4,3154
1731,2023-03-12,Standard Class,Corporate,Office Supplies,Paper,OFF-PA-10001457,90.0,100.0,8,2,4811
1732,2023-02-19,Standard Class,Corporate,Office Supplies,Paper,OFF-PA-10001804,10.0,10.0,2,4,1844
1733,2022-05-15,Standard Class,Consumer,Office Supplies,Storage,OFF-ST-10000689,320.0,340.0,3,5,4655
1734,2023-01-02,Standard Class,Consumer,Office Supplies,Art,OFF-AR-10002135,140.0,150.0,4,5,3498
1735,2023-05-02,Second Class,Consumer,Office Supplies,Appliances,OFF-AP-10002082,20.0,30.0,2,2,1231
1736,2023-08-02,Second Class,Consumer,Technology,Phones,TEC-PH-10003442,20.0,20.0,5,4,883
1737,2023-10-11,Second Class,Consumer,Office Supplies,Art,OFF-AR-10002833,10.0,10.0,3,4,3377
1738,2022-02-01,Standard Class,Corporate,Office Supplies,Storage,OFF-ST-10001325,30.0,30.0,3,5,3702
1739,2022-12-22,Standard Class,Corporate,Technology,Accessories,TEC-AC-10003038,20.0,20.0,2,5,4471
1740,2022-08-15,Standard Class,Corporate,Technology,Accessories,TEC-AC-10003590,120.0,130.0,5,3,1000
1741,2022-02-02,Standard Class,Home Office,Office Supplies,Labels,OFF-LA-10000262,20.0,20.0,8,3,5067
1742,2022-07-14,Standard Class,Consumer,Office Supplies,Paper,OFF-PA-10004355,20.0,20.0,4,5,1265
1743,2023-03-15,Standard Class,Consumer,Furniture,Furnishings,FUR-FU-10004415,10.0,10.0,2,2,1940
1744,2023-12-04,Standard Class,Consumer,Office Supplies,Storage,OFF-ST-10002486,10.0,10.0,2,2,4711
1745,2023-10-04,Standard Class,Consumer,Technology,Accessories,TEC-AC-10001142,370.0,440.0,7,5,3030
1746,2023-12-30,First Class,Consumer,Office Supplies,Art,OFF-AR-10002656,10.0,10.0,2,3,1831
1747,2022-12-26,Second Class,Consumer,Office Supplies,Binders,OFF-BI-10000138,10.0,10.0,8,5,464
1748,2022-01-12,Second Class,Consumer,Office Supplies,Paper,OFF-PA-10004947,10.0,10.0,3,5,1904
1749,2023-02-24,Standard Class,Home Office,Office Supplies,Paper,OFF-PA-10003543,10.0,10.0,2,5,313
1750,2023-09-06,Standard Class,Home Office,Office Supplies,Art,OFF-AR-10002221,10.0,10.0,3,4,1368
1751,2022-10-08,Standard Class,Home Office,Furniture,Tables,FUR-TA-10004607,180.0,210.0,2,4,3124
1752,2023-05-11,First Class,Consumer,Furniture,Furnishings,FUR-FU-10001918,10.0,10.0,2,2,1900
1753,2022-02-17,First Class,Corporate,Office Supplies,Storage,OFF-ST-10004340,500.0,560.0,9,4,4839
1754,2022-05-20,First Class,Corporate,Office Supplies,Paper,OFF-PA-10004475,100.0,110.0,2,3,4396
1755,2022-12-15,First Class,Corporate,Office Supplies,Paper,OFF-PA-10003893,10.0,10.0,2,2,1991
1756,2022-05-30,Second Class,Home Office,Office Supplies,Paper,OFF-PA-10000100,300.0,360.0,11,3,618
1757,2022-12-19,Second Class,Home Office,Technology,Phones,TEC-PH-10001817,1510.0,1720.0,6,3,1623
1758,2022-08-28,First Class,Home Office,Office Supplies,Binders,OFF-BI-10001765,30.0,40.0,6,4,4612
1759,2022-01-22,Standard Class,Consumer,Technology,Accessories,TEC-AC-10001013,40.0,50.0,2,3,2567
1760,2022-09-28,Standard Class,Consumer,Office Supplies,Art,OFF-AR-10003478,20.0,20.0,3,5,474
1761,2022-06-08,Standard Class,Consumer,Furniture,Bookcases,FUR-BO-10000330,340.0,410.0,4,2,4788
1762,2022-12-10,Standard Class,Consumer,Office Supplies,Binders,OFF-BI-10001900,30.0,30.0,6,2,2249
1763,2023-02-05,Standard Class,Consumer,Furniture,Bookcases,FUR-BO-10003159,260.0,290.0,3,5,4645
1764,2022-07-17,Standard Class,Home Office,Office Supplies,Supplies,OFF-SU-10002573,40.0,40.0,2,5,1753
1765,2023-02-25,Standard Class,Home Office,Office Supplies,Labels,OFF-LA-10004484,20.0,20.0,1,3,4281
1766,2022-03-18,Standard Class,Home Office,Furniture,Furnishings,FUR-FU-10001591,100.0,110.0,9,4,1337
1767,2023-12-05,Standard Class,Home Office,Office Supplies,Labels,OFF-LA-10002034,10.0,10.0,2,2,764
1768,2023-10-25,Standard Class,Consumer,Office Supplies,Binders,OFF-BI-10004410,10.0,10.0,4,5,230
1769,2022-10-19,Standard Class,Consumer,Office Supplies,Binders,OFF-BI-10002735,40.0,50.0,5,2,1711
1770,2022-04-20,Standard Class,Corporate,Office Supplies,Supplies,OFF-SU-10001935,10.0,10.0,4,4,3346
1771,2022-07-26,Standard Class,Corporate,Office Supplies,Binders,OFF-BI-10003291,10.0,10.0,7,2,3591
1772,2022-11-18,Second Class,Corporate,Office Supplies,Storage,OFF-ST-10004337,80.0,100.0,2,5,798
1773,2023-08-11,Second Class,Corporate,Technology,Accessories,TEC-AC-10001266,50.0,60.0,6,2,4335
1774,2023-11-17,Standard Class,Corporate,Office Supplies,Binders,OFF-BI-10001628,20.0,20.0,2,5,502
1775,2022-10-02,Standard Class,Corporate,Office Supplies,Storage,OFF-ST-10000877,440.0,500.0,9,2,816
1776,2023-04-20,Standard Class,Corporate,Office Supplies,Art,OFF-AR-10004752,10.0,10.0,2,4,3894
1777,2022-08-15,Standard Class,Corporate,Office Supplies,Labels,OFF-LA-10000452,10.0,10.0,1,4,3467
1778,2022-01-25,Standard Class,Consumer,Office Supplies,Paper,OFF-PA-10000675,300.0,370.0,9,5,4358
1779,2023-02-05,Standard Class,Consumer,Office Supplies,Art,OFF-AR-10003045,10.0,10.0,5,3,5073
1780,2022-04-01,Standard Class,Consumer,Technology,Accessories,TEC-AC-10003447,50.0,60.0,3,4,2484
1781,2023-10-11,Standard Class,Consumer,Office Supplies,Storage,OFF-ST-10002276,70.0,80.0,1,3,3525
1782,2023-06-30,Standard Class,Corporate,Office Supplies,Paper,OFF-PA-10001609,10.0,10.0,2,5,1072
1783,2022-10-22,Standard Class,Corporate,Office Supplies,Binders,OFF-BI-10001597,100.0,120.0,3,3,1935
1784,2022-11-16,Standard Class,Corporate,Office Supplies,Paper,OFF-PA-10004475,210.0,220.0,4,3,577
1785,2023-01-31,Standard Class,Corporate,Technology,Accessories,TEC-AC-10004510,80.0,100.0,6,5,4670
1786,2023-08-12,Standard Class,Corporate,Office Supplies,Binders,OFF-BI-10002976,30.0,30.0,8,3,3733
1787,2022-07-25,Standard Class,Corporate,Technology,Phones,TEC-PH-10001615,80.0,90.0,3,4,2469
1788,2022-11-27,Standard Class,Corporate,Technology,Phones,TEC-PH-10001819,120.0,130.0,3,2,1551
1789,2023-02-17,Standard Class,Corporate,Technology,Phones,TEC-PH-10000560,570.0,700.0,2,4,2926
1790,2023-04-20,Standard Class,Corporate,Technology,Accessories,TEC-AC-10004568,130.0,140.0,5,3,672
1791,2022-10-06,Standard Class,Consumer,Office Supplies,Paper,OFF-PA-10004092,50.0,50.0,1,3,4848
1792,2023-02-14,First Class,Consumer,Furniture,Chairs,FUR-CH-10001854,2300.0,2810.0,8,5,611
1793,2023-11-19,First Class,Consumer,Office Supplies,Art,OFF-AR-10000475,40.0,50.0,4,3,1150
1794,2022-09-02,Standard Class,Corporate,Office Supplies,Storage,OFF-ST-10000777,60.0,60.0,2,5,1856
1795,2023-06-17,Standard Class,Home Office,Office Supplies,Art,OFF-AR-10004022,100.0,110.0,3,3,320
1796,2022-09-30,First Class,Home Office,Office Supplies,Storage,OFF-ST-10002352,50.0,60.0,8,2,2142
1797,2022-10-20,First Class,Home Office,Technology,Phones,TEC-PH-10000455,280.0,350.0,3,2,1757
1798,2022-04-01,First Class,Home Office,Office Supplies,Binders,OFF-BI-10003910,40.0,40.0,6,2,1617
1799,2022-06-22,Standard Class,Consumer,Furniture,Furnishings,FUR-FU-10003039,200.0,220.0,5,2,1570
1800,2023-04-19,Second Class,Consumer,Office Supplies,Fasteners,OFF-FA-10000585,10.0,10.0,4,4,4283
1801,2022-03-13,Second Class,Consumer,Office Supplies,Paper,OFF-PA-10001994,40.0,50.0,3,5,589
1802,2023-10-07,Standard Class,Home Office,Furniture,Furnishings,FUR-FU-10004270,20.0,20.0,1,4,1209
1803,2022-10-15,Second Class,Consumer,Office Supplies,Binders,OFF-BI-10002498,10.0,10.0,1,3,2170
1804,2023-10-23,Second Class,Consumer,Office Supplies,Supplies,OFF-SU-10002881,4150.0,4660.0,7,2,6
1805,2022-11-19,Second Class,Consumer,Technology,Accessories,TEC-AC-10002926,70.0,80.0,2,4,145
1806,2023-08-03,First Class,Corporate,Technology,Phones,TEC-PH-10002200,2400.0,2580.0,7,5,1037
1807,2022-06-01,First Class,Corporate,Office Supplies,Paper,OFF-PA-10002005,40.0,50.0,7,3,1307
1808,2022-01-07,First Class,Corporate,Technology,Accessories,TEC-AC-10001465,230.0,250.0,7,3,1077
1809,2022-09-01,First Class,Corporate,Technology,Phones,TEC-PH-10004897,60.0,70.0,7,3,919
1810,2023-03-16,Standard Class,Corporate,Furniture,Furnishings,FUR-FU-10001196,20.0,20.0,7,3,2900
1811,2023-12-29,Standard Class,Corporate,Office Supplies,Paper,OFF-PA-10000595,40.0,50.0,3,2,1613
1812,2022-03-12,Second Class,Consumer,Furniture,Tables,FUR-TA-10004534,1200.0,1440.0,7,5,1623
1813,2022-05-06,Standard Class,Consumer,Furniture,Furnishings,FUR-FU-10001861,70.0,80.0,5,4,3251
1814,2023-11-05,Standard Class,Consumer,Furniture,Furnishings,FUR-FU-10000206,10.0,10.0,2,2,2009
1815,2022-07-25,Standard Class,Corporate,Furniture,Tables,FUR-TA-10002607,150.0,170.0,3,2,3477
1816,2022-04-11,Same Day,Consumer,Office Supplies,Labels,OFF-LA-10000443,10.0,10.0,2,3,1035
1817,2022-08-24,Same Day,Consumer,Office Supplies,Art,OFF-AR-10004685,10.0,10.0,2,5,2800
1818,2023-02-15,Second Class,Consumer,Office Supplies,Labels,OFF-LA-10001771,10.0,10.0,2,4,3025
1819,2022-02-24,Standard Class,Consumer,Office Supplies,Appliances,OFF-AP-10001394,80.0,80.0,2,3,203
1820,2022-07-24,Standard Class,Consumer,Furniture,Furnishings,FUR-FU-10002553,30.0,30.0,2,3,4484
1821,2023-12-08,Standard Class,Corporate,Office Supplies,Appliances,OFF-AP-10004233,90.0,90.0,6,2,2282
1822,2022-11-05,Standard Class,Corporate,Office Supplies,Fasteners,OFF-FA-10000304,10.0,10.0,4,2,4222
1823,2022-10-30,Standard Class,Corporate,Furniture,Chairs,FUR-CH-10004754,60.0,60.0,3,4,1165
1824,2022-12-22,Standard Class,Corporate,Office Supplies,Paper,OFF-PA-10000809,10.0,10.0,1,2,3368
1825,2022-03-27,Standard Class,Consumer,Office Supplies,Binders,OFF-BI-10003694,20.0,30.0,10,3,2007
1826,2023-09-02,Standard Class,Consumer,Furniture,Furnishings,FUR-FU-10001935,10.0,10.0,4,3,4623
1827,2023-11-20,Standard Class,Consumer,Furniture,Furnishings,FUR-FU-10002878,20.0,20.0,1,5,4296
1828,2023-09-01,Second Class,Home Office,Technology,Phones,TEC-PH-10002624,1060.0,1130.0,3,3,4951
1829,2023-09-01,Second Class,Corporate,Office Supplies,Paper,OFF-PA-10000019,30.0,40.0,6,4,4947
1830,2023-11-24,Standard Class,Consumer,Technology,Phones,TEC-PH-10002885,670.0,780.0,2,4,4032
1831,2023-05-27,Same Day,Home Office,Technology,Phones,TEC-PH-10000895,1150.0,1440.0,8,5,2197
1832,2023-06-11,Same Day,Home Office,Furniture,Tables,FUR-TA-10002356,220.0,260.0,1,4,958
1833,2022-02-10,Standard Class,Corporate,Furniture,Chairs,FUR-CH-10001270,200.0,210.0,3,2,4597
1834,2023-03-29,Standard Class,Corporate,Technology,Machines,TEC-MA-10000488,1300.0,1440.0,3,3,190
1835,2022-09-17,Standard Class,Corporate,Office Supplies,Paper,OFF-PA-10003729,30.0,40.0,7,3,4479
1836,2023-07-13,First Class,Consumer,Office Supplies,Art,OFF-AR-10003056,20.0,20.0,5,3,4114
1837,2022-05-09,Second Class,Corporate,Office Supplies,Appliances,OFF-AP-10002518,1000.0,1250.0,7,4,4805
1838,2023-05-10,Standard Class,Corporate,Office Supplies,Labels,OFF-LA-10000240,20.0,20.0,3,3,3065
1839,2023-03-19,Standard Class,Corporate,Furniture,Furnishings,FUR-FU-10000629,30.0,40.0,4,5,3299
1840,2022-04-09,Standard Class,Corporate,Office Supplies,Appliances,OFF-AP-10001005,60.0,60.0,1,4,239
1841,2023-01-17,Standard Class,Corporate,Office Supplies,Paper,OFF-PA-10002377,70.0,80.0,2,5,1922
1842,2022-06-14,Standard Class,Corporate,Furniture,Chairs,FUR-CH-10000988,120.0,140.0,1,3,3758
1843,2022-03-03,Second Class,Corporate,Office Supplies,Labels,OFF-LA-10001074,40.0,40.0,4,2,883
1844,2022-03-19,Second Class,Corporate,Furniture,Furnishings,FUR-FU-10001986,40.0,40.0,2,2,620
1845,2023-05-15,Standard Class,Consumer,Technology,Accessories,TEC-AC-10003027,80.0,90.0,3,5,4986
1846,2023-08-29,Second Class,Home Office,Office Supplies,Paper,OFF-PA-10001804,30.0,40.0,6,2,3736
1847,2023-01-06,Second Class,Home Office,Furniture,Furnishings,FUR-FU-10004973,30.0,40.0,2,2,3102
1848,2022-12-26,Same Day,Corporate,Furniture,Chairs,FUR-CH-10002602,330.0,360.0,3,3,1697
1849,2023-08-16,Same Day,Corporate,Office Supplies,Binders,OFF-BI-10004140,10.0,10.0,2,3,433
1850,2022-11-11,Second Class,Consumer,Office Supplies,Storage,OFF-ST-10000464,30.0,30.0,1,5,535
1851,2023-02-02,Second Class,Consumer,Technology,Accessories,TEC-AC-10002253,690.0,830.0,5,2,2610
1852,2023-11-25,Second Class,Consumer,Office Supplies,Paper,OFF-PA-10000528,20.0,30.0,5,4,2720
1853,2022-07-26,Second Class,Consumer,Office Supplies,Envelopes,OFF-EN-10000483,90.0,110.0,7,2,4551
1854,2022-02-10,Second Class,Consumer,Office Supplies,Paper,OFF-PA-10003129,80.0,100.0,2,2,3177
1855,2023-03-23,Second Class,Consumer,Office Supplies,Storage,OFF-ST-10003442,120.0,140.0,5,5,3032
1856,2022-02-23,Standard Class,Corporate,Office Supplies,Art,OFF-AR-10003631,10.0,10.0,3,4,3682
1857,2022-02-10,Second Class,Corporate,Office Supplies,Storage,OFF-ST-10000563,120.0,130.0,5,4,947
1858,2023-03-19,Second Class,Corporate,Office Supplies,Binders,OFF-BI-10002133,30.0,30.0,4,2,4644
1859,2022-05-22,First Class,Corporate,Office Supplies,Appliances,OFF-AP-10002311,130.0,140.0,2,5,4656
1860,2022-07-21,First Class,Corporate,Technology,Phones,TEC-PH-10004959,90.0,100.0,1,4,2089
1861,2023-08-10,First Class,Consumer,Furniture,Bookcases,FUR-BO-10001918,230.0,260.0,2,5,1552
1862,2023-07-11,First Class,Consumer,Technology,Phones,TEC-PH-10004896,100.0,120.0,4,4,2113
1863,2022-09-11,Same Day,Consumer,Office Supplies,Storage,OFF-ST-10001328,50.0,50.0,4,2,187
1864,2022-02-10,Standard Class,Corporate,Furniture,Tables,FUR-TA-10004575,650.0,730.0,5,4,1816
1865,2022-07-11,Standard Class,Corporate,Furniture,Furnishings,FUR-FU-10001617,20.0,20.0,3,4,2542
1866,2023-06-17,Same Day,Corporate,Technology,Phones,TEC-PH-10002824,340.0,370.0,3,2,4154
1867,2023-07-21,First Class,Corporate,Furniture,Furnishings,FUR-FU-10004460,170.0,200.0,5,4,3460
1868,2022-08-02,Standard Class,Home Office,Office Supplies,Paper,OFF-PA-10003309,20.0,30.0,6,2,2998
1869,2023-10-07,Standard Class,Home Office,Office Supplies,Storage,OFF-ST-10002554,70.0,80.0,2,3,1539
1870,2023-12-14,Second Class,Consumer,Office Supplies,Paper,OFF-PA-10000019,10.0,10.0,1,2,4256
1871,2023-06-13,Standard Class,Corporate,Office Supplies,Art,OFF-AR-10002067,90.0,100.0,5,4,1157
1872,2022-10-12,Standard Class,Corporate,Furniture,Chairs,FUR-CH-10001215,660.0,800.0,2,3,1072
1873,2023-02-02,Standard Class,Corporate,Furniture,Tables,FUR-TA-10004175,230.0,270.0,1,5,2622
1874,2023-11-24,Standard Class,Consumer,Furniture,Tables,FUR-TA-10004767,60.0,70.0,1,5,3319
1875,2022-11-20,Standard Class,Home Office,Office Supplies,Paper,OFF-PA-10001685,20.0,20.0,2,5,423
1876,2023-10-26,Standard Class,Consumer,Furniture,Bookcases,FUR-BO-10003272,150.0,180.0,1,4,4048
1877,2023-05-25,Standard Class,Consumer,Technology,Phones,TEC-PH-10000984,450.0,470.0,3,3,898
1878,2023-05-16,Standard Class,Consumer,Furniture,Chairs,FUR-CH-10002880,330.0,390.0,4,2,2020
1879,2023-08-15,Standard Class,Consumer,Technology,Phones,TEC-PH-10002563,280.0,300.0,3,5,1748
1880,2022-06-12,Standard Class,Corporate,Office Supplies,Binders,OFF-BI-10001191,60.0,70.0,9,2,119
1881,2022-03-04,Same Day,Consumer,Office Supplies,Envelopes,OFF-EN-10002621,30.0,30.0,3,5,5058
1882,2023-05-27,Same Day,Consumer,Furniture,Chairs,FUR-CH-10001146,320.0,380.0,7,4,750
1883,2022-04-03,Same Day,Consumer,Office Supplies,Storage,OFF-ST-10000689,530.0,560.0,4,3,2511
1884,2023-07-15,Standard Class,Home Office,Office Supplies,Paper,OFF-PA-10001289,200.0,220.0,7,4,1033
1885,2023-05-26,Second Class,Consumer,Office Supplies,Labels,OFF-LA-10003714,10.0,10.0,2,4,449
1886,2023-06-09,Second Class,Consumer,Furniture,Furnishings,FUR-FU-10001889,20.0,30.0,3,2,2818
1887,2023-10-26,First Class,Home Office,Office Supplies,Fasteners,OFF-FA-10002815,10.0,10.0,2,5,120
1888,2023-02-09,First Class,Home Office,Office Supplies,Binders,OFF-BI-10004519,320.0,400.0,8,5,4357
1889,2023-02-11,First Class,Consumer,Office Supplies,Appliances,OFF-AP-10004708,110.0,120.0,4,4,978
1890,2022-04-17,First Class,Consumer,Furniture,Tables,FUR-TA-10000617,370.0,410.0,3,3,2136
1891,2023-12-11,Standard Class,Corporate,Office Supplies,Paper,OFF-PA-10001204,10.0,10.0,2,3,1843
1892,2023-10-29,Standard Class,Corporate,Office Supplies,Art,OFF-AR-10003723,20.0,20.0,1,4,3414
1893,2023-12-21,Second Class,Consumer,Office Supplies,Envelopes,OFF-EN-10002621,10.0,10.0,1,3,1243
1894,2023-12-11,Standard Class,Consumer,Office Supplies,Paper,OFF-PA-10000241,20.0,20.0,1,3,4553
1895,2022-02-23,First Class,Consumer,Office Supplies,Art,OFF-AR-10001446,30.0,30.0,3,5,1576
1896,2022-04-19,Standard Class,Consumer,Office Supplies,Binders,OFF-BI-10004632,410.0,490.0,2,2,3560
1897,2023-07-15,First Class,Consumer,Office Supplies,Binders,OFF-BI-10001359,1520.0,1790.0,2,4,1798
1898,2023-01-27,Second Class,Consumer,Office Supplies,Envelopes,OFF-EN-10001749,30.0,30.0,2,5,2950
1899,2022-06-13,Second Class,Consumer,Office Supplies,Binders,OFF-BI-10004390,430.0,510.0,4,4,3230
1900,2023-01-19,Second Class,Consumer,Furniture,Tables,FUR-TA-10001857,140.0,170.0,3,3,3187
1901,2022-12-29,Second Class,Consumer,Office Supplies,Storage,OFF-ST-10000563,180.0,190.0,6,3,740
1902,2022-05-17,First Class,Home Office,Technology,Phones,TEC-PH-10004924,10.0,10.0,2,3,3114
1903,2022-03-27,First Class,Corporate,Office Supplies,Paper,OFF-PA-10003953,10.0,10.0,1,5,3849
1904,2022-02-12,First Class,Corporate,Furniture,Chairs,FUR-CH-10000155,430.0,480.0,2,3,5042
1905,2022-03-28,First Class,Corporate,Technology,Accessories,TEC-AC-10003116,20.0,30.0,2,4,3634
1906,2023-06-25,First Class,Corporate,Office Supplies,Storage,OFF-ST-10002743,770.0,910.0,8,3,4366
1907,2023-01-11,Standard Class,Corporate,Office Supplies,Binders,OFF-BI-10001757,10.0,10.0,2,2,4288
1908,2022-08-26,Standard Class,Corporate,Office Supplies,Binders,OFF-BI-10000069,30.0,30.0,6,3,4781
1909,2022-01-08,First Class,Corporate,Furniture,Furnishings,FUR-FU-10004093,120.0,140.0,4,2,3148
1910,2023-05-19,Standard Class,Consumer,Furniture,Furnishings,FUR-FU-10001037,20.0,20.0,2,3,3239
1911,2022-11-08,Standard Class,Corporate,Technology,Accessories,TEC-AC-10003832,80.0,100.0,3,4,973
1912,2022-08-07,Second Class,Corporate,Office Supplies,Paper,OFF-PA-10001878,240.0,270.0,7,3,3543
1913,2023-02-04,Second Class,Corporate,Technology,Machines,TEC-MA-10003674,520.0,600.0,3,2,838
1914,2023-05-19,First Class,Consumer,Technology,Accessories,TEC-AC-10003628,130.0,150.0,5,3,743
1915,2022-01-29,Standard Class,Home Office,Office Supplies,Labels,OFF-LA-10003190,10.0,10.0,2,2,371
1916,2022-05-14,Standard Class,Home Office,Office Supplies,Art,OFF-AR-10002280,20.0,20.0,3,3,3650
1917,2022-05-24,Standard Class,Home Office,Office Supplies,Labels,OFF-LA-10001569,10.0,10.0,3,3,166
1918,2022-08-15,Standard Class,Consumer,Office Supplies,Art,OFF-AR-10001573,10.0,10.0,5,2,2121
1919,2023-01-23,Second Class,Home Office,Technology,Phones,TEC-PH-10001809,280.0,300.0,2,3,4842
1920,2022-12-17,First Class,Corporate,Office Supplies,Binders,OFF-BI-10003091,800.0,900.0,5,3,1331
1921,2023-12-29,First Class,Corporate,Furniture,Chairs,FUR-CH-10003981,400.0,460.0,2,2,3853
1922,2022-09-29,Standard Class,Corporate,Office Supplies,Storage,OFF-ST-10002562,20.0,20.0,2,2,3454
1923,2023-02-06,Second Class,Corporate,Technology,Phones,TEC-PH-10004345,720.0,860.0,9,5,1412
1924,2023-06-01,Second Class,Corporate,Office Supplies,Art,OFF-AR-10000588,40.0,50.0,3,3,3648
1925,2022-04-15,Second Class,Consumer,Office Supplies,Paper,OFF-PA-10003039,70.0,90.0,3,2,1368
1926,2022-05-25,Standard Class,Corporate,Technology,Accessories,TEC-AC-10001908,170.0,200.0,2,5,790
1927,2022-01-02,Standard Class,Consumer,Technology,Phones,TEC-PH-10001198,160.0,180.0,3,2,1057
1928,2023-08-14,First Class,Consumer,Office Supplies,Paper,OFF-PA-10004071,80.0,90.0,2,4,619
1929,2023-06-04,Second Class,Home Office,Office Supplies,Paper,OFF-PA-10001972,10.0,10.0,1,3,3699
1930,2022-02-19,Second Class,Home Office,Office Supplies,Storage,OFF-ST-10004180,40.0,50.0,1,5,4286
1931,2022-09-07,Second Class,Home Office,Technology,Phones,TEC-PH-10004165,590.0,660.0,3,5,2869
1932,2023-06-28,Second Class,Consumer,Technology,Phones,TEC-PH-10002483,240.0,270.0,1,2,221
1933,2022-05-15,Second Class,Consumer,Furniture,Bookcases,FUR-BO-10000468,140.0,150.0,3,3,3667
1934,2022-04-12,Second Class,Consumer,Furniture,Furnishings,FUR-FU-10001706,20.0,20.0,5,2,441
1935,2022-02-07,Standard Class,Corporate,Office Supplies,Paper,OFF-PA-10003129,210.0,240.0,5,3,3187
1936,2022-10-04,Standard Class,Corporate,Technology,Accessories,TEC-AC-10001284,140.0,170.0,8,2,3705
1937,2023-03-28,Second Class,Home Office,Furniture,Furnishings,FUR-FU-10002268,10.0,10.0,3,4,4141
1938,2022-04-08,Standard Class,Consumer,Office Supplies,Binders,OFF-BI-10002082,20.0,20.0,2,3,4534
1939,2022-06-04,Standard Class,Consumer,Office Supplies,Storage,OFF-ST-10001505,20.0,30.0,7,5,338
1940,2023-11-13,Standard Class,Consumer,Office Supplies,Binders,OFF-BI-10001634,10.0,10.0,4,3,3265
1941,2022-01-03,Standard Class,Consumer,Furniture,Chairs,FUR-CH-10004287,580.0,660.0,3,5,5093
1942,2023-03-04,First Class,Corporate,Office Supplies,Labels,OFF-LA-10004544,40.0,50.0,4,4,388
1943,2022-03-01,First Class,Corporate,Office Supplies,Storage,OFF-ST-10004507,30.0,30.0,2,3,2541
1944,2022-05-20,First Class,Corporate,Office Supplies,Binders,OFF-BI-10002012,10.0,10.0,9,2,2383
1945,2023-11-22,Standard Class,Corporate,Technology,Accessories,TEC-AC-10001109,90.0,100.0,4,4,3057
1946,2022-10-23,Standard Class,Corporate,Office Supplies,Paper,OFF-PA-10000809,10.0,10.0,2,2,313
1947,2022-11-18,Standard Class,Corporate,Office Supplies,Art,OFF-AR-10000658,20.0,20.0,2,4,1129
1948,2023-08-20,Standard Class,Corporate,Furniture,Furnishings,FUR-FU-10001196,10.0,10.0,2,4,261
1949,2022-11-20,Standard Class,Corporate,Furniture,Tables,FUR-TA-10001889,230.0,250.0,1,3,851
1950,2023-04-03,Standard Class,Corporate,Office Supplies,Appliances,OFF-AP-10000358,10.0,10.0,1,5,797
1951,2022-10-04,Standard Class,Corporate,Office Supplies,Binders,OFF-BI-10004970,20.0,30.0,8,3,3618
1952,2022-04-29,Standard Class,Corporate,Technology,Phones,TEC-PH-10003885,160.0,200.0,3,4,2163
1953,2022-03-21,Standard Class,Corporate,Office Supplies,Labels,OFF-LA-10001641,20.0,20.0,6,2,2881
1954,2023-05-11,Standard Class,Corporate,Furniture,Chairs,FUR-CH-10003379,1190.0,1280.0,5,3,4890
1955,2023-05-24,Standard Class,Corporate,Office Supplies,Art,OFF-AR-10004582,10.0,10.0,3,3,2102
1956,2023-03-02,Standard Class,Corporate,Technology,Accessories,TEC-AC-10002842,210.0,240.0,2,2,3612
1957,2023-02-08,Standard Class,Corporate,Technology,Accessories,TEC-AC-10000109,140.0,170.0,3,4,4934
1958,2023-05-02,Standard Class,Corporate,Office Supplies,Paper,OFF-PA-10003893,20.0,20.0,4,2,3578
1959,2023-01-05,Second Class,Consumer,Office Supplies,Binders,OFF-BI-10003669,20.0,20.0,3,2,4807
1960,2023-01-21,Second Class,Consumer,Office Supplies,Appliances,OFF-AP-10004785,30.0,30.0,3,2,3008
1961,2022-12-23,Second Class,Consumer,Technology,Accessories,TEC-AC-10003023,270.0,300.0,5,5,4134
1962,2022-10-19,Second Class,Consumer,Technology,Accessories,TEC-AC-10002217,90.0,110.0,6,4,2195
1963,2023-04-05,Second Class,Consumer,Office Supplies,Binders,OFF-BI-10002954,10.0,10.0,3,2,440
1964,2023-09-05,Second Class,Consumer,Office Supplies,Paper,OFF-PA-10002586,20.0,20.0,5,2,2040
1965,2022-06-10,Second Class,Consumer,Office Supplies,Storage,OFF-ST-10000025,250.0,290.0,3,2,3363
1966,2022-07-22,Second Class,Consumer,Office Supplies,Appliances,OFF-AP-10003281,20.0,20.0,2,4,4261
1967,2022-04-04,Standard Class,Consumer,Technology,Phones,TEC-PH-10002103,240.0,280.0,3,5,4849
1968,2022-10-18,Standard Class,Consumer,Office Supplies,Supplies,OFF-SU-10000898,60.0,70.0,5,5,4558
1969,2023-01-11,Standard Class,Consumer,Office Supplies,Paper,OFF-PA-10001144,140.0,170.0,3,5,4420
1970,2022-06-02,Standard Class,Consumer,Technology,Accessories,TEC-AC-10004659,230.0,290.0,4,4,334
1971,2022-12-20,Standard Class,Home Office,Office Supplies,Art,OFF-AR-10004752,10.0,10.0,3,5,1119
1972,2023-06-25,Standard Class,Home Office,Technology,Accessories,TEC-AC-10004659,380.0,410.0,7,3,2069
1973,2023-04-30,Standard Class,Consumer,Office Supplies,Binders,OFF-BI-10001249,10.0,10.0,4,4,2059
1974,2022-02-05,Standard Class,Consumer,Office Supplies,Fasteners,OFF-FA-10003059,10.0,10.0,2,4,1097
1975,2023-06-21,Standard Class,Consumer,Technology,Accessories,TEC-AC-10002718,40.0,40.0,3,2,3204
1976,2023-07-05,Second Class,Corporate,Office Supplies,Storage,OFF-ST-10001522,260.0,280.0,3,2,465
1977,2022-09-27,Second Class,Corporate,Technology,Phones,TEC-PH-10002352,1310.0,1390.0,5,5,4357
1978,2023-06-05,Second Class,Corporate,Furniture,Chairs,FUR-CH-10003774,470.0,550.0,6,2,2193
1979,2022-01-05,Standard Class,Consumer,Office Supplies,Art,OFF-AR-10000127,10.0,10.0,2,2,3260
1980,2022-07-18,Same Day,Consumer,Furniture,Chairs,FUR-CH-10004086,800.0,930.0,4,4,3331
1981,2023-09-28,Same Day,Consumer,Office Supplies,Storage,OFF-ST-10001228,40.0,40.0,4,5,817
1982,2022-01-17,Second Class,Corporate,Office Supplies,Binders,OFF-BI-10004187,10.0,10.0,2,2,2367
1983,2022-03-27,Standard Class,Consumer,Technology,Phones,TEC-PH-10003811,430.0,480.0,4,3,545
1984,2023-05-22,Second Class,Corporate,Office Supplies,Appliances,OFF-AP-10000240,280.0,320.0,6,4,2738
1985,2022-07-01,Second Class,Corporate,Furniture,Furnishings,FUR-FU-10001940,20.0,20.0,3,2,4291
1986,2022-06-16,Second Class,Corporate,Office Supplies,Paper,OFF-PA-10000575,30.0,30.0,4,2,2138
1987,2023-10-20,First Class,Consumer,Technology,Copiers,TEC-CO-10001449,1200.0,1440.0,4,5,3835
1988,2022-04-14,Standard Class,Consumer,Office Supplies,Binders,OFF-BI-10002393,20.0,20.0,3,3,2082
1989,2023-02-09,Standard Class,Consumer,Furniture,Tables,FUR-TA-10002855,870.0,1020.0,7,5,808
1990,2022-01-29,Standard Class,Consumer,Office Supplies,Envelopes,OFF-EN-10000781,30.0,30.0,3,4,1189
1991,2022-04-17,Standard Class,Consumer,Office Supplies,Paper,OFF-PA-10002160,20.0,20.0,3,5,1012
1992,2023-07-16,Standard Class,Consumer,Office Supplies,Binders,OFF-BI-10004970,10.0,10.0,4,4,2268
1993,2022-11-04,Standard Class,Home Office,Office Supplies,Labels,OFF-LA-10003923,60.0,70.0,6,2,485
1994,2023-11-05,Standard Class,Home Office,Office Supplies,Art,OFF-AR-10002257,10.0,10.0,2,3,1275
1995,2022-11-22,Standard Class,Home Office,Office Supplies,Fasteners,OFF-FA-10004395,10.0,10.0,3,4,338
1996,2023-01-25,Second Class,Consumer,Office Supplies,Appliances,OFF-AP-10002534,260.0,290.0,5,3,1363
1997,2022-08-03,Second Class,Consumer,Furniture,Furnishings,FUR-FU-10004020,10.0,10.0,4,3,666
1998,2023-05-27,First Class,Corporate,Office Supplies,Labels,OFF-LA-10002787,20.0,20.0,4,5,2389
1999,2022-09-06,First Class,Corporate,Technology,Phones,TEC-PH-10003645,140.0,160.0,1,2,4175
2000,2023-04-17,First Class,Corporate,Technology,Phones,TEC-PH-10001615,110.0,140.0,5,3,5060
2001,2023-12-20,Standard Class,Consumer,Technology,Accessories,TEC-AC-10001767,170.0,200.0,5,2,3496
2002,2022-10-29,Standard Class,Consumer,Office Supplies,Art,OFF-AR-10001221,30.0,40.0,7,3,2689
2003,2022-07-16,Second Class,Consumer,Office Supplies,Storage,OFF-ST-10000563,100.0,100.0,3,3,5083
2004,2022-09-11,Second Class,Consumer,Furniture,Chairs,FUR-CH-10001146,290.0,300.0,5,5,914
2005,2023-07-02,Standard Class,Home Office,Office Supplies,Binders,OFF-BI-10004738,10.0,10.0,3,4,1495
2006,2022-03-08,Standard Class,Corporate,Office Supplies,Art,OFF-AR-10000034,30.0,30.0,7,5,4373
2007,2023-11-05,Standard Class,Corporate,Technology,Accessories,TEC-AC-10000290,40.0,50.0,7,5,3038
2008,2023-10-16,First Class,Consumer,Furniture,Bookcases,FUR-BO-10003034,150.0,180.0,2,4,2824
2009,2023-12-19,Standard Class,Consumer,Office Supplies,Art,OFF-AR-10001315,10.0,10.0,3,5,2734
2010,2023-03-10,Standard Class,Consumer,Office Supplies,Appliances,OFF-AP-10002118,270.0,330.0,2,2,2073
2011,2022-07-10,Standard Class,Consumer,Office Supplies,Paper,OFF-PA-10002137,20.0,20.0,4,2,2848
2012,2022-06-16,Same Day,Consumer,Technology,Accessories,TEC-AC-10001606,150.0,160.0,2,4,611
2013,2023-03-12,Same Day,Consumer,Office Supplies,Storage,OFF-ST-10000943,50.0,50.0,3,3,1361
2014,2022-08-10,Standard Class,Consumer,Furniture,Chairs,FUR-CH-10001854,290.0,350.0,1,3,2186
2015,2023-09-25,Standard Class,Consumer,Office Supplies,Paper,OFF-PA-10000533,10.0,10.0,2,4,470
2016,2023-09-06,Standard Class,Consumer,Office Supplies,Storage,OFF-ST-10003716,820.0,900.0,4,4,4756
2017,2023-01-17,Standard Class,Consumer,Office Supplies,Binders,OFF-BI-10000088,20.0,20.0,2,4,4460
2018,2022-05-05,Standard Class,Consumer,Office Supplies,Labels,OFF-LA-10000240,10.0,10.0,2,3,3077
2019,2023-02-04,Standard Class,Consumer,Office Supplies,Supplies,OFF-SU-10001165,20.0,30.0,4,2,4350
2020,2023-04-17,Standard Class,Consumer,Office Supplies,Paper,OFF-PA-10002749,30.0,40.0,6,4,4567
2021,2023-07-04,First Class,Home Office,Office Supplies,Storage,OFF-ST-10001490,1430.0,1610.0,9,2,4976
2022,2023-06-26,First Class,Home Office,Office Supplies,Paper,OFF-PA-10002377,20.0,20.0,3,5,78
2023,2023-11-01,First Class,Home Office,Office Supplies,Binders,OFF-BI-10004826,50.0,50.0,3,2,1625
2024,2022-12-23,First Class,Home Office,Furniture,Chairs,FUR-CH-10004675,700.0,870.0,4,5,1234
2025,2022-07-22,Second Class,Consumer,Office Supplies,Binders,OFF-BI-10002867,200.0,240.0,5,3,1444
2026,2023-12-11,First Class,Consumer,Furniture,Bookcases,FUR-BO-10004409,110.0,140.0,2,2,164
2027,2022-02-28,Second Class,Home Office,Office Supplies,Binders,OFF-BI-10002225,30.0,30.0,2,2,4050
2028,2023-02-01,Second Class,Home Office,Office Supplies,Binders,OFF-BI-10001989,60.0,70.0,4,3,4356
2029,2023-02-20,Standard Class,Corporate,Office Supplies,Binders,OFF-BI-10000343,10.0,10.0,3,4,1983
2030,2023-05-12,Standard Class,Corporate,Office Supplies,Storage,OFF-ST-10001172,90.0,100.0,5,3,4823
2031,2023-04-09,Standard Class,Corporate,Office Supplies,Binders,OFF-BI-10003707,60.0,60.0,4,3,783
2032,2023-10-05,Standard Class,Corporate,Office Supplies,Paper,OFF-PA-10001274,10.0,10.0,3,2,3026
2033,2022-07-19,Standard Class,Corporate,Office Supplies,Paper,OFF-PA-10002250,10.0,10.0,2,4,970
2034,2023-11-24,Standard Class,Corporate,Office Supplies,Art,OFF-AR-10000475,10.0,10.0,1,5,5084
2035,2022-06-14,Standard Class,Consumer,Office Supplies,Binders,OFF-BI-10002976,10.0,10.0,2,3,370
2036,2023-01-27,Standard Class,Consumer,Furniture,Chairs,FUR-CH-10003061,250.0,270.0,3,5,1025
2037,2022-06-12,Standard Class,Home Office,Office Supplies,Paper,OFF-PA-10002893,20.0,30.0,3,3,2170
2038,2022-12-12,Standard Class,Home Office,Office Supplies,Labels,OFF-LA-10003077,10.0,10.0,2,3,2795
2039,2022-12-01,Standard Class,Home Office,Office Supplies,Paper,OFF-PA-10001661,10.0,10.0,3,3,2082
2040,2023-12-26,Standard Class,Home Office,Office Supplies,Binders,OFF-BI-10004656,10.0,10.0,7,3,2792
2041,2023-11-02,Standard Class,Home Office,Office Supplies,Binders,OFF-BI-10003707,10.0,10.0,2,4,1857
2042,2023-08-04,Standard Class,Home Office,Furniture,Furnishings,FUR-FU-10004973,70.0,80.0,5,5,3325
2043,2023-09-13,Standard Class,Corporate,Office Supplies,Binders,OFF-BI-10004817,50.0,60.0,6,2,2992
2044,2023-06-25,Standard Class,Corporate,Office Supplies,Art,OFF-AR-10001860,40.0,40.0,7,3,293
2045,2023-02-12,Standard Class,Corporate,Office Supplies,Paper,OFF-PA-10001639,20.0,20.0,3,4,2689
2046,2023-10-19,Standard Class,Corporate,Office Supplies,Appliances,OFF-AP-10004487,130.0,160.0,2,4,4424
2047,2023-12-12,Standard Class,Corporate,Technology,Phones,TEC-PH-10001760,500.0,600.0,3,4,4438
2048,2023-06-10,Standard Class,Corporate,Office Supplies,Paper,OFF-PA-10004071,50.0,60.0,1,4,549
2049,2022-02-12,First Class,Consumer,Furniture,Furnishings,FUR-FU-10004848,230.0,290.0,7,2,4114
2050,2023-02-07,First Class,Consumer,Office Supplies,Binders,OFF-BI-10004022,10.0,10.0,3,2,2477
2051,2023-05-13,First Class,Consumer,Office Supplies,Binders,OFF-BI-10003669,10.0,10.0,4,4,4355
2052,2022-12-31,First Class,Consumer,Furniture,Chairs,FUR-CH-10003833,280.0,340.0,8,4,4788
2053,2023-12-12,First Class,Consumer,Office Supplies,Art,OFF-AR-10003732,10.0,10.0,5,3,1522
2054,2022-01-30,First Class,Consumer,Furniture,Furnishings,FUR-FU-10003142,30.0,30.0,6,5,289
2055,2022-03-19,Standard Class,Consumer,Furniture,Furnishings,FUR-FU-10001196,20.0,20.0,3,4,2536
2056,2022-03-03,First Class,Consumer,Technology,Accessories,TEC-AC-10001114,170.0,200.0,5,4,1820
2057,2023-09-03,First Class,Consumer,Furniture,Chairs,FUR-CH-10002335,1510.0,1590.0,7,3,2327
2058,2023-04-12,First Class,Consumer,Technology,Accessories,TEC-AC-10000844,60.0,80.0,1,4,1210
2059,2023-12-22,First Class,Consumer,Furniture,Tables,FUR-TA-10004534,370.0,410.0,2,4,2902
2060,2022-05-06,Standard Class,Corporate,Office Supplies,Fasteners,OFF-FA-10002975,10.0,10.0,3,3,4792
2061,2022-05-02,Standard Class,Corporate,Office Supplies,Storage,OFF-ST-10003996,70.0,80.0,5,5,2753
2062,2022-01-22,Standard Class,Corporate,Office Supplies,Binders,OFF-BI-10002571,20.0,20.0,2,2,436
2063,2023-01-17,Standard Class,Corporate,Office Supplies,Paper,OFF-PA-10000477,50.0,60.0,13,5,2360
2064,2023-11-22,Standard Class,Corporate,Office Supplies,Binders,OFF-BI-10004209,20.0,20.0,3,5,676
2065,2022-03-31,Standard Class,Corporate,Office Supplies,Storage,OFF-ST-10001963,360.0,410.0,4,3,4558
2066,2022-01-02,Standard Class,Corporate,Furniture,Chairs,FUR-CH-10003833,130.0,150.0,3,2,1953
2067,2022-05-04,Standard Class,Corporate,Technology,Accessories,TEC-AC-10004568,210.0,250.0,9,3,4946
2068,2022-09-01,Standard Class,Corporate,Office Supplies,Art,OFF-AR-10001419,10.0,10.0,3,3,2180
2069,2023-06-11,Standard Class,Consumer,Technology,Accessories,TEC-AC-10002800,190.0,200.0,4,4,3429
2070,2023-09-09,Standard Class,Consumer,Furniture,Tables,FUR-TA-10003954,580.0,710.0,3,3,159
2071,2022-07-02,Second Class,Corporate,Office Supplies,Binders,OFF-BI-10000301,10.0,10.0,1,2,3086
2072,2023-02-12,Standard Class,Consumer,Furniture,Chairs,FUR-CH-10003956,240.0,280.0,5,4,756
2073,2023-04-04,Standard Class,Corporate,Office Supplies,Binders,OFF-BI-10002954,10.0,10.0,2,5,3328
2074,2022-04-25,Second Class,Home Office,Technology,Accessories,TEC-AC-10003289,50.0,60.0,3,2,2809
2075,2023-10-02,Second Class,Home Office,Technology,Phones,TEC-PH-10002468,640.0,760.0,7,2,368
2076,2023-09-15,Standard Class,Consumer,Furniture,Furnishings,FUR-FU-10001861,50.0,60.0,3,3,2027
2077,2023-01-04,First Class,Consumer,Office Supplies,Paper,OFF-PA-10004082,40.0,40.0,5,4,3399
2078,2023-07-18,First Class,Consumer,Office Supplies,Appliances,OFF-AP-10000358,80.0,90.0,7,3,1197
2079,2023-04-07,First Class,Consumer,Office Supplies,Paper,OFF-PA-10004243,70.0,90.0,5,4,1464
2080,2023-01-19,Standard Class,Consumer,Office Supplies,Paper,OFF-PA-10001295,100.0,110.0,7,4,144
2081,2023-10-25,Standard Class,Consumer,Technology,Phones,TEC-PH-10002170,100.0,110.0,2,2,2887
2082,2022-08-05,Standard Class,Consumer,Furniture,Furnishings,FUR-FU-10002885,10.0,10.0,2,3,308
2083,2022-03-17,Standard Class,Consumer,Office Supplies,Paper,OFF-PA-10002870,40.0,40.0,6,4,1033
2084,2023-02-22,Standard Class,Home Office,Office Supplies,Labels,OFF-LA-10003923,20.0,20.0,2,2,2788
2085,2023-09-12,Standard Class,Consumer,Office Supplies,Labels,OFF-LA-10003510,110.0,120.0,4,4,1360
2086,2023-12-28,Standard Class,Consumer,Office Supplies,Labels,OFF-LA-10000248,20.0,20.0,5,4,2260
2087,2022-07-09,Standard Class,Consumer,Office Supplies,Storage,OFF-ST-10000060,270.0,320.0,5,5,4539
2088,2023-11-16,Standard Class,Consumer,Office Supplies,Paper,OFF-PA-10003129,140.0,150.0,3,4,81
2089,2022-04-27,Standard Class,Consumer,Office Supplies,Fasteners,OFF-FA-10004076,10.0,10.0,2,4,397
2090,2023-02-12,Standard Class,Corporate,Office Supplies,Labels,OFF-LA-10004008,10.0,10.0,2,2,3009
2091,2022-10-31,Standard Class,Consumer,Office Supplies,Binders,OFF-BI-10004094,30.0,30.0,3,4,3788
2092,2023-09-21,Standard Class,Consumer,Furniture,Tables,FUR-TA-10004607,250.0,310.0,3,2,257
2093,2022-06-09,Standard Class,Home Office,Furniture,Chairs,FUR-CH-10004289,430.0,480.0,5,3,1545
2094,2022-06-27,Second Class,Consumer,Office Supplies,Supplies,OFF-SU-10004498,10.0,10.0,1,3,218
2095,2023-08-08,Standard Class,Consumer,Office Supplies,Art,OFF-AR-10001177,10.0,10.0,5,3,3381
2096,2023-10-25,Standard Class,Home Office,Office Supplies,Binders,OFF-BI-10001718,470.0,510.0,8,5,1215
2097,2022-11-28,Standard Class,Home Office,Office Supplies,Art,OFF-AR-10004602,80.0,90.0,4,4,4091
2098,2022-04-26,Standard Class,Home Office,Office Supplies,Art,OFF-AR-10003856,10.0,10.0,3,2,1652
2099,2023-04-02,Standard Class,Consumer,Office Supplies,Storage,OFF-ST-10000649,40.0,40.0,3,3,49
2100,2023-08-30,Standard Class,Consumer,Technology,Accessories,TEC-AC-10002926,240.0,280.0,7,3,2814
2101,2022-03-03,Standard Class,Consumer,Office Supplies,Storage,OFF-ST-10000078,520.0,640.0,3,2,5043
2102,2022-11-21,Standard Class,Consumer,Office Supplies,Art,OFF-AR-10001044,80.0,80.0,4,3,1556
2103,2022-09-04,Same Day,Home Office,Furniture,Chairs,FUR-CH-10002372,220.0,260.0,4,3,4810
2104,2023-10-23,Second Class,Corporate,Office Supplies,Paper,OFF-PA-10000357,180.0,220.0,4,5,3674
2105,2023-12-26,Second Class,Corporate,Technology,Accessories,TEC-AC-10001266,30.0,30.0,2,3,3856
2106,2022-07-01,Standard Class,Consumer,Office Supplies,Paper,OFF-PA-10004888,20.0,20.0,3,2,489
2107,2022-11-30,Same Day,Corporate,Office Supplies,Binders,OFF-BI-10003460,20.0,20.0,1,3,3636
2108,2022-03-02,Same Day,Consumer,Office Supplies,Paper,OFF-PA-10000157,20.0,20.0,1,4,743
2109,2022-12-09,Same Day,Consumer,Office Supplies,Binders,OFF-BI-10004519,340.0,400.0,3,3,593
2110,2022-05-08,Same Day,Consumer,Office Supplies,Art,OFF-AR-10004272,10.0,10.0,3,2,331
2111,2023-07-25,Same Day,Consumer,Office Supplies,Fasteners,OFF-FA-10000585,20.0,20.0,5,2,1167
2112,2022-09-09,Same Day,Consumer,Furniture,Chairs,FUR-CH-10004218,300.0,320.0,4,2,4926
2113,2022-11-13,Same Day,Consumer,Office Supplies,Supplies,OFF-SU-10004231,20.0,30.0,3,4,2612
2114,2022-11-14,Same Day,Consumer,Technology,Phones,TEC-PH-10001578,1090.0,1300.0,4,3,1304
2115,2023-06-19,Same Day,Consumer,Office Supplies,Storage,OFF-ST-10003638,50.0,50.0,2,4,4759
2116,2023-10-03,Same Day,Consumer,Furniture,Bookcases,FUR-BO-10002213,370.0,430.0,1,2,3014
2117,2022-09-18,Second Class,Consumer,Furniture,Tables,FUR-TA-10001307,180.0,210.0,1,3,4921
2118,2023-11-24,Standard Class,Consumer,Office Supplies,Paper,OFF-PA-10002222,140.0,160.0,7,4,700
2119,2023-06-12,First Class,Corporate,Office Supplies,Paper,OFF-PA-10002479,10.0,10.0,1,5,563
2120,2023-04-06,First Class,Corporate,Office Supplies,Binders,OFF-BI-10003091,860.0,900.0,5,3,3225
2121,2023-09-20,Standard Class,Consumer,Office Supplies,Binders,OFF-BI-10000145,10.0,10.0,3,4,1393
2122,2022-02-04,First Class,Corporate,Furniture,Chairs,FUR-CH-10003061,190.0,220.0,3,5,3225
2123,2023-12-16,Second Class,Home Office,Furniture,Bookcases,FUR-BO-10001972,190.0,240.0,2,3,4343
2124,2022-09-29,Second Class,Home Office,Office Supplies,Labels,OFF-LA-10000134,30.0,30.0,9,2,4262
2125,2023-08-08,Standard Class,Home Office,Office Supplies,Envelopes,OFF-EN-10003040,80.0,100.0,5,3,3586
2126,2022-08-09,Standard Class,Home Office,Technology,Phones,TEC-PH-10000923,50.0,60.0,7,3,630
2127,2023-02-04,Standard Class,Consumer,Technology,Accessories,TEC-AC-10000158,80.0,90.0,3,3,352
2128,2023-11-13,Standard Class,Home Office,Furniture,Furnishings,FUR-FU-10003623,50.0,60.0,3,3,2746
2129,2022-10-06,Standard Class,Home Office,Office Supplies,Paper,OFF-PA-10001293,20.0,20.0,4,4,65
2130,2023-06-03,Second Class,Corporate,Office Supplies,Appliances,OFF-AP-10000124,20.0,30.0,4,2,4789
2131,2023-02-16,Second Class,Corporate,Office Supplies,Art,OFF-AR-10004511,30.0,40.0,9,3,950
2132,2022-03-24,Second Class,Corporate,Furniture,Furnishings,FUR-FU-10000076,120.0,140.0,7,5,3839
2133,2023-10-04,Standard Class,Consumer,Office Supplies,Paper,OFF-PA-10003883,20.0,20.0,3,3,3151
2134,2022-02-02,Standard Class,Consumer,Office Supplies,Binders,OFF-BI-10003656,120.0,150.0,3,2,340
2135,2023-01-13,Standard Class,Consumer,Office Supplies,Fasteners,OFF-FA-10000053,10.0,10.0,7,5,2849
2136,2023-11-09,Standard Class,Consumer,Technology,Phones,TEC-PH-10002807,80.0,90.0,4,3,1688
2137,2023-03-05,Standard Class,Consumer,Furniture,Furnishings,FUR-FU-10002364,10.0,10.0,5,4,4621
2138,2022-06-29,Standard Class,Consumer,Office Supplies,Binders,OFF-BI-10002954,10.0,10.0,4,4,1435
2139,2023-08-11,Same Day,Consumer,Office Supplies,Paper,OFF-PA-10004092,140.0,150.0,3,5,129
2140,2023-07-29,Standard Class,Corporate,Office Supplies,Binders,OFF-BI-10003982,120.0,150.0,9,3,403
2141,2023-11-06,Standard Class,Corporate,Office Supplies,Supplies,OFF-SU-10001664,20.0,20.0,2,2,1065
2142,2022-08-26,Standard Class,Corporate,Furniture,Tables,FUR-TA-10003238,920.0,990.0,3,3,3401
2143,2022-04-15,Standard Class,Corporate,Office Supplies,Paper,OFF-PA-10004675,30.0,30.0,6,5,4821
2144,2023-01-14,Standard Class,Corporate,Technology,Phones,TEC-PH-10002293,20.0,20.0,2,3,111
2145,2022-08-02,Standard Class,Corporate,Office Supplies,Fasteners,OFF-FA-10002780,20.0,20.0,7,3,339
2146,2022-01-07,Standard Class,Corporate,Furniture,Chairs,FUR-CH-10002965,390.0,420.0,3,4,4948
2147,2023-07-09,Standard Class,Corporate,Office Supplies,Binders,OFF-BI-10004781,40.0,40.0,4,3,47
2148,2022-03-18,Standard Class,Corporate,Office Supplies,Storage,OFF-ST-10001713,210.0,250.0,6,3,3170
2149,2022-04-02,Standard Class,Consumer,Furniture,Furnishings,FUR-FU-10003975,40.0,40.0,1,4,2346
2150,2022-05-31,Standard Class,Consumer,Technology,Phones,TEC-PH-10001536,70.0,80.0,5,4,4056
2151,2023-03-23,Standard Class,Consumer,Furniture,Chairs,FUR-CH-10001973,210.0,230.0,3,3,2039
2152,2022-10-11,Second Class,Consumer,Technology,Accessories,TEC-AC-10001772,100.0,110.0,7,3,3578
2153,2023-03-09,Standard Class,Consumer,Office Supplies,Paper,OFF-PA-10002586,10.0,10.0,3,5,4488
2154,2023-03-01,Standard Class,Corporate,Office Supplies,Binders,OFF-BI-10004094,10.0,10.0,2,2,2149
2155,2022-05-02,Standard Class,Home Office,Furniture,Furnishings,FUR-FU-10004973,20.0,20.0,3,5,212
2156,2022-05-20,Second Class,Consumer,Office Supplies,Fasteners,OFF-FA-10000624,20.0,20.0,6,5,5047
2157,2023-01-20,First Class,Consumer,Office Supplies,Storage,OFF-ST-10001097,460.0,500.0,3,4,4260
2158,2022-07-13,First Class,Consumer,Office Supplies,Storage,OFF-ST-10001469,150.0,160.0,3,3,4413
2159,2022-10-12,Standard Class,Home Office,Office Supplies,Art,OFF-AR-10004956,20.0,20.0,4,2,3062
2160,2022-03-30,Standard Class,Consumer,Office Supplies,Binders,OFF-BI-10004236,10.0,10.0,3,2,804
2161,2022-11-11,Same Day,Consumer,Furniture,Furnishings,FUR-FU-10002937,70.0,80.0,1,4,3720
2162,2023-08-20,Standard Class,Home Office,Office Supplies,Art,OFF-AR-10003696,30.0,30.0,1,5,2327
2163,2022-10-14,Standard Class,Home Office,Office Supplies,Paper,OFF-PA-10004359,290.0,310.0,3,3,4261
2164,2023-01-03,Standard Class,Consumer,Technology,Accessories,TEC-AC-10002402,170.0,190.0,3,5,1315
2165,2022-04-01,Standard Class,Consumer,Office Supplies,Paper,OFF-PA-10000551,10.0,10.0,2,2,615
2166,2023-07-23,Standard Class,Consumer,Furniture,Furnishings,FUR-FU-10003394,130.0,140.0,5,2,2411
2167,2022-12-05,Standard Class,Consumer,Office Supplies,Art,OFF-AR-10002067,20.0,20.0,1,4,440
2168,2023-11-12,Standard Class,Consumer,Office Supplies,Binders,OFF-BI-10004140,10.0,10.0,7,5,576
2169,2023-08-22,Second Class,Consumer,Office Supplies,Art,OFF-AR-10004078,10.0,10.0,3,5,3664
2170,2023-10-03,Second Class,Consumer,Technology,Accessories,TEC-AC-10000927,60.0,70.0,3,3,3064
2171,2022-07-30,Second Class,Consumer,Technology,Phones,TEC-PH-10003931,100.0,110.0,3,2,3617
2172,2023-09-17,Standard Class,Corporate,Furniture,Chairs,FUR-CH-10004675,290.0,310.0,2,4,2310
2173,2022-06-17,First Class,Consumer,Office Supplies,Binders,OFF-BI-10004506,20.0,20.0,3,3,1982
2174,2022-10-01,Standard Class,Home Office,Office Supplies,Binders,OFF-BI-10002353,10.0,10.0,3,4,1276
2175,2022-04-15,Second Class,Corporate,Office Supplies,Storage,OFF-ST-10000943,50.0,60.0,4,3,3897
2176,2022-07-28,Standard Class,Home Office,Office Supplies,Paper,OFF-PA-10000740,50.0,50.0,2,2,4903
2177,2023-08-24,Standard Class,Home Office,Office Supplies,Paper,OFF-PA-10003001,50.0,60.0,9,2,723
2178,2023-02-04,Standard Class,Home Office,Office Supplies,Binders,OFF-BI-10001628,40.0,40.0,5,5,111
2179,2023-06-11,Standard Class,Home Office,Office Supplies,Paper,OFF-PA-10001509,70.0,70.0,8,5,3641
2180,2022-05-03,Standard Class,Consumer,Office Supplies,Binders,OFF-BI-10000309,80.0,90.0,7,2,1091
2181,2022-06-20,Standard Class,Consumer,Office Supplies,Labels,OFF-LA-10003923,40.0,40.0,3,5,2255
2182,2022-06-11,Standard Class,Consumer,Furniture,Chairs,FUR-CH-10002084,400.0,440.0,4,5,317
2183,2023-02-28,Standard Class,Consumer,Technology,Machines,TEC-MA-10000488,3480.0,4000.0,5,4,4048
2184,2023-11-22,Standard Class,Consumer,Technology,Accessories,TEC-AC-10001767,180.0,200.0,5,5,533
2185,2022-11-19,Standard Class,Consumer,Furniture,Furnishings,FUR-FU-10001940,50.0,60.0,8,5,1320
2186,2022-06-17,Second Class,Corporate,Office Supplies,Binders,OFF-BI-10002735,40.0,50.0,2,4,1341
2187,2022-04-29,Same Day,Consumer,Technology,Accessories,TEC-AC-10002345,30.0,30.0,2,3,1533
2188,2022-01-03,Standard Class,Consumer,Office Supplies,Envelopes,OFF-EN-10003134,60.0,70.0,6,2,516
2189,2022-06-26,Standard Class,Consumer,Furniture,Furnishings,FUR-FU-10003708,100.0,120.0,2,3,3088
2190,2023-04-12,Standard Class,Consumer,Technology,Phones,TEC-PH-10003645,1310.0,1450.0,9,3,3015
2191,2022-01-30,Standard Class,Consumer,Office Supplies,Appliances,OFF-AP-10000692,50.0,60.0,3,5,2154
2192,2022-04-24,Standard Class,Consumer,Office Supplies,Binders,OFF-BI-10001718,120.0,150.0,3,3,4921
2193,2022-08-29,Standard Class,Consumer,Office Supplies,Appliances,OFF-AP-10002082,70.0,70.0,3,4,94
2194,2022-02-20,Standard Class,Consumer,Office Supplies,Paper,OFF-PA-10001125,100.0,120.0,4,4,1204
2195,2023-07-29,Standard Class,Consumer,Office Supplies,Appliances,OFF-AP-10000252,30.0,40.0,3,3,4195
2196,2023-06-10,Standard Class,Consumer,Technology,Accessories,TEC-AC-10003038,40.0,40.0,5,3,494
2197,2022-04-13,Standard Class,Consumer,Office Supplies,Art,OFF-AR-10000940,10.0,10.0,2,4,636
2198,2023-03-17,Standard Class,Consumer,Office Supplies,Art,OFF-AR-10001954,10.0,10.0,3,5,2846
2199,2022-12-15,Standard Class,Consumer,Office Supplies,Paper,OFF-PA-10003177,20.0,20.0,3,3,4243
2200,2023-02-23,Standard Class,Consumer,Office Supplies,Paper,OFF-PA-10000533,10.0,10.0,1,2,1511
2201,2023-02-18,Standard Class,Consumer,Furniture,Furnishings,FUR-FU-10001935,20.0,20.0,6,4,918
2202,2022-11-19,Standard Class,Consumer,Technology,Phones,TEC-PH-10002563,810.0,880.0,7,2,4778
2203,2022-05-12,Standard Class,Home Office,Office Supplies,Binders,OFF-BI-10002160,10.0,10.0,2,5,259
2204,2023-05-13,Standard Class,Home Office,Furniture,Furnishings,FUR-FU-10004748,150.0,190.0,3,5,1876
2205,2023-08-13,Standard Class,Consumer,Furniture,Furnishings,FUR-FU-10001473,20.0,20.0,1,3,300
2206,2023-03-31,Second Class,Home Office,Office Supplies,Art,OFF-AR-10000538,60.0,70.0,3,4,3641
2207,2022-11-02,Standard Class,Home Office,Office Supplies,Binders,OFF-BI-10001098,20.0,30.0,7,2,3856
2208,2022-06-30,Standard Class,Home Office,Technology,Phones,TEC-PH-10001552,40.0,40.0,4,4,375
2209,2023-11-13,Standard Class,Home Office,Office Supplies,Art,OFF-AR-10000390,20.0,20.0,4,5,374
2210,2023-03-09,Second Class,Consumer,Technology,Phones,TEC-PH-10001079,680.0,830.0,7,4,4061
2211,2022-03-23,Second Class,Consumer,Office Supplies,Binders,OFF-BI-10003460,40.0,40.0,10,5,1953
2212,2022-12-26,First Class,Corporate,Office Supplies,Appliances,OFF-AP-10003842,160.0,170.0,6,5,2522
2213,2023-03-23,Standard Class,Consumer,Furniture,Furnishings,FUR-FU-10003535,20.0,30.0,1,5,761
2214,2022-05-18,First Class,Consumer,Office Supplies,Binders,OFF-BI-10002012,10.0,10.0,1,2,1567
2215,2023-05-26,First Class,Consumer,Office Supplies,Binders,OFF-BI-10001922,50.0,60.0,13,4,2555
2216,2022-06-12,First Class,Consumer,Office Supplies,Appliances,OFF-AP-10000576,200.0,240.0,2,3,3450
2217,2023-03-04,First Class,Consumer,Furniture,Chairs,FUR-CH-10000553,90.0,110.0,4,2,2840
2218,2023-08-25,Standard Class,Corporate,Office Supplies,Art,OFF-AR-10003469,10.0,10.0,2,3,2065
2219,2022-02-22,Standard Class,Corporate,Office Supplies,Binders,OFF-BI-10000145,10.0,10.0,4,5,1937
2220,2022-11-29,Standard Class,Corporate,Office Supplies,Storage,OFF-ST-10001580,10.0,10.0,1,4,321
2221,2023-09-04,Standard Class,Corporate,Technology,Phones,TEC-PH-10001817,1090.0,1150.0,4,3,3851
2222,2022-10-23,Same Day,Consumer,Technology,Phones,TEC-PH-10001578,450.0,490.0,2,5,145
2223,2022-12-21,Same Day,Consumer,Office Supplies,Art,OFF-AR-10004078,30.0,40.0,8,3,3756
2224,2022-11-30,Same Day,Consumer,Furniture,Chairs,FUR-CH-10004860,60.0,70.0,1,4,611
2225,2022-05-13,Standard Class,Corporate,Office Supplies,Paper,OFF-PA-10003790,50.0,50.0,3,3,3226
2226,2022-02-02,Second Class,Consumer,Furniture,Bookcases,FUR-BO-10002202,60.0,70.0,1,2,2468
2227,2022-08-27,Standard Class,Corporate,Office Supplies,Fasteners,OFF-FA-10003059,10.0,10.0,2,3,1340
2228,2023-05-23,Standard Class,Corporate,Technology,Phones,TEC-PH-10002496,110.0,120.0,1,2,1203
2229,2022-04-03,Standard Class,Consumer,Furniture,Tables,FUR-TA-10003238,310.0,330.0,1,3,2771
2230,2022-01-25,Standard Class,Consumer,Office Supplies,Binders,OFF-BI-10004390,540.0,670.0,2,3,2070
2231,2023-05-28,Standard Class,Consumer,Office Supplies,Appliances,OFF-AP-10002765,40.0,50.0,2,4,4443
2232,2022-07-25,Standard Class,Consumer,Furniture,Furnishings,FUR-FU-10000293,470.0,530.0,5,3,3147
2233,2023-07-05,Standard Class,Consumer,Office Supplies,Storage,OFF-ST-10003692,190.0,230.0,5,3,1934
2234,2022-12-16,Second Class,Consumer,Technology,Phones,TEC-PH-10001051,280.0,320.0,4,5,946
2235,2023-07-11,Standard Class,Corporate,Technology,Accessories,TEC-AC-10001013,200.0,210.0,7,3,3207
2236,2023-02-20,Second Class,Consumer,Office Supplies,Storage,OFF-ST-10000025,160.0,190.0,2,3,230
2237,2022-04-11,Second Class,Consumer,Office Supplies,Art,OFF-AR-10000817,20.0,20.0,8,4,3156
2238,2022-02-14,Standard Class,Home Office,Office Supplies,Supplies,OFF-SU-10000952,40.0,40.0,5,2,2577
2239,2022-01-13,Standard Class,Home Office,Furniture,Furnishings,FUR-FU-10004597,30.0,40.0,2,4,1167
2240,2022-12-22,Second Class,Consumer,Office Supplies,Binders,OFF-BI-10003527,820.0,1020.0,1,3,2695
2241,2022-07-12,Second Class,Consumer,Office Supplies,Binders,OFF-BI-10002982,30.0,40.0,7,2,2962
2242,2022-02-01,Standard Class,Consumer,Technology,Phones,TEC-PH-10004165,470.0,490.0,3,5,3317
2243,2023-01-04,Standard Class,Home Office,Office Supplies,Storage,OFF-ST-10003442,50.0,60.0,2,2,1001
2244,2023-06-28,Standard Class,Home Office,Office Supplies,Art,OFF-AR-10003856,10.0,10.0,2,3,797
2245,2022-06-28,Standard Class,Home Office,Office Supplies,Fasteners,OFF-FA-10004248,10.0,10.0,2,2,2144
2246,2023-05-29,Standard Class,Home Office,Office Supplies,Appliances,OFF-AP-10001492,10.0,10.0,1,2,447
2247,2022-10-28,Standard Class,Home Office,Technology,Phones,TEC-PH-10004165,570.0,660.0,3,2,3235
2248,2022-07-25,Second Class,Consumer,Office Supplies,Paper,OFF-PA-10004285,10.0,10.0,2,4,4308
2249,2022-10-16,Second Class,Consumer,Office Supplies,Binders,OFF-BI-10001628,30.0,40.0,5,3,1166
2250,2022-03-29,Second Class,Consumer,Office Supplies,Binders,OFF-BI-10000546,10.0,10.0,5,3,1347
2251,2022-11-11,Second Class,Consumer,Office Supplies,Appliances,OFF-AP-10001391,460.0,540.0,6,3,2078
2252,2023-09-26,Second Class,Consumer,Office Supplies,Paper,OFF-PA-10000477,20.0,20.0,3,5,1291
2253,2023-08-19,Second Class,Home Office,Office Supplies,Paper,OFF-PA-10004327,110.0,140.0,3,4,21
2254,2022-08-19,First Class,Corporate,Office Supplies,Appliances,OFF-AP-10000696,40.0,40.0,3,5,561
2255,2022-01-08,First Class,Corporate,Office Supplies,Appliances,OFF-AP-10002082,40.0,40.0,2,4,1318
2256,2022-02-19,Standard Class,Corporate,Technology,Phones,TEC-PH-10001944,410.0,440.0,3,2,3862
2257,2023-01-02,Standard Class,Corporate,Furniture,Furnishings,FUR-FU-10004952,100.0,110.0,2,2,3727
2258,2023-05-09,First Class,Consumer,Furniture,Chairs,FUR-CH-10000015,980.0,1210.0,7,4,1380
2259,2023-01-26,First Class,Consumer,Office Supplies,Paper,OFF-PA-10001776,20.0,20.0,2,5,3310
2260,2022-05-07,Second Class,Home Office,Office Supplies,Fasteners,OFF-FA-10002280,10.0,10.0,1,4,2366
2261,2023-08-02,Second Class,Home Office,Technology,Accessories,TEC-AC-10002049,330.0,370.0,3,5,3488
2262,2023-09-15,Same Day,Consumer,Technology,Accessories,TEC-AC-10002253,140.0,170.0,1,4,4210
2263,2023-07-22,First Class,Consumer,Furniture,Bookcases,FUR-BO-10004015,320.0,360.0,3,3,311
2264,2023-05-16,Second Class,Consumer,Technology,Accessories,TEC-AC-10004145,450.0,500.0,2,5,2664
2265,2022-11-02,Second Class,Consumer,Office Supplies,Paper,OFF-PA-10002479,10.0,10.0,1,4,1347
2266,2022-03-23,Second Class,Consumer,Office Supplies,Binders,OFF-BI-10004970,10.0,10.0,2,3,780
2267,2022-05-14,Same Day,Home Office,Office Supplies,Paper,OFF-PA-10003919,10.0,10.0,2,4,3459
2268,2023-07-25,Same Day,Consumer,Office Supplies,Paper,OFF-PA-10002001,10.0,10.0,2,3,5000
2269,2022-10-30,Standard Class,Corporate,Office Supplies,Paper,OFF-PA-10002787,10.0,10.0,1,5,1069
2270,2022-11-02,Standard Class,Corporate,Office Supplies,Binders,OFF-BI-10003291,10.0,10.0,1,4,4989
2271,2022-07-07,Standard Class,Corporate,Office Supplies,Art,OFF-AR-10004344,40.0,50.0,5,4,4418
2272,2022-02-12,Standard Class,Consumer,Office Supplies,Storage,OFF-ST-10003123,170.0,200.0,6,4,1336
2273,2023-01-29,Standard Class,Consumer,Furniture,Furnishings,FUR-FU-10000308,410.0,440.0,7,2,1692
2274,2022-09-19,Standard Class,Consumer,Technology,Copiers,TEC-CO-10003763,1060.0,1120.0,2,3,3261
2275,2023-08-30,Second Class,Corporate,Furniture,Tables,FUR-TA-10001866,110.0,140.0,1,2,4831
2276,2023-12-22,Second Class,Corporate,Furniture,Chairs,FUR-CH-10002774,110.0,120.0,3,2,2962
2277,2022-07-14,Standard Class,Consumer,Office Supplies,Storage,OFF-ST-10004337,260.0,310.0,5,5,879
2278,2023-02-19,Standard Class,Consumer,Furniture,Tables,FUR-TA-10001039,80.0,90.0,1,4,403
2279,2023-01-23,Standard Class,Consumer,Technology,Accessories,TEC-AC-10000109,180.0,220.0,4,3,2879
2280,2023-06-16,First Class,Consumer,Furniture,Chairs,FUR-CH-10003833,90.0,100.0,2,3,1283
2281,2023-02-14,First Class,Consumer,Furniture,Chairs,FUR-CH-10004289,550.0,610.0,8,5,4383
2282,2023-12-13,First Class,Consumer,Furniture,Bookcases,FUR-BO-10004467,180.0,200.0,2,5,3647
2283,2022-04-13,First Class,Corporate,Office Supplies,Paper,OFF-PA-10002713,40.0,50.0,7,3,53
2284,2023-06-01,Standard Class,Consumer,Technology,Phones,TEC-PH-10001552,20.0,20.0,2,3,1797
2285,2023-10-30,Standard Class,Consumer,Office Supplies,Appliances,OFF-AP-10002222,50.0,60.0,7,2,338
2286,2023-10-25,First Class,Corporate,Office Supplies,Paper,OFF-PA-10003971,10.0,10.0,3,2,2554
2287,2022-07-28,Standard Class,Consumer,Office Supplies,Appliances,OFF-AP-10004036,40.0,40.0,2,2,1577
2288,2022-04-06,Second Class,Corporate,Office Supplies,Appliances,OFF-AP-10002287,20.0,20.0,5,4,1554
2289,2023-06-20,First Class,Consumer,Office Supplies,Art,OFF-AR-10002375,20.0,20.0,5,5,1711
2290,2022-05-12,First Class,Corporate,Furniture,Tables,FUR-TA-10001950,770.0,890.0,2,5,3132
2291,2023-07-30,Standard Class,Corporate,Technology,Phones,TEC-PH-10001557,230.0,290.0,3,5,3882
2292,2023-11-18,Standard Class,Corporate,Furniture,Furnishings,FUR-FU-10002937,500.0,600.0,6,5,296
2293,2023-04-28,Standard Class,Corporate,Office Supplies,Paper,OFF-PA-10001166,10.0,10.0,2,2,332
2294,2023-01-31,Standard Class,Corporate,Technology,Phones,TEC-PH-10000347,10.0,10.0,1,2,2323
2295,2023-07-21,Standard Class,Corporate,Furniture,Furnishings,FUR-FU-10003708,160.0,180.0,3,4,3097
2296,2022-12-20,Standard Class,Consumer,Office Supplies,Paper,OFF-PA-10002659,10.0,10.0,4,5,2096
2297,2023-05-28,Standard Class,Consumer,Furniture,Furnishings,FUR-FU-10000965,210.0,260.0,5,4,667
2298,2022-07-31,Standard Class,Consumer,Technology,Phones,TEC-PH-10001527,40.0,40.0,1,4,3435
2299,2022-07-15,Standard Class,Consumer,Technology,Accessories,TEC-AC-10001838,1250.0,1400.0,7,4,3216
2300,2023-05-13,Standard Class,Consumer,Technology,Phones,TEC-PH-10002597,470.0,500.0,4,4,430
2301,2022-07-13,Standard Class,Consumer,Office Supplies,Binders,OFF-BI-10000756,10.0,10.0,3,2,4251
2302,2023-11-28,Standard Class,Consumer,Office Supplies,Binders,OFF-BI-10000546,10.0,10.0,4,4,4678
2303,2023-04-23,Standard Class,Corporate,Technology,Accessories,TEC-AC-10001142,300.0,320.0,4,4,5005
2304,2022-07-08,Second Class,Home Office,Furniture,Chairs,FUR-CH-10000785,580.0,720.0,4,2,4080
2305,2023-10-06,Second Class,Home Office,Office Supplies,Paper,OFF-PA-10000474,100.0,110.0,3,4,2802
2306,2023-10-02,First Class,Corporate,Furniture,Bookcases,FUR-BO-10003441,120.0,140.0,2,4,2594
2307,2022-10-18,First Class,Corporate,Office Supplies,Paper,OFF-PA-10004156,30.0,30.0,3,4,1179
2308,2023-09-24,Standard Class,Consumer,Technology,Accessories,TEC-AC-10001432,350.0,390.0,5,3,2619
2309,2023-11-22,First Class,Home Office,Furniture,Chairs,FUR-CH-10001394,260.0,280.0,1,4,4618
2310,2022-12-06,First Class,Home Office,Office Supplies,Storage,OFF-ST-10002370,60.0,70.0,4,2,1106
2311,2023-07-16,First Class,Home Office,Office Supplies,Art,OFF-AR-10002956,80.0,90.0,5,5,689
2312,2022-01-10,First Class,Home Office,Office Supplies,Art,OFF-AR-10001955,20.0,20.0,1,5,462
2313,2022-02-04,First Class,Home Office,Office Supplies,Storage,OFF-ST-10001809,190.0,220.0,3,3,3846
2314,2022-03-09,Standard Class,Corporate,Office Supplies,Labels,OFF-LA-10004093,10.0,10.0,2,3,28
2315,2022-06-21,Standard Class,Corporate,Office Supplies,Appliances,OFF-AP-10002118,400.0,420.0,2,2,5090
2316,2023-10-28,Standard Class,Corporate,Office Supplies,Binders,OFF-BI-10000404,30.0,40.0,5,4,845
2317,2022-12-24,Standard Class,Corporate,Furniture,Chairs,FUR-CH-10003833,170.0,180.0,3,2,2594
2318,2022-03-14,Standard Class,Corporate,Office Supplies,Binders,OFF-BI-10002072,50.0,60.0,7,3,565
2319,2023-01-30,Standard Class,Corporate,Technology,Accessories,TEC-AC-10003095,350.0,390.0,3,3,1219
2320,2023-04-11,First Class,Consumer,Office Supplies,Appliances,OFF-AP-10001563,180.0,190.0,4,5,1713
2321,2023-06-28,Standard Class,Corporate,Technology,Accessories,TEC-AC-10000358,240.0,270.0,7,5,1567
2322,2023-07-27,Second Class,Corporate,Office Supplies,Binders,OFF-BI-10004492,80.0,90.0,3,3,4954
2323,2022-06-26,Second Class,Corporate,Office Supplies,Binders,OFF-BI-10001072,60.0,60.0,4,2,1517
2324,2023-11-01,Second Class,Corporate,Office Supplies,Binders,OFF-BI-10003707,60.0,80.0,5,2,3456
2325,2022-11-18,Second Class,Corporate,Office Supplies,Binders,OFF-BI-10000977,300.0,360.0,12,3,444
2326,2023-11-01,Second Class,Corporate,Office Supplies,Binders,OFF-BI-10002082,70.0,80.0,3,5,2401
2327,2023-06-23,Second Class,Corporate,Furniture,Bookcases,FUR-BO-10004709,50.0,50.0,1,2,3873
2328,2023-10-17,Second Class,Corporate,Office Supplies,Paper,OFF-PA-10002365,10.0,10.0,2,4,416
2329,2022-07-19,First Class,Home Office,Office Supplies,Envelopes,OFF-EN-10004147,10.0,10.0,3,2,4736
2330,2023-05-11,Standard Class,Corporate,Furniture,Furnishings,FUR-FU-10001468,510.0,550.0,4,3,868
2331,2022-03-20,Second Class,Corporate,Office Supplies,Storage,OFF-ST-10000642,40.0,40.0,2,5,4866
2332,2023-02-19,Second Class,Corporate,Office Supplies,Paper,OFF-PA-10000380,30.0,40.0,5,3,367
2333,2022-07-27,Standard Class,Consumer,Office Supplies,Paper,OFF-PA-10004071,260.0,280.0,5,4,3609
2334,2023-11-07,Standard Class,Consumer,Office Supplies,Paper,OFF-PA-10004971,10.0,10.0,1,4,4935
2335,2023-08-14,Standard Class,Consumer,Office Supplies,Appliances,OFF-AP-10000696,60.0,70.0,6,2,2734
2336,2022-02-10,Same Day,Consumer,Office Supplies,Envelopes,OFF-EN-10004030,10.0,10.0,3,5,3840
2337,2023-05-07,Same Day,Consumer,Office Supplies,Appliances,OFF-AP-10000026,390.0,430.0,7,3,3570
2338,2023-09-16,Same Day,Consumer,Office Supplies,Paper,OFF-PA-10003936,20.0,30.0,4,5,1161
2339,2022-01-06,Same Day,Consumer,Office Supplies,Paper,OFF-PA-10004530,40.0,50.0,4,2,4439
2340,2022-03-15,Standard Class,Consumer,Office Supplies,Art,OFF-AR-10004930,10.0,10.0,2,5,4308
2341,2022-12-07,Standard Class,Consumer,Office Supplies,Art,OFF-AR-10004999,30.0,40.0,7,4,2661
2342,2022-07-27,First Class,Home Office,Furniture,Furnishings,FUR-FU-10002501,60.0,60.0,5,2,2877
2343,2023-08-26,First Class,Home Office,Technology,Accessories,TEC-AC-10000358,100.0,110.0,3,3,4462
2344,2023-09-30,Second Class,Consumer,Office Supplies,Storage,OFF-ST-10004804,110.0,120.0,3,4,2286
2345,2023-06-11,Standard Class,Home Office,Office Supplies,Appliances,OFF-AP-10001205,390.0,490.0,9,4,3893
2346,2023-01-21,Standard Class,Consumer,Office Supplies,Paper,OFF-PA-10000659,60.0,70.0,5,2,2374
2347,2022-12-27,Standard Class,Consumer,Office Supplies,Binders,OFF-BI-10004141,10.0,10.0,2,2,3124
2348,2022-09-09,Standard Class,Consumer,Furniture,Tables,FUR-TA-10004619,520.0,560.0,5,5,3190
2349,2022-09-14,Same Day,Corporate,Office Supplies,Binders,OFF-BI-10004187,10.0,10.0,6,4,4614
2350,2023-04-02,Same Day,Corporate,Office Supplies,Binders,OFF-BI-10000632,60.0,70.0,2,5,3759
2351,2023-12-16,Same Day,Corporate,Office Supplies,Paper,OFF-PA-10003724,10.0,10.0,2,5,198
2352,2022-06-09,Same Day,Corporate,Office Supplies,Appliances,OFF-AP-10002765,70.0,80.0,3,3,368
2353,2022-03-16,Same Day,Corporate,Office Supplies,Art,OFF-AR-10001868,10.0,10.0,6,2,1274
2354,2022-11-23,First Class,Corporate,Furniture,Bookcases,FUR-BO-10002545,1350.0,1550.0,7,3,1198
2355,2022-02-27,First Class,Corporate,Office Supplies,Binders,OFF-BI-10002735,120.0,140.0,5,4,786
2356,2023-10-06,First Class,Corporate,Technology,Accessories,TEC-AC-10004864,40.0,40.0,1,3,2756
2357,2022-04-14,First Class,Corporate,Technology,Machines,TEC-MA-10000597,190.0,240.0,3,5,4855
2358,2023-03-28,Standard Class,Corporate,Furniture,Tables,FUR-TA-10003473,1440.0,1580.0,7,3,4517
2359,2023-10-08,Standard Class,Corporate,Furniture,Tables,FUR-TA-10001950,900.0,1070.0,4,4,561
2360,2022-01-23,Standard Class,Corporate,Furniture,Tables,FUR-TA-10004175,500.0,610.0,3,5,1366
2361,2022-06-19,Standard Class,Corporate,Office Supplies,Paper,OFF-PA-10002960,30.0,30.0,7,2,4664
2362,2023-09-02,Standard Class,Corporate,Office Supplies,Paper,OFF-PA-10000919,140.0,160.0,4,3,596
2363,2022-12-24,Standard Class,Consumer,Office Supplies,Binders,OFF-BI-10001553,10.0,10.0,5,3,1393
2364,2023-02-14,Standard Class,Home Office,Furniture,Furnishings,FUR-FU-10004864,110.0,130.0,2,5,892
2365,2022-09-26,Standard Class,Home Office,Office Supplies,Appliances,OFF-AP-10004540,150.0,160.0,2,4,1586
2366,2022-12-18,Standard Class,Home Office,Office Supplies,Binders,OFF-BI-10004965,40.0,50.0,4,2,2622
2367,2023-03-23,Second Class,Consumer,Furniture,Chairs,FUR-CH-10001714,100.0,120.0,1,5,1372
2368,2022-03-26,First Class,Consumer,Office Supplies,Paper,OFF-PA-10002464,20.0,20.0,4,4,4797
2369,2022-10-29,Standard Class,Corporate,Furniture,Furnishings,FUR-FU-10002298,470.0,530.0,6,4,3821
2370,2023-05-07,Standard Class,Corporate,Office Supplies,Art,OFF-AR-10000315,10.0,10.0,2,5,2052
2371,2023-12-20,Second Class,Corporate,Technology,Accessories,TEC-AC-10004353,200.0,250.0,4,2,1306
2372,2022-10-05,Second Class,Corporate,Furniture,Furnishings,FUR-FU-10004973,50.0,60.0,8,3,2327
2373,2022-02-26,Second Class,Corporate,Office Supplies,Fasteners,OFF-FA-10000936,10.0,10.0,1,4,4230
2374,2023-02-07,Second Class,Corporate,Office Supplies,Paper,OFF-PA-10001609,20.0,20.0,9,5,1022
2375,2023-02-22,Second Class,Corporate,Furniture,Chairs,FUR-CH-10000785,220.0,250.0,2,2,4112
2376,2023-11-24,Standard Class,Consumer,Office Supplies,Fasteners,OFF-FA-10000053,10.0,10.0,3,3,1423
2377,2023-08-02,Second Class,Consumer,Office Supplies,Binders,OFF-BI-10001718,60.0,80.0,4,3,2647
2378,2023-11-30,Second Class,Consumer,Office Supplies,Supplies,OFF-SU-10004768,10.0,10.0,2,3,2919
2379,2023-07-30,Standard Class,Home Office,Office Supplies,Paper,OFF-PA-10003883,30.0,30.0,5,2,3184
2380,2022-12-02,Standard Class,Home Office,Office Supplies,Fasteners,OFF-FA-10004248,10.0,10.0,2,5,1853
2381,2022-09-21,Standard Class,Home Office,Office Supplies,Paper,OFF-PA-10002581,40.0,50.0,2,3,3606
2382,2023-02-21,Standard Class,Home Office,Furniture,Furnishings,FUR-FU-10004848,40.0,50.0,7,2,2657
2383,2022-10-27,First Class,Consumer,Office Supplies,Appliances,OFF-AP-10002403,150.0,180.0,4,2,954
2384,2022-04-06,First Class,Consumer,Office Supplies,Art,OFF-AR-10003087,20.0,20.0,9,2,4618
2385,2023-04-26,First Class,Consumer,Office Supplies,Binders,OFF-BI-10002026,180.0,190.0,4,4,1725
2386,2022-05-25,First Class,Consumer,Technology,Phones,TEC-PH-10000141,170.0,210.0,4,3,1124
2387,2023-09-07,First Class,Consumer,Technology,Copiers,TEC-CO-10000971,410.0,480.0,2,3,5047
2388,2023-08-28,First Class,Consumer,Office Supplies,Fasteners,OFF-FA-10001229,10.0,10.0,2,5,2112
2389,2023-12-18,First Class,Consumer,Office Supplies,Binders,OFF-BI-10002437,20.0,20.0,2,4,863
2390,2023-05-26,Standard Class,Consumer,Office Supplies,Paper,OFF-PA-10004255,10.0,10.0,1,5,4457
2391,2023-03-22,Standard Class,Consumer,Office Supplies,Paper,OFF-PA-10001184,40.0,40.0,7,4,2514
2392,2023-04-09,Standard Class,Consumer,Technology,Accessories,TEC-AC-10002637,1390.0,1620.0,9,4,1768
2393,2022-10-31,Standard Class,Consumer,Furniture,Furnishings,FUR-FU-10002878,100.0,110.0,4,2,4440
2394,2022-07-09,Standard Class,Consumer,Office Supplies,Art,OFF-AR-10000588,30.0,40.0,2,4,342
2395,2023-11-24,Standard Class,Corporate,Technology,Accessories,TEC-AC-10002217,40.0,40.0,2,4,4523
2396,2023-04-23,Standard Class,Corporate,Technology,Accessories,TEC-AC-10001267,50.0,60.0,2,5,342
2397,2023-10-19,Standard Class,Corporate,Office Supplies,Paper,OFF-PA-10004041,30.0,40.0,5,2,1067
2398,2022-04-09,Second Class,Consumer,Office Supplies,Labels,OFF-LA-10001613,10.0,10.0,2,2,993
2399,2022-06-26,Second Class,Consumer,Office Supplies,Art,OFF-AR-10000246,20.0,20.0,6,3,1456
2400,2022-04-28,Standard Class,Corporate,Office Supplies,Storage,OFF-ST-10001809,580.0,630.0,7,3,3053
2401,2022-05-11,Standard Class,Corporate,Office Supplies,Storage,OFF-ST-10002214,50.0,60.0,5,4,4259
2402,2022-10-12,Second Class,Consumer,Office Supplies,Storage,OFF-ST-10000649,70.0,90.0,6,5,1991
2403,2023-06-07,Second Class,Consumer,Office Supplies,Envelopes,OFF-EN-10001990,20.0,30.0,5,3,2220
2404,2023-03-08,Standard Class,Corporate,Furniture,Bookcases,FUR-BO-10000780,810.0,960.0,7,5,1528
2405,2022-11-16,Standard Class,Consumer,Technology,Accessories,TEC-AC-10002049,900.0,1120.0,9,4,301
2406,2023-09-06,Standard Class,Consumer,Technology,Phones,TEC-PH-10003555,120.0,130.0,7,3,3290
2407,2022-05-04,Standard Class,Consumer,Technology,Phones,TEC-PH-10000702,60.0,80.0,10,2,3069
2408,2023-10-15,Standard Class,Consumer,Office Supplies,Art,OFF-AR-10003631,20.0,20.0,5,3,872
2409,2023-04-23,Standard Class,Consumer,Technology,Phones,TEC-PH-10003072,300.0,360.0,3,3,3342
2410,2022-12-20,First Class,Home Office,Furniture,Furnishings,FUR-FU-10000758,190.0,210.0,8,4,4292
2411,2023-08-25,Standard Class,Home Office,Office Supplies,Fasteners,OFF-FA-10000992,10.0,10.0,2,2,3549
2412,2023-07-16,Second Class,Corporate,Office Supplies,Binders,OFF-BI-10004187,10.0,10.0,5,4,1835
2413,2023-01-09,Standard Class,Consumer,Office Supplies,Paper,OFF-PA-10001947,10.0,10.0,2,2,3444
2414,2022-03-24,Standard Class,Consumer,Furniture,Tables,FUR-TA-10002356,540.0,630.0,3,2,2074
2415,2022-04-02,Standard Class,Consumer,Furniture,Chairs,FUR-CH-10001714,650.0,750.0,5,5,608
2416,2022-04-26,Standard Class,Home Office,Furniture,Bookcases,FUR-BO-10002824,240.0,300.0,2,3,1257
2417,2023-02-08,Standard Class,Corporate,Technology,Accessories,TEC-AC-10002842,510.0,600.0,5,2,207
2418,2022-07-06,Standard Class,Corporate,Office Supplies,Binders,OFF-BI-10002082,70.0,80.0,3,2,3818
2419,2023-05-03,Standard Class,Corporate,Technology,Machines,TEC-MA-10000112,1970.0,2400.0,10,4,4278
2420,2022-03-12,Standard Class,Corporate,Office Supplies,Storage,OFF-ST-10002289,60.0,60.0,2,3,894
2421,2023-01-20,Standard Class,Corporate,Technology,Accessories,TEC-AC-10004171,100.0,100.0,1,5,2562
2422,2023-10-24,Standard Class,Home Office,Office Supplies,Storage,OFF-ST-10003656,220.0,230.0,3,5,176
2423,2023-07-15,Standard Class,Home Office,Office Supplies,Paper,OFF-PA-10001560,10.0,10.0,2,4,3065
2424,2023-03-18,Standard Class,Consumer,Technology,Accessories,TEC-AC-10002473,130.0,160.0,7,4,5015
2425,2023-02-02,Standard Class,Consumer,Office Supplies,Binders,OFF-BI-10000632,10.0,10.0,1,3,4051
2426,2022-02-07,Standard Class,Consumer,Furniture,Tables,FUR-TA-10002645,220.0,270.0,2,3,221
2427,2023-09-01,Standard Class,Consumer,Office Supplies,Fasteners,OFF-FA-10002975,30.0,40.0,13,3,2787
2428,2022-06-21,Standard Class,Corporate,Office Supplies,Binders,OFF-BI-10003784,10.0,10.0,4,4,2090
2429,2022-03-07,Standard Class,Corporate,Office Supplies,Binders,OFF-BI-10001617,10.0,10.0,4,2,1307
2430,2023-11-25,Standard Class,Corporate,Furniture,Furnishings,FUR-FU-10004415,10.0,10.0,7,3,265
2431,2022-08-16,Standard Class,Home Office,Office Supplies,Labels,OFF-LA-10000240,50.0,60.0,8,3,1939
2432,2023-04-28,Standard Class,Corporate,Furniture,Furnishings,FUR-FU-10001935,10.0,10.0,2,5,1851
2433,2023-06-25,Standard Class,Consumer,Furniture,Chairs,FUR-CH-10002439,340.0,370.0,7,5,3011
2434,2022-08-12,Standard Class,Consumer,Technology,Phones,TEC-PH-10001536,40.0,50.0,4,4,2180
2435,2023-12-24,First Class,Corporate,Office Supplies,Envelopes,OFF-EN-10001532,20.0,30.0,2,3,4638
2436,2023-06-12,First Class,Corporate,Office Supplies,Appliances,OFF-AP-10003057,770.0,830.0,3,2,4211
2437,2023-05-11,Standard Class,Consumer,Furniture,Furnishings,FUR-FU-10003708,470.0,550.0,9,2,454
2438,2022-06-12,Second Class,Consumer,Furniture,Tables,FUR-TA-10000849,130.0,150.0,2,3,2686
2439,2022-06-26,Second Class,Consumer,Office Supplies,Paper,OFF-PA-10002259,30.0,40.0,4,2,986
2440,2022-07-11,Standard Class,Consumer,Furniture,Furnishings,FUR-FU-10002597,10.0,10.0,2,2,3196
2441,2023-03-17,Standard Class,Consumer,Technology,Phones,TEC-PH-10004614,290.0,350.0,5,2,780
2442,2022-12-14,Standard Class,Consumer,Furniture,Tables,FUR-TA-10003748,140.0,170.0,2,5,4855
2443,2022-05-17,Standard Class,Consumer,Office Supplies,Appliances,OFF-AP-10003217,580.0,660.0,4,4,4677
2444,2022-03-14,Standard Class,Consumer,Technology,Accessories,TEC-AC-10002399,80.0,100.0,5,2,2176
2445,2023-09-17,Standard Class,Consumer,Office Supplies,Envelopes,OFF-EN-10002973,30.0,30.0,6,5,3490
2446,2023-11-30,Standard Class,Consumer,Technology,Phones,TEC-PH-10001336,210.0,260.0,2,3,343
2447,2022-10-18,Standard Class,Consumer,Office Supplies,Envelopes,OFF-EN-10000461,20.0,20.0,2,5,1958
2448,2023-01-07,Standard Class,Consumer,Furniture,Chairs,FUR-CH-10000988,420.0,490.0,5,5,311
2449,2022-10-02,Second Class,Consumer,Office Supplies,Storage,OFF-ST-10001809,260.0,270.0,3,3,2707
2450,2022-01-29,Standard Class,Home Office,Office Supplies,Binders,OFF-BI-10003963,30.0,30.0,5,2,838
2451,2022-11-12,Second Class,Consumer,Office Supplies,Labels,OFF-LA-10000081,20.0,20.0,5,5,3195
2452,2023-12-23,Second Class,Consumer,Technology,Phones,TEC-PH-10000149,100.0,120.0,6,3,5024
2453,2022-05-08,Second Class,Consumer,Office Supplies,Binders,OFF-BI-10000605,10.0,10.0,3,2,2831
2454,2023-09-19,Second Class,Consumer,Technology,Accessories,TEC-AC-10002399,50.0,60.0,3,2,145
2455,2022-11-12,Second Class,Consumer,Technology,Accessories,TEC-AC-10003038,60.0,70.0,8,3,1841
2456,2022-04-13,Second Class,Consumer,Office Supplies,Storage,OFF-ST-10000344,90.0,110.0,8,5,4717
2457,2022-09-19,Second Class,Consumer,Office Supplies,Labels,OFF-LA-10004093,10.0,10.0,1,3,4593
2458,2023-07-30,Second Class,Consumer,Office Supplies,Art,OFF-AR-10001683,50.0,60.0,6,4,1835
2459,2022-04-08,Second Class,Consumer,Office Supplies,Storage,OFF-ST-10003455,40.0,50.0,3,2,603
2460,2023-12-01,Standard Class,Consumer,Office Supplies,Appliances,OFF-AP-10002578,90.0,100.0,2,5,2807
2461,2023-04-12,Second Class,Consumer,Office Supplies,Paper,OFF-PA-10001763,30.0,30.0,3,4,1858
2462,2023-06-20,Second Class,Consumer,Office Supplies,Binders,OFF-BI-10001597,80.0,100.0,3,2,4011
2463,2023-10-12,Standard Class,Consumer,Office Supplies,Binders,OFF-BI-10001524,70.0,80.0,5,5,1178
2464,2022-06-22,Standard Class,Consumer,Office Supplies,Binders,OFF-BI-10001553,10.0,10.0,2,2,4857
2465,2023-11-13,Standard Class,Consumer,Technology,Phones,TEC-PH-10000576,120.0,140.0,1,5,848
2466,2022-04-14,Standard Class,Consumer,Office Supplies,Labels,OFF-LA-10001317,10.0,10.0,1,3,2912
2467,2022-03-06,Standard Class,Consumer,Office Supplies,Paper,OFF-PA-10000726,10.0,10.0,1,3,1707
2468,2023-04-25,Standard Class,Consumer,Office Supplies,Storage,OFF-ST-10003306,520.0,570.0,4,2,3453
2469,2023-09-04,Standard Class,Consumer,Office Supplies,Paper,OFF-PA-10004983,30.0,30.0,5,5,3674
2470,2022-06-28,Standard Class,Consumer,Office Supplies,Storage,OFF-ST-10001291,20.0,20.0,1,4,887
2471,2023-10-22,Standard Class,Consumer,Furniture,Furnishings,FUR-FU-10002107,10.0,10.0,8,3,1627
2472,2022-01-01,Standard Class,Consumer,Furniture,Bookcases,FUR-BO-10002213,410.0,450.0,4,3,2906
2473,2022-02-04,Standard Class,Consumer,Office Supplies,Appliances,OFF-AP-10000692,60.0,60.0,4,3,47
2474,2022-04-06,First Class,Consumer,Furniture,Chairs,FUR-CH-10001190,200.0,220.0,2,5,1350
2475,2023-11-21,First Class,Consumer,Technology,Accessories,TEC-AC-10000682,70.0,80.0,5,2,958
2476,2023-05-03,First Class,Consumer,Office Supplies,Labels,OFF-LA-10004545,70.0,90.0,7,4,1816
2477,2023-06-27,First Class,Consumer,Office Supplies,Appliances,OFF-AP-10003057,960.0,1100.0,4,2,5015
2478,2023-10-13,Second Class,Corporate,Furniture,Tables,FUR-TA-10000198,1110.0,1320.0,3,2,874
2479,2022-01-17,Standard Class,Consumer,Office Supplies,Art,OFF-AR-10002833,10.0,10.0,3,5,480
2480,2023-01-29,Standard Class,Consumer,Office Supplies,Supplies,OFF-SU-10002557,10.0,10.0,1,5,4797
2481,2023-09-09,Standard Class,Consumer,Office Supplies,Storage,OFF-ST-10003656,130.0,150.0,2,3,826
2482,2023-09-02,Standard Class,Consumer,Office Supplies,Storage,OFF-ST-10001097,900.0,1000.0,6,2,2470
2483,2022-10-01,Standard Class,Home Office,Technology,Phones,TEC-PH-10000912,40.0,40.0,4,3,424
2484,2022-08-13,Standard Class,Home Office,Furniture,Tables,FUR-TA-10000617,930.0,1140.0,5,5,2898
2485,2022-08-31,Standard Class,Home Office,Office Supplies,Binders,OFF-BI-10001658,90.0,100.0,5,4,284
2486,2023-11-14,Standard Class,Home Office,Office Supplies,Art,OFF-AR-10003856,10.0,10.0,2,3,668
2487,2022-02-16,Second Class,Corporate,Office Supplies,Storage,OFF-ST-10001837,80.0,90.0,2,2,1231
2488,2022-03-09,Second Class,Corporate,Office Supplies,Art,OFF-AR-10001473,10.0,10.0,3,2,3144
2489,2023-10-15,Second Class,Corporate,Office Supplies,Paper,OFF-PA-10004285,20.0,20.0,3,3,4250
2490,2023-01-28,Second Class,Consumer,Technology,Phones,TEC-PH-10001835,550.0,630.0,4,4,801
2491,2023-03-22,Second Class,Consumer,Office Supplies,Paper,OFF-PA-10002245,20.0,20.0,4,3,3135
2492,2022-01-29,Second Class,Consumer,Office Supplies,Paper,OFF-PA-10001457,70.0,90.0,6,5,2848
2493,2023-04-23,Standard Class,Consumer,Technology,Phones,TEC-PH-10002885,3730.0,4550.0,7,4,1276
2494,2023-11-22,Second Class,Consumer,Furniture,Tables,FUR-TA-10004086,250.0,300.0,5,3,4260
2495,2023-03-12,Second Class,Consumer,Technology,Phones,TEC-PH-10000895,580.0,720.0,5,2,5046
2496,2023-11-07,Standard Class,Consumer,Furniture,Chairs,FUR-CH-10000225,540.0,650.0,8,4,1797
2497,2023-04-25,Standard Class,Home Office,Office Supplies,Storage,OFF-ST-10002370,50.0,60.0,3,3,4549
2498,2022-04-28,Standard Class,Home Office,Office Supplies,Envelopes,OFF-EN-10000056,110.0,120.0,2,2,242
2499,2023-12-14,Standard Class,Corporate,Office Supplies,Binders,OFF-BI-10004817,10.0,10.0,1,5,3206
2500,2022-11-05,First Class,Consumer,Office Supplies,Envelopes,OFF-EN-10004483,30.0,40.0,3,3,1222
2501,2023-10-28,First Class,Corporate,Office Supplies,Paper,OFF-PA-10001892,10.0,10.0,2,5,1
2502,2022-08-28,First Class,Corporate,Office Supplies,Binders,OFF-BI-10000546,10.0,10.0,4,4,1925
2503,2022-09-06,First Class,Corporate,Office Supplies,Binders,OFF-BI-10001294,10.0,10.0,4,5,1095
2504,2023-10-12,Standard Class,Consumer,Office Supplies,Labels,OFF-LA-10000248,10.0,10.0,2,2,428
2505,2022-10-24,Second Class,Consumer,Office Supplies,Storage,OFF-ST-10001228,40.0,50.0,4,2,401
2506,2023-04-19,Second Class,Consumer,Office Supplies,Supplies,OFF-SU-10000151,7370.0,8190.0,5,5,2235
2507,2023-11-26,Second Class,Consumer,Furniture,Furnishings,FUR-FU-10004351,70.0,80.0,8,3,1008
2508,2023-02-05,Same Day,Consumer,Office Supplies,Appliances,OFF-AP-10001293,30.0,30.0,4,4,1991
2509,2023-05-20,Standard Class,Corporate,Technology,Phones,TEC-PH-10000675,190.0,200.0,3,5,3356
2510,2023-12-24,Standard Class,Corporate,Technology,Accessories,TEC-AC-10000580,390.0,480.0,6,4,2769
2511,2022-05-05,Standard Class,Home Office,Office Supplies,Storage,OFF-ST-10003470,1000.0,1120.0,4,4,801
2512,2022-08-20,First Class,Consumer,Technology,Accessories,TEC-AC-10003116,90.0,110.0,6,4,1532
2513,2022-07-08,Standard Class,Home Office,Office Supplies,Binders,OFF-BI-10002429,50.0,50.0,5,4,171
2514,2022-08-11,Standard Class,Corporate,Technology,Accessories,TEC-AC-10003280,90.0,100.0,4,3,3873
2515,2023-11-15,Standard Class,Corporate,Furniture,Chairs,FUR-CH-10004540,40.0,50.0,2,4,4587
2516,2022-12-03,Standard Class,Consumer,Office Supplies,Storage,OFF-ST-10000585,210.0,260.0,2,3,812
2517,2023-08-31,Standard Class,Consumer,Office Supplies,Envelopes,OFF-EN-10003001,500.0,600.0,9,2,1824
2518,2022-12-12,Standard Class,Corporate,Furniture,Furnishings,FUR-FU-10003975,110.0,130.0,3,2,3389
2519,2022-11-20,Standard Class,Home Office,Office Supplies,Labels,OFF-LA-10004559,20.0,20.0,7,3,3145
2520,2023-04-19,Standard Class,Home Office,Office Supplies,Labels,OFF-LA-10003223,20.0,30.0,6,2,4244
2521,2023-10-12,Standard Class,Home Office,Office Supplies,Appliances,OFF-AP-10002651,730.0,870.0,3,5,320
2522,2022-07-10,Standard Class,Home Office,Office Supplies,Paper,OFF-PA-10003177,10.0,10.0,2,4,4738
2523,2022-03-11,Standard Class,Home Office,Technology,Phones,TEC-PH-10003442,10.0,10.0,1,2,4798
2524,2022-01-22,Standard Class,Home Office,Office Supplies,Binders,OFF-BI-10000977,110.0,120.0,4,2,880
2525,2022-05-01,Standard Class,Consumer,Office Supplies,Art,OFF-AR-10004078,40.0,40.0,9,5,4737
2526,2022-08-12,Standard Class,Consumer,Technology,Accessories,TEC-AC-10002550,20.0,30.0,2,3,3660
2527,2022-02-20,Standard Class,Consumer,Office Supplies,Binders,OFF-BI-10004965,10.0,10.0,3,5,328
2528,2022-08-07,Standard Class,Consumer,Office Supplies,Binders,OFF-BI-10004209,10.0,10.0,6,4,4679
2529,2023-08-29,Standard Class,Consumer,Office Supplies,Paper,OFF-PA-10001526,10.0,10.0,2,4,50
2530,2023-07-08,Standard Class,Home Office,Office Supplies,Paper,OFF-PA-10000788,10.0,10.0,2,2,4212
2531,2022-07-30,Standard Class,Corporate,Office Supplies,Paper,OFF-PA-10000595,100.0,110.0,5,2,1443
2532,2022-06-10,Standard Class,Corporate,Office Supplies,Binders,OFF-BI-10000829,20.0,20.0,4,4,3032
2533,2023-10-28,Standard Class,Corporate,Office Supplies,Fasteners,OFF-FA-10002676,10.0,10.0,7,3,1527
2534,2022-01-31,Standard Class,Corporate,Technology,Accessories,TEC-AC-10000844,320.0,340.0,4,4,2632
2535,2023-04-11,Second Class,Corporate,Office Supplies,Storage,OFF-ST-10004459,1580.0,1800.0,6,3,3408
2536,2022-04-23,First Class,Corporate,Technology,Accessories,TEC-AC-10003499,50.0,50.0,4,5,3023
2537,2023-08-23,Second Class,Consumer,Furniture,Chairs,FUR-CH-10000513,160.0,180.0,2,5,726
2538,2023-02-26,Second Class,Consumer,Technology,Phones,TEC-PH-10000895,350.0,430.0,4,4,3413
2539,2022-10-23,Second Class,Consumer,Technology,Phones,TEC-PH-10002555,150.0,160.0,1,3,3541
2540,2023-11-30,Same Day,Corporate,Furniture,Chairs,FUR-CH-10003312,1280.0,1350.0,6,3,4835
2541,2022-01-19,Same Day,Corporate,Furniture,Chairs,FUR-CH-10004086,590.0,700.0,3,2,442
2542,2022-12-08,Standard Class,Corporate,Furniture,Furnishings,FUR-FU-10002759,90.0,110.0,7,4,1392
2543,2022-02-13,Second Class,Corporate,Office Supplies,Appliances,OFF-AP-10002191,130.0,140.0,3,2,3482
2544,2023-06-21,Standard Class,Home Office,Furniture,Bookcases,FUR-BO-10003450,160.0,170.0,3,3,1134
2545,2023-09-15,Standard Class,Home Office,Office Supplies,Labels,OFF-LA-10000248,10.0,10.0,4,3,4904
2546,2023-06-27,Standard Class,Consumer,Office Supplies,Storage,OFF-ST-10004804,180.0,210.0,4,4,150
2547,2023-09-10,Standard Class,Consumer,Furniture,Bookcases,FUR-BO-10001337,80.0,100.0,1,4,4901
2548,2023-11-16,Standard Class,Consumer,Office Supplies,Art,OFF-AR-10002255,10.0,10.0,1,5,2102
2549,2023-01-07,Standard Class,Consumer,Technology,Phones,TEC-PH-10002624,1520.0,1880.0,5,3,2
2550,2023-04-10,Standard Class,Consumer,Office Supplies,Paper,OFF-PA-10001878,260.0,310.0,8,3,4121
2551,2023-03-07,Standard Class,Consumer,Office Supplies,Labels,OFF-LA-10000452,10.0,10.0,2,2,1885
2552,2023-07-31,Standard Class,Consumer,Furniture,Furnishings,FUR-FU-10004665,750.0,820.0,6,2,606
2553,2022-04-30,Standard Class,Consumer,Office Supplies,Binders,OFF-BI-10000088,20.0,20.0,2,4,3160
2554,2022-08-14,Standard Class,Home Office,Office Supplies,Paper,OFF-PA-10000029,30.0,30.0,4,2,1715
2555,2022-10-13,Standard Class,Consumer,Technology,Phones,TEC-PH-10000369,670.0,710.0,7,4,825
2556,2023-12-14,Standard Class,Consumer,Technology,Accessories,TEC-AC-10001590,40.0,50.0,2,4,4423
2557,2022-08-19,Standard Class,Corporate,Furniture,Furnishings,FUR-FU-10004909,40.0,50.0,8,5,205
2558,2023-06-04,Standard Class,Corporate,Office Supplies,Appliances,OFF-AP-10002287,10.0,10.0,2,5,1411
2559,2022-11-30,Standard Class,Consumer,Furniture,Bookcases,FUR-BO-10004357,1340.0,1410.0,7,4,2426
2560,2022-06-17,Standard Class,Consumer,Office Supplies,Labels,OFF-LA-10003766,20.0,20.0,5,4,4523
2561,2022-02-06,Standard Class,Consumer,Office Supplies,Storage,OFF-ST-10000046,290.0,320.0,2,5,4833
2562,2023-03-25,Standard Class,Consumer,Office Supplies,Labels,OFF-LA-10003190,10.0,10.0,4,2,3738
2563,2023-06-19,Standard Class,Consumer,Office Supplies,Paper,OFF-PA-10002787,10.0,10.0,2,4,2368
2564,2022-12-21,Second Class,Corporate,Technology,Accessories,TEC-AC-10000387,20.0,20.0,1,5,1566
2565,2022-04-27,Second Class,Corporate,Office Supplies,Storage,OFF-ST-10001291,20.0,30.0,2,3,3746
2566,2022-03-21,First Class,Consumer,Technology,Accessories,TEC-AC-10003116,60.0,70.0,4,5,2209
2567,2022-02-08,Second Class,Consumer,Office Supplies,Binders,OFF-BI-10001308,30.0,30.0,5,2,1426
2568,2023-01-21,Second Class,Consumer,Furniture,Tables,FUR-TA-10003954,2540.0,2670.0,9,5,1036
2569,2022-12-03,Standard Class,Corporate,Office Supplies,Storage,OFF-ST-10003282,390.0,480.0,8,4,4067
2570,2023-07-19,Same Day,Corporate,Technology,Phones,TEC-PH-10000576,150.0,160.0,2,4,86
2571,2023-01-09,Same Day,Corporate,Office Supplies,Art,OFF-AR-10004441,10.0,10.0,4,4,2439
2572,2022-07-16,Standard Class,Home Office,Office Supplies,Art,OFF-AR-10003759,10.0,10.0,2,3,2323
2573,2023-11-02,Second Class,Consumer,Technology,Accessories,TEC-AC-10004145,1270.0,1400.0,7,5,142
2574,2022-12-20,Standard Class,Home Office,Furniture,Furnishings,FUR-FU-10000293,460.0,530.0,5,4,3070
2575,2022-02-01,Standard Class,Corporate,Office Supplies,Envelopes,OFF-EN-10004955,20.0,20.0,3,3,647
2576,2022-01-20,Standard Class,Corporate,Office Supplies,Binders,OFF-BI-10001071,290.0,320.0,5,2,3804
2577,2022-09-12,Standard Class,Corporate,Office Supplies,Envelopes,OFF-EN-10001990,10.0,10.0,2,4,4980
2578,2022-03-20,Standard Class,Corporate,Office Supplies,Appliances,OFF-AP-10002734,570.0,680.0,3,5,1261
2579,2023-11-14,Standard Class,Home Office,Furniture,Furnishings,FUR-FU-10004587,50.0,60.0,3,3,4137
2580,2023-05-27,Standard Class,Home Office,Office Supplies,Storage,OFF-ST-10004337,400.0,490.0,8,3,768
2581,2022-04-09,Standard Class,Home Office,Office Supplies,Paper,OFF-PA-10003072,20.0,20.0,3,5,1261
2582,2023-07-20,Standard Class,Home Office,Office Supplies,Paper,OFF-PA-10000380,20.0,20.0,2,3,4958
2583,2022-08-14,Standard Class,Home Office,Technology,Phones,TEC-PH-10004833,140.0,160.0,13,3,490
2584,2023-03-27,Standard Class,Home Office,Furniture,Furnishings,FUR-FU-10001847,10.0,10.0,3,4,466
2585,2022-01-28,Standard Class,Home Office,Technology,Phones,TEC-PH-10002103,170.0,190.0,2,2,1521
2586,2023-09-25,Standard Class,Corporate,Office Supplies,Envelopes,OFF-EN-10001137,10.0,10.0,2,4,4860
2587,2023-07-01,Standard Class,Consumer,Office Supplies,Storage,OFF-ST-10001476,210.0,250.0,7,5,1794
2588,2022-01-11,Standard Class,Consumer,Furniture,Furnishings,FUR-FU-10002045,20.0,20.0,1,5,1077
2589,2022-07-23,Standard Class,Home Office,Office Supplies,Storage,OFF-ST-10001505,10.0,10.0,1,5,4155
2590,2023-07-02,Standard Class,Home Office,Technology,Phones,TEC-PH-10001433,200.0,250.0,3,4,232
2591,2022-11-03,Standard Class,Consumer,Furniture,Furnishings,FUR-FU-10004671,10.0,10.0,2,4,475
2592,2022-09-25,Standard Class,Consumer,Furniture,Tables,FUR-TA-10003569,500.0,600.0,3,4,1547
2593,2023-02-06,Second Class,Corporate,Technology,Phones,TEC-PH-10002807,80.0,80.0,2,3,2220
2594,2022-12-21,Second Class,Corporate,Office Supplies,Binders,OFF-BI-10001597,270.0,330.0,8,2,3833
2595,2023-06-04,Standard Class,Corporate,Office Supplies,Envelopes,OFF-EN-10003296,160.0,180.0,2,3,2195
2596,2023-11-03,Standard Class,Corporate,Office Supplies,Binders,OFF-BI-10004632,840.0,910.0,3,2,1208
2597,2022-09-23,Standard Class,Corporate,Technology,Phones,TEC-PH-10002310,500.0,590.0,3,3,2798
2598,2022-04-10,Standard Class,Corporate,Office Supplies,Storage,OFF-ST-10000078,460.0,530.0,2,3,976
2599,2022-10-10,Standard Class,Corporate,Office Supplies,Paper,OFF-PA-10001752,10.0,10.0,3,3,5025
2600,2022-02-04,Standard Class,Consumer,Office Supplies,Appliances,OFF-AP-10000026,100.0,120.0,2,4,3010
2601,2022-08-27,Standard Class,Consumer,Office Supplies,Supplies,OFF-SU-10002573,100.0,120.0,7,3,1770
2602,2022-08-17,Same Day,Consumer,Office Supplies,Paper,OFF-PA-10000349,10.0,10.0,3,4,3110
2603,2023-09-14,Same Day,Consumer,Technology,Machines,TEC-MA-10003356,1240.0,1350.0,3,5,1017
2604,2023-12-13,Same Day,Consumer,Furniture,Bookcases,FUR-BO-10000362,110.0,140.0,1,3,1831
2605,2022-06-07,Same Day,Consumer,Furniture,Furnishings,FUR-FU-10003878,50.0,60.0,4,4,2125
2606,2022-04-15,Standard Class,Corporate,Office Supplies,Binders,OFF-BI-10000591,10.0,10.0,1,2,3759
2607,2023-08-05,Standard Class,Home Office,Office Supplies,Art,OFF-AR-10003727,20.0,20.0,1,2,2791
2608,2022-12-26,Standard Class,Corporate,Technology,Accessories,TEC-AC-10001635,20.0,20.0,3,5,406
2609,2023-11-06,Standard Class,Corporate,Office Supplies,Labels,OFF-LA-10001317,10.0,10.0,1,4,330
2610,2023-12-11,Standard Class,Corporate,Furniture,Tables,FUR-TA-10000577,1160.0,1220.0,5,2,517
2611,2022-07-02,Standard Class,Corporate,Office Supplies,Labels,OFF-LA-10000248,10.0,10.0,2,3,2038
2612,2022-12-17,Standard Class,Corporate,Office Supplies,Paper,OFF-PA-10000955,20.0,20.0,3,2,4831
2613,2023-10-16,Standard Class,Corporate,Furniture,Furnishings,FUR-FU-10000221,10.0,10.0,3,3,3427
2614,2023-12-13,Standard Class,Corporate,Furniture,Chairs,FUR-CH-10002304,40.0,40.0,2,4,1026
2615,2023-05-21,Standard Class,Corporate,Furniture,Chairs,FUR-CH-10004886,210.0,230.0,3,2,2197
2616,2022-03-02,Standard Class,Corporate,Office Supplies,Binders,OFF-BI-10001525,20.0,20.0,6,4,2674
2617,2022-04-04,Standard Class,Consumer,Office Supplies,Labels,OFF-LA-10003663,10.0,10.0,2,3,3275
2618,2022-05-14,Standard Class,Consumer,Office Supplies,Binders,OFF-BI-10001294,100.0,120.0,13,5,4330
2619,2023-10-01,Standard Class,Corporate,Office Supplies,Art,OFF-AR-10000369,10.0,10.0,3,5,3388
2620,2022-11-05,Standard Class,Corporate,Technology,Phones,TEC-PH-10001300,60.0,70.0,4,4,4108
2621,2022-11-25,Standard Class,Corporate,Office Supplies,Storage,OFF-ST-10000876,30.0,40.0,3,2,3679
2622,2023-12-28,Standard Class,Corporate,Office Supplies,Labels,OFF-LA-10001404,20.0,20.0,5,4,2105
2623,2023-02-28,Second Class,Corporate,Office Supplies,Paper,OFF-PA-10001972,30.0,30.0,4,2,1561
2624,2023-04-11,First Class,Home Office,Technology,Copiers,TEC-CO-10004722,10300.0,11200.0,4,2,4134
2625,2022-12-17,First Class,Home Office,Technology,Phones,TEC-PH-10001494,2160.0,2400.0,8,5,1952
2626,2023-09-16,First Class,Home Office,Office Supplies,Envelopes,OFF-EN-10002500,60.0,60.0,5,5,1474
2627,2022-01-15,First Class,Home Office,Technology,Phones,TEC-PH-10003800,50.0,50.0,1,3,3614
2628,2023-05-11,First Class,Corporate,Technology,Accessories,TEC-AC-10002399,60.0,60.0,4,3,4219
2629,2023-06-29,First Class,Corporate,Technology,Machines,TEC-MA-10002210,550.0,650.0,7,5,2978
2630,2023-12-15,First Class,Corporate,Office Supplies,Binders,OFF-BI-10003196,10.0,10.0,10,3,4861
2631,2023-06-15,Standard Class,Consumer,Office Supplies,Paper,OFF-PA-10000477,10.0,10.0,3,3,2241
2632,2022-01-04,Standard Class,Consumer,Furniture,Furnishings,FUR-FU-10000076,40.0,40.0,2,2,4341
2633,2022-03-22,Standard Class,Consumer,Furniture,Chairs,FUR-CH-10002017,30.0,40.0,2,4,899
2634,2022-04-16,Standard Class,Consumer,Furniture,Chairs,FUR-CH-10004287,180.0,220.0,1,5,409
2635,2023-03-09,Second Class,Corporate,Furniture,Furnishings,FUR-FU-10003829,10.0,10.0,2,3,4828
2636,2022-05-03,Second Class,Corporate,Office Supplies,Binders,OFF-BI-10004728,10.0,10.0,5,4,374
2637,2022-02-24,Standard Class,Corporate,Office Supplies,Storage,OFF-ST-10000046,300.0,320.0,2,5,4376
2638,2023-04-27,Standard Class,Consumer,Office Supplies,Paper,OFF-PA-10000697,20.0,20.0,4,3,784
2639,2023-05-08,Standard Class,Consumer,Office Supplies,Binders,OFF-BI-10000848,10.0,10.0,3,5,4504
2640,2022-07-16,Standard Class,Consumer,Office Supplies,Art,OFF-AR-10004691,60.0,60.0,3,3,3629
2641,2023-05-26,Standard Class,Consumer,Furniture,Chairs,FUR-CH-10000595,760.0,860.0,4,3,901
2642,2023-09-02,Standard Class,Consumer,Technology,Accessories,TEC-AC-10000927,30.0,30.0,1,4,2969
2643,2022-09-21,First Class,Consumer,Office Supplies,Paper,OFF-PA-10001289,160.0,190.0,6,5,4324
2644,2022-05-02,Second Class,Home Office,Technology,Phones,TEC-PH-10003092,40.0,40.0,1,2,1318
2645,2022-10-15,Second Class,Home Office,Furniture,Furnishings,FUR-FU-10000206,20.0,20.0,8,3,2563
2646,2022-01-27,Second Class,Consumer,Furniture,Furnishings,FUR-FU-10004270,50.0,60.0,3,3,4047
2647,2022-04-09,Second Class,Consumer,Office Supplies,Binders,OFF-BI-10000948,40.0,40.0,3,5,1007
2648,2022-12-07,Second Class,Consumer,Office Supplies,Paper,OFF-PA-10000223,10.0,10.0,2,3,4208
2649,2022-02-08,Second Class,Consumer,Furniture,Furnishings,FUR-FU-10004665,690.0,820.0,6,4,4551
2650,2022-10-27,Second Class,Consumer,Technology,Phones,TEC-PH-10000215,90.0,100.0,3,3,4262
2651,2022-07-23,Standard Class,Corporate,Furniture,Bookcases,FUR-BO-10004467,350.0,420.0,5,5,4487
2652,2023-04-13,Second Class,Corporate,Office Supplies,Binders,OFF-BI-10000829,10.0,10.0,3,4,3876
2653,2023-06-09,Second Class,Corporate,Office Supplies,Binders,OFF-BI-10003712,10.0,10.0,3,4,4432
2654,2023-01-02,Second Class,Corporate,Office Supplies,Paper,OFF-PA-10000062,140.0,160.0,3,4,1766
2655,2022-10-30,Second Class,Corporate,Furniture,Bookcases,FUR-BO-10003404,1080.0,1290.0,3,4,2943
2656,2022-06-01,Second Class,Corporate,Office Supplies,Binders,OFF-BI-10004233,30.0,30.0,2,5,357
2657,2023-11-08,Second Class,Corporate,Office Supplies,Storage,OFF-ST-10001272,220.0,260.0,2,2,4975
2658,2022-12-13,Second Class,Corporate,Office Supplies,Labels,OFF-LA-10001175,10.0,10.0,5,2,4193
2659,2022-08-21,Standard Class,Consumer,Office Supplies,Envelopes,OFF-EN-10004030,10.0,10.0,3,5,1375
2660,2022-07-10,Standard Class,Corporate,Furniture,Chairs,FUR-CH-10004287,720.0,880.0,4,5,3136
2661,2023-08-25,Standard Class,Corporate,Technology,Phones,TEC-PH-10002834,1580.0,1980.0,11,2,114
2662,2023-09-15,Standard Class,Corporate,Office Supplies,Envelopes,OFF-EN-10003055,70.0,80.0,2,4,411
2663,2023-02-18,First Class,Home Office,Office Supplies,Binders,OFF-BI-10003460,10.0,10.0,2,5,2532
2664,2023-03-31,First Class,Consumer,Office Supplies,Labels,OFF-LA-10001569,10.0,10.0,1,5,1982
2665,2022-10-01,First Class,Consumer,Furniture,Tables,FUR-TA-10004534,300.0,370.0,3,4,4144
2666,2023-04-04,First Class,Consumer,Office Supplies,Binders,OFF-BI-10002954,10.0,10.0,2,5,1074
2667,2023-06-22,Same Day,Consumer,Technology,Accessories,TEC-AC-10003832,60.0,80.0,3,3,1204
2668,2023-09-30,Same Day,Consumer,Office Supplies,Paper,OFF-PA-10000474,30.0,30.0,1,2,3122
2669,2023-05-23,Standard Class,Home Office,Furniture,Chairs,FUR-CH-10002774,30.0,40.0,1,3,3760
2670,2022-06-14,Standard Class,Home Office,Office Supplies,Appliances,OFF-AP-10002765,100.0,110.0,4,2,2620
2671,2022-11-09,Second Class,Corporate,Office Supplies,Paper,OFF-PA-10001144,140.0,170.0,3,2,3814
2672,2022-11-25,Second Class,Corporate,Furniture,Chairs,FUR-CH-10003761,730.0,790.0,6,4,4672
2673,2022-02-15,Second Class,Corporate,Office Supplies,Paper,OFF-PA-10004665,20.0,30.0,2,2,3859
2674,2023-01-06,Second Class,Corporate,Office Supplies,Storage,OFF-ST-10000078,1100.0,1330.0,5,5,249
2675,2022-10-16,Same Day,Consumer,Office Supplies,Paper,OFF-PA-10000357,140.0,170.0,3,5,4041
2676,2023-06-23,Standard Class,Consumer,Office Supplies,Art,OFF-AR-10000422,10.0,10.0,5,3,4908
2677,2022-03-24,Standard Class,Consumer,Office Supplies,Appliances,OFF-AP-10001205,30.0,40.0,1,4,2568
2678,2023-11-30,Same Day,Consumer,Office Supplies,Binders,OFF-BI-10001116,10.0,10.0,7,5,2686
2679,2022-12-20,Same Day,Consumer,Office Supplies,Binders,OFF-BI-10002931,30.0,30.0,2,2,5080
2680,2022-11-23,Standard Class,Home Office,Office Supplies,Binders,OFF-BI-10000546,10.0,10.0,5,2,1259
2681,2023-02-15,Standard Class,Home Office,Technology,Accessories,TEC-AC-10002049,520.0,620.0,5,4,4868
2682,2023-03-18,Standard Class,Home Office,Office Supplies,Binders,OFF-BI-10001196,70.0,90.0,4,2,3793
2683,2022-04-08,Standard Class,Home Office,Technology,Machines,TEC-MA-10002981,310.0,350.0,3,5,5002
2684,2022-07-17,Standard Class,Home Office,Technology,Phones,TEC-PH-10003601,130.0,160.0,1,5,2079
2685,2022-09-26,Standard Class,Consumer,Office Supplies,Binders,OFF-BI-10000632,250.0,310.0,9,2,1399
2686,2023-01-19,Standard Class,Consumer,Office Supplies,Envelopes,OFF-EN-10003055,90.0,100.0,3,3,3505
2687,2023-11-03,Standard Class,Consumer,Office Supplies,Binders,OFF-BI-10001031,10.0,10.0,2,3,1515
2688,2022-01-17,First Class,Consumer,Office Supplies,Binders,OFF-BI-10002003,10.0,10.0,5,5,2104
2689,2022-02-09,First Class,Corporate,Office Supplies,Paper,OFF-PA-10003016,20.0,20.0,5,5,385
2690,2022-10-21,First Class,Consumer,Office Supplies,Art,OFF-AR-10004582,10.0,10.0,4,4,752
2691,2022-03-24,Standard Class,Consumer,Office Supplies,Binders,OFF-BI-10004364,10.0,10.0,3,2,1624
2692,2022-04-12,Standard Class,Consumer,Office Supplies,Paper,OFF-PA-10002246,20.0,20.0,3,2,2200
2693,2023-07-30,Standard Class,Consumer,Technology,Phones,TEC-PH-10002890,100.0,110.0,3,5,3607
2694,2022-11-11,Standard Class,Corporate,Furniture,Furnishings,FUR-FU-10001475,90.0,110.0,5,4,3399
2695,2022-11-15,Standard Class,Consumer,Furniture,Furnishings,FUR-FU-10004270,20.0,20.0,1,5,5015
2696,2022-12-24,First Class,Consumer,Office Supplies,Paper,OFF-PA-10003465,30.0,30.0,2,5,4172
2697,2022-08-26,Standard Class,Home Office,Technology,Machines,TEC-MA-10003626,760.0,820.0,4,4,2213
2698,2023-10-13,Standard Class,Home Office,Technology,Machines,TEC-MA-10002412,18110.0,22640.0,6,4,1378
2699,2023-09-05,Standard Class,Home Office,Office Supplies,Paper,OFF-PA-10001804,20.0,20.0,4,2,342
2700,2022-04-28,Standard Class,Home Office,Office Supplies,Art,OFF-AR-10003183,10.0,10.0,3,4,1015
2701,2022-01-06,Standard Class,Home Office,Furniture,Furnishings,FUR-FU-10004270,30.0,30.0,2,3,384
2702,2022-04-22,Standard Class,Home Office,Office Supplies,Fasteners,OFF-FA-10003112,20.0,20.0,3,3,2511
2703,2022-09-07,Standard Class,Home Office,Furniture,Furnishings,FUR-FU-10001986,100.0,120.0,3,3,4831
2704,2023-12-16,Standard Class,Consumer,Office Supplies,Paper,OFF-PA-10002319,110.0,120.0,3,2,688
2705,2022-09-13,Second Class,Consumer,Technology,Accessories,TEC-AC-10002323,120.0,130.0,6,4,1076
2706,2023-09-14,Standard Class,Home Office,Office Supplies,Supplies,OFF-SU-10001165,20.0,20.0,2,5,4365
2707,2022-05-19,Standard Class,Home Office,Office Supplies,Paper,OFF-PA-10001246,20.0,20.0,3,2,3515
2708,2023-02-07,Standard Class,Home Office,Office Supplies,Paper,OFF-PA-10001815,160.0,190.0,4,5,3191
2709,2023-01-09,Standard Class,Consumer,Furniture,Furnishings,FUR-FU-10001876,200.0,230.0,7,2,3527
2710,2023-04-30,Standard Class,Consumer,Technology,Machines,TEC-MA-10000488,1650.0,1920.0,3,3,78
2711,2023-04-08,Standard Class,Consumer,Office Supplies,Binders,OFF-BI-10001098,10.0,10.0,2,5,406
2712,2022-08-27,First Class,Corporate,Furniture,Furnishings,FUR-FU-10003577,50.0,50.0,4,5,2265
2713,2022-11-28,Second Class,Consumer,Office Supplies,Art,OFF-AR-10002656,50.0,60.0,9,2,2945
2714,2022-08-04,Standard Class,Consumer,Technology,Phones,TEC-PH-10004531,260.0,300.0,3,5,3881
2715,2023-11-13,Standard Class,Home Office,Office Supplies,Art,OFF-AR-10003251,10.0,10.0,5,5,969
2716,2023-03-20,Standard Class,Corporate,Technology,Phones,TEC-PH-10000673,120.0,130.0,2,5,3541
2717,2022-07-31,Standard Class,Home Office,Technology,Accessories,TEC-AC-10000158,70.0,70.0,2,2,1904
2718,2022-05-24,Standard Class,Consumer,Technology,Phones,TEC-PH-10002075,320.0,380.0,3,4,427
2719,2022-09-20,Standard Class,Consumer,Office Supplies,Storage,OFF-ST-10004340,100.0,120.0,2,4,4576
2720,2023-10-20,Second Class,Consumer,Furniture,Furnishings,FUR-FU-10002759,20.0,20.0,3,4,4851
2721,2022-02-04,Second Class,Corporate,Office Supplies,Fasteners,OFF-FA-10000585,10.0,10.0,3,3,2541
2722,2023-07-04,Second Class,Corporate,Office Supplies,Appliances,OFF-AP-10004859,50.0,60.0,5,3,3612
2723,2022-12-13,Second Class,Consumer,Office Supplies,Storage,OFF-ST-10001558,70.0,80.0,5,2,3900
2724,2023-10-21,Standard Class,Consumer,Office Supplies,Labels,OFF-LA-10004689,10.0,10.0,5,2,2361
2725,2023-01-07,Standard Class,Consumer,Office Supplies,Binders,OFF-BI-10002867,90.0,100.0,2,3,1467
2726,2023-08-01,Standard Class,Consumer,Technology,Phones,TEC-PH-10003811,310.0,360.0,5,5,4480
2727,2022-07-08,Standard Class,Consumer,Furniture,Tables,FUR-TA-10000849,300.0,350.0,4,2,233
2728,2023-08-18,First Class,Consumer,Office Supplies,Binders,OFF-BI-10000848,10.0,10.0,1,2,962
2729,2023-02-16,First Class,Consumer,Technology,Phones,TEC-PH-10003072,600.0,630.0,7,3,1640
2730,2023-10-31,Standard Class,Consumer,Office Supplies,Art,OFF-AR-10001547,10.0,10.0,3,3,665
2731,2022-04-17,Standard Class,Consumer,Technology,Accessories,TEC-AC-10001838,680.0,800.0,4,5,3025
2732,2023-01-08,Standard Class,Consumer,Furniture,Furnishings,FUR-FU-10004017,100.0,110.0,1,4,817
2733,2023-11-04,Standard Class,Consumer,Technology,Phones,TEC-PH-10002923,70.0,70.0,2,3,2298
2734,2023-05-06,Standard Class,Consumer,Office Supplies,Art,OFF-AR-10000716,10.0,10.0,1,5,74
2735,2022-09-04,Second Class,Consumer,Office Supplies,Paper,OFF-PA-10000249,40.0,50.0,4,3,4641
2736,2023-04-24,Standard Class,Consumer,Technology,Phones,TEC-PH-10003691,360.0,380.0,3,5,2457
2737,2023-02-04,Standard Class,Consumer,Office Supplies,Paper,OFF-PA-10001560,40.0,40.0,7,3,1682
2738,2022-07-23,Standard Class,Consumer,Furniture,Bookcases,FUR-BO-10004467,270.0,300.0,3,3,4632
2739,2022-11-12,Standard Class,Consumer,Technology,Phones,TEC-PH-10001819,80.0,90.0,2,3,65
2740,2022-09-23,First Class,Corporate,Office Supplies,Supplies,OFF-SU-10000157,400.0,480.0,4,3,177
2741,2022-10-31,First Class,Corporate,Technology,Accessories,TEC-AC-10004227,20.0,30.0,2,2,4396
2742,2022-07-30,Second Class,Consumer,Office Supplies,Envelopes,OFF-EN-10003134,50.0,50.0,5,5,643
2743,2023-01-10,Standard Class,Consumer,Furniture,Furnishings,FUR-FU-10004671,40.0,40.0,2,4,3398
2744,2023-08-31,Second Class,Corporate,Furniture,Furnishings,FUR-FU-10002253,220.0,260.0,6,5,1648
2745,2022-04-23,Second Class,Corporate,Technology,Phones,TEC-PH-10002726,110.0,130.0,3,5,69
2746,2022-09-12,Second Class,Consumer,Technology,Accessories,TEC-AC-10004571,60.0,80.0,1,3,831
2747,2023-05-30,Standard Class,Consumer,Furniture,Tables,FUR-TA-10002228,590.0,700.0,3,3,4591
2748,2023-02-27,Standard Class,Home Office,Technology,Accessories,TEC-AC-10004127,30.0,30.0,4,5,162
2749,2022-02-16,Standard Class,Consumer,Office Supplies,Binders,OFF-BI-10001553,10.0,10.0,3,3,3324
2750,2022-06-22,Standard Class,Consumer,Furniture,Chairs,FUR-CH-10002758,510.0,590.0,3,5,3073
2751,2023-08-16,Second Class,Consumer,Office Supplies,Storage,OFF-ST-10000532,390.0,420.0,11,4,246
2752,2022-05-24,Standard Class,Consumer,Furniture,Chairs,FUR-CH-10000988,180.0,230.0,2,2,2301
2753,2022-12-14,Standard Class,Consumer,Office Supplies,Art,OFF-AR-10003251,10.0,10.0,2,3,742
2754,2022-10-31,Standard Class,Consumer,Technology,Accessories,TEC-AC-10003174,290.0,320.0,3,2,1381
2755,2022-11-13,Standard Class,Consumer,Technology,Phones,TEC-PH-10002310,740.0,780.0,5,2,3528
2756,2023-12-13,Standard Class,Consumer,Office Supplies,Appliances,OFF-AP-10002651,1330.0,1450.0,5,3,549
2757,2022-10-30,Standard Class,Consumer,Office Supplies,Paper,OFF-PA-10001184,10.0,10.0,2,2,321
2758,2023-03-15,Second Class,Consumer,Technology,Accessories,TEC-AC-10002402,200.0,240.0,3,5,3730
2759,2023-05-22,Standard Class,Home Office,Furniture,Furnishings,FUR-FU-10004270,70.0,80.0,4,2,2961
2760,2022-06-16,Standard Class,Home Office,Office Supplies,Storage,OFF-ST-10001526,430.0,480.0,4,5,2390
2761,2023-06-02,First Class,Home Office,Office Supplies,Paper,OFF-PA-10002893,40.0,50.0,5,4,1662
2762,2022-04-08,First Class,Home Office,Technology,Accessories,TEC-AC-10003709,10.0,10.0,1,3,3581
2763,2023-05-16,First Class,Home Office,Office Supplies,Binders,OFF-BI-10001191,90.0,100.0,5,2,3852
2764,2023-05-14,Standard Class,Home Office,Office Supplies,Binders,OFF-BI-10003166,10.0,10.0,3,3,3300
2765,2022-08-06,Standard Class,Home Office,Office Supplies,Binders,OFF-BI-10003982,20.0,30.0,5,4,835
2766,2022-04-27,Standard Class,Home Office,Office Supplies,Storage,OFF-ST-10004835,10.0,10.0,2,2,4520
2767,2022-12-12,First Class,Consumer,Office Supplies,Appliances,OFF-AP-10000159,30.0,30.0,1,5,1675
2768,2022-02-28,First Class,Consumer,Office Supplies,Appliances,OFF-AP-10002945,1590.0,1920.0,8,5,2854
2769,2023-07-18,Standard Class,Consumer,Office Supplies,Appliances,OFF-AP-10001242,20.0,30.0,2,4,3580
2770,2022-06-11,Standard Class,Consumer,Technology,Accessories,TEC-AC-10003038,40.0,50.0,7,2,1240
2771,2023-11-16,Standard Class,Consumer,Technology,Accessories,TEC-AC-10003289,40.0,50.0,3,4,1117
2772,2022-09-20,Standard Class,Consumer,Office Supplies,Storage,OFF-ST-10000918,50.0,50.0,5,5,980
2773,2022-09-15,First Class,Consumer,Furniture,Furnishings,FUR-FU-10001940,20.0,20.0,3,3,4466
2774,2023-08-04,Standard Class,Consumer,Office Supplies,Binders,OFF-BI-10002852,40.0,50.0,3,2,3530
2775,2023-05-13,Standard Class,Home Office,Office Supplies,Paper,OFF-PA-10004451,10.0,10.0,2,2,4465
2776,2022-10-19,Standard Class,Consumer,Office Supplies,Storage,OFF-ST-10004804,140.0,150.0,3,3,137
2777,2022-09-06,Standard Class,Corporate,Office Supplies,Appliances,OFF-AP-10003971,60.0,60.0,7,5,999
2778,2023-01-22,Second Class,Consumer,Furniture,Bookcases,FUR-BO-10003159,160.0,200.0,2,3,4433
2779,2022-08-10,Standard Class,Corporate,Furniture,Furnishings,FUR-FU-10001935,20.0,20.0,8,3,2838
2780,2023-08-25,Standard Class,Corporate,Technology,Accessories,TEC-AC-10003433,,,3,4,1692
2781,2023-05-13,First Class,Consumer,Office Supplies,Labels,OFF-LA-10004544,50.0,60.0,4,5,612
2782,2022-11-17,Standard Class,Consumer,Office Supplies,Art,OFF-AR-10001026,20.0,20.0,10,4,3649
2783,2022-02-26,Standard Class,Consumer,Technology,Phones,TEC-PH-10001336,220.0,260.0,2,2,4409
2784,2022-10-26,Standard Class,Corporate,Technology,Phones,TEC-PH-10003187,20.0,20.0,2,3,2729
2785,2022-10-29,Standard Class,Corporate,Technology,Phones,TEC-PH-10004897,20.0,20.0,4,4,3548
2786,2022-05-08,First Class,Home Office,Furniture,Chairs,FUR-CH-10004997,530.0,600.0,4,4,4622
2787,2022-04-02,First Class,Home Office,Office Supplies,Fasteners,OFF-FA-10002763,10.0,10.0,2,5,1666
2788,2022-12-16,Standard Class,Corporate,Furniture,Furnishings,FUR-FU-10001588,60.0,60.0,5,4,3175
2789,2022-06-17,Standard Class,Corporate,Office Supplies,Art,OFF-AR-10000940,20.0,20.0,7,4,2884
2790,2023-04-30,Standard Class,Corporate,Furniture,Furnishings,FUR-FU-10002759,30.0,40.0,5,3,652
2791,2023-09-07,First Class,Corporate,Office Supplies,Appliances,OFF-AP-10000358,30.0,30.0,2,4,2568
2792,2022-06-04,First Class,Corporate,Office Supplies,Appliances,OFF-AP-10003281,40.0,40.0,3,4,2876
2793,2022-06-27,First Class,Corporate,Office Supplies,Paper,OFF-PA-10000029,10.0,10.0,1,5,3812
2794,2023-09-24,Standard Class,Corporate,Technology,Phones,TEC-PH-10001557,950.0,1080.0,14,5,2090
2795,2022-12-29,Standard Class,Corporate,Technology,Phones,TEC-PH-10000576,390.0,440.0,4,2,4616
2796,2023-11-03,Standard Class,Corporate,Office Supplies,Binders,OFF-BI-10002764,20.0,20.0,7,2,1392
2797,2022-05-23,Standard Class,Corporate,Furniture,Bookcases,FUR-BO-10001337,290.0,310.0,3,3,3848
2798,2022-05-18,Standard Class,Consumer,Office Supplies,Art,OFF-AR-10002257,10.0,10.0,4,2,4950
2799,2023-08-22,Standard Class,Consumer,Office Supplies,Paper,OFF-PA-10001019,40.0,40.0,2,4,3566
2800,2022-03-20,Standard Class,Consumer,Office Supplies,Binders,OFF-BI-10003364,130.0,150.0,5,2,4313
2801,2022-12-07,First Class,Corporate,Technology,Phones,TEC-PH-10000984,620.0,780.0,5,5,3638
2802,2022-06-23,First Class,Consumer,Office Supplies,Art,OFF-AR-10001683,10.0,10.0,1,4,3549
2803,2023-12-13,Standard Class,Consumer,Furniture,Furnishings,FUR-FU-10000629,30.0,40.0,3,4,2795
2804,2023-06-21,Standard Class,Consumer,Office Supplies,Paper,OFF-PA-10003893,10.0,10.0,3,2,1623
2805,2023-06-04,Standard Class,Consumer,Office Supplies,Paper,OFF-PA-10004239,30.0,30.0,6,5,1769
2806,2022-05-07,Standard Class,Consumer,Furniture,Chairs,FUR-CH-10000553,40.0,50.0,2,4,1307
2807,2022-01-13,Second Class,Consumer,Office Supplies,Fasteners,OFF-FA-10004395,10.0,10.0,2,2,2068
2808,2022-08-23,Second Class,Consumer,Office Supplies,Paper,OFF-PA-10004782,10.0,10.0,2,3,1755
2809,2023-01-22,Second Class,Consumer,Furniture,Bookcases,FUR-BO-10002213,600.0,700.0,5,4,3512
2810,2022-03-14,Second Class,Consumer,Furniture,Chairs,FUR-CH-10001854,480.0,560.0,2,5,1776
2811,2023-11-21,Second Class,Home Office,Office Supplies,Paper,OFF-PA-10000157,160.0,180.0,9,4,2579
2812,2022-05-20,Second Class,Home Office,Furniture,Furnishings,FUR-FU-10001185,150.0,190.0,6,4,2154
2813,2023-10-11,Second Class,Home Office,Furniture,Tables,FUR-TA-10001520,180.0,210.0,3,4,3595
2814,2023-12-02,Second Class,Home Office,Technology,Accessories,TEC-AC-10004145,910.0,1000.0,4,2,4858
2815,2022-04-01,Second Class,Home Office,Furniture,Tables,FUR-TA-10000688,550.0,650.0,3,3,2761
2816,2022-01-24,Standard Class,Home Office,Office Supplies,Binders,OFF-BI-10001510,100.0,110.0,5,2,2789
2817,2023-01-07,Standard Class,Home Office,Furniture,Chairs,FUR-CH-10003817,60.0,60.0,1,4,1034
2818,2023-02-13,Standard Class,Home Office,Furniture,Furnishings,FUR-FU-10000308,100.0,120.0,2,5,1174
2819,2022-04-18,Standard Class,Home Office,Office Supplies,Storage,OFF-ST-10003208,880.0,1090.0,6,4,1008
2820,2022-04-26,First Class,Consumer,Office Supplies,Binders,OFF-BI-10003784,10.0,10.0,5,2,2790
2821,2022-04-26,First Class,Consumer,Furniture,Tables,FUR-TA-10003748,290.0,300.0,3,3,4813
2822,2023-02-03,Standard Class,Consumer,Technology,Phones,TEC-PH-10002563,270.0,300.0,3,2,5044
2823,2023-03-09,First Class,Consumer,Office Supplies,Art,OFF-AR-10000122,10.0,10.0,2,2,4444
2824,2023-10-14,First Class,Consumer,Office Supplies,Storage,OFF-ST-10000352,40.0,50.0,2,3,4387
2825,2022-09-12,Standard Class,Home Office,Office Supplies,Paper,OFF-PA-10003270,30.0,30.0,8,3,482
2826,2022-03-12,Standard Class,Home Office,Furniture,Bookcases,FUR-BO-10003272,240.0,300.0,2,4,3058
2827,2022-11-06,Standard Class,Home Office,Office Supplies,Binders,OFF-BI-10002982,10.0,10.0,2,3,3725
2828,2022-11-10,Standard Class,Home Office,Office Supplies,Envelopes,OFF-EN-10001509,10.0,10.0,2,5,3162
2829,2023-07-29,First Class,Consumer,Office Supplies,Paper,OFF-PA-10002421,100.0,110.0,6,3,633
2830,2023-11-20,First Class,Consumer,Office Supplies,Storage,OFF-ST-10000760,50.0,60.0,5,4,1444
2831,2022-01-28,First Class,Consumer,Office Supplies,Paper,OFF-PA-10002923,70.0,80.0,2,5,5006
2832,2022-04-29,Standard Class,Consumer,Office Supplies,Storage,OFF-ST-10001128,410.0,440.0,5,2,1853
2833,2022-08-17,Standard Class,Consumer,Technology,Phones,TEC-PH-10000673,150.0,160.0,3,3,1426
2834,2023-03-17,Second Class,Corporate,Office Supplies,Art,OFF-AR-10001547,20.0,20.0,7,5,140
2835,2023-01-14,Second Class,Corporate,Office Supplies,Binders,OFF-BI-10001890,10.0,10.0,2,3,1875
2836,2023-09-29,Standard Class,Consumer,Office Supplies,Appliances,OFF-AP-10003971,10.0,10.0,1,2,2541
2837,2023-02-15,Standard Class,Consumer,Office Supplies,Paper,OFF-PA-10000520,20.0,20.0,3,5,655
2838,2023-02-20,Standard Class,Consumer,Office Supplies,Binders,OFF-BI-10000977,110.0,120.0,5,2,2295
2839,2023-02-03,First Class,Consumer,Technology,Machines,TEC-MA-10002178,560.0,700.0,2,3,3648
2840,2022-04-27,Second Class,Corporate,Office Supplies,Storage,OFF-ST-10001526,100.0,120.0,1,3,3715
2841,2022-08-08,Standard Class,Home Office,Furniture,Chairs,FUR-CH-10003379,980.0,1140.0,4,3,4784
2842,2023-08-05,Second Class,Consumer,Office Supplies,Paper,OFF-PA-10000100,180.0,230.0,7,5,3407
2843,2023-04-22,Standard Class,Consumer,Office Supplies,Storage,OFF-ST-10001809,120.0,140.0,2,3,1950
2844,2022-11-19,Standard Class,Consumer,Technology,Accessories,TEC-AC-10000387,40.0,40.0,3,2,1376
2845,2023-09-30,Standard Class,Corporate,Furniture,Chairs,FUR-CH-10004853,710.0,850.0,8,3,1294
2846,2022-06-30,First Class,Consumer,Office Supplies,Art,OFF-AR-10001958,50.0,50.0,3,5,1037
2847,2022-06-24,Standard Class,Home Office,Office Supplies,Binders,OFF-BI-10003527,680.0,760.0,3,3,4442
2848,2022-03-04,Standard Class,Corporate,Furniture,Furnishings,FUR-FU-10003832,60.0,60.0,6,5,2702
2849,2022-12-14,Standard Class,Corporate,Office Supplies,Binders,OFF-BI-10001359,2390.0,2690.0,3,3,191
2850,2022-07-02,Standard Class,Corporate,Office Supplies,Binders,OFF-BI-10002976,10.0,10.0,6,2,4343
2851,2023-08-17,First Class,Corporate,Office Supplies,Storage,OFF-ST-10000736,50.0,60.0,1,4,2327
2852,2023-01-26,Standard Class,Home Office,Office Supplies,Paper,OFF-PA-10001745,30.0,30.0,4,5,757
2853,2022-06-27,Second Class,Consumer,Furniture,Furnishings,FUR-FU-10000409,10.0,10.0,1,5,1031
2854,2022-12-23,Second Class,Consumer,Furniture,Furnishings,FUR-FU-10000221,20.0,20.0,4,3,1318
2855,2022-07-14,Same Day,Corporate,Office Supplies,Storage,OFF-ST-10000344,40.0,40.0,3,2,2620
2856,2023-12-08,Standard Class,Consumer,Office Supplies,Labels,OFF-LA-10003663,20.0,20.0,7,4,2372
2857,2022-03-03,First Class,Corporate,Furniture,Chairs,FUR-CH-10001215,1490.0,1600.0,4,3,2005
2858,2023-07-11,Second Class,Consumer,Furniture,Chairs,FUR-CH-10000988,180.0,230.0,2,3,949
2859,2023-09-21,Standard Class,Consumer,Technology,Accessories,TEC-AC-10003441,60.0,70.0,4,3,2784
2860,2023-05-29,Standard Class,Consumer,Technology,Phones,TEC-PH-10004389,310.0,380.0,3,3,1711
2861,2023-02-24,Standard Class,Consumer,Furniture,Bookcases,FUR-BO-10004695,1340.0,1630.0,9,5,3064
2862,2022-08-16,Standard Class,Consumer,Office Supplies,Paper,OFF-PA-10000100,240.0,290.0,7,3,4843
2863,2022-09-02,Standard Class,Consumer,Office Supplies,Paper,OFF-PA-10000223,20.0,20.0,4,2,4897
2864,2023-10-03,Same Day,Consumer,Office Supplies,Storage,OFF-ST-10001325,30.0,30.0,3,5,2968
2865,2022-01-03,Same Day,Consumer,Office Supplies,Appliances,OFF-AP-10004249,70.0,80.0,7,4,3085
2866,2023-05-27,Same Day,Consumer,Office Supplies,Art,OFF-AR-10000588,50.0,60.0,3,4,5023
2867,2022-02-10,Same Day,Consumer,Office Supplies,Supplies,OFF-SU-10000946,20.0,30.0,4,2,1512
2868,2023-05-19,Second Class,Consumer,Office Supplies,Supplies,OFF-SU-10001225,10.0,10.0,5,4,1897
2869,2023-05-31,Second Class,Consumer,Office Supplies,Storage,OFF-ST-10001558,40.0,40.0,3,5,4668
2870,2023-04-29,Standard Class,Consumer,Furniture,Furnishings,FUR-FU-10001546,20.0,20.0,2,5,1051
2871,2023-10-05,Standard Class,Corporate,Office Supplies,Paper,OFF-PA-10002581,60.0,70.0,3,5,853
2872,2023-03-26,Standard Class,Corporate,Furniture,Chairs,FUR-CH-10001482,270.0,310.0,3,3,2256
2873,2022-09-15,Standard Class,Consumer,Office Supplies,Art,OFF-AR-10002399,20.0,20.0,1,3,4551
2874,2023-07-17,Standard Class,Consumer,Office Supplies,Storage,OFF-ST-10001963,750.0,810.0,8,2,1839
2875,2023-04-18,First Class,Consumer,Office Supplies,Fasteners,OFF-FA-10002988,10.0,10.0,3,4,4260
2876,2022-02-16,Second Class,Consumer,Furniture,Chairs,FUR-CH-10004289,120.0,150.0,2,2,1153
2877,2022-05-15,Second Class,Consumer,Furniture,Chairs,FUR-CH-10000785,920.0,1010.0,7,5,33
2878,2023-08-31,Standard Class,Home Office,Office Supplies,Envelopes,OFF-EN-10003040,50.0,50.0,2,4,3333
2879,2022-12-15,Standard Class,Home Office,Office Supplies,Art,OFF-AR-10001573,10.0,10.0,2,5,95
2880,2023-09-11,Standard Class,Home Office,Technology,Accessories,TEC-AC-10000844,210.0,250.0,3,5,3612
2881,2023-06-28,Second Class,Home Office,Office Supplies,Binders,OFF-BI-10000756,30.0,30.0,6,2,3600
2882,2022-11-06,Second Class,Home Office,Office Supplies,Supplies,OFF-SU-10000381,30.0,30.0,3,5,2217
2883,2022-07-12,Standard Class,Consumer,Office Supplies,Binders,OFF-BI-10004094,10.0,10.0,5,5,388
2884,2023-01-19,Second Class,Consumer,Furniture,Furnishings,FUR-FU-10001852,10.0,10.0,4,5,479
2885,2023-06-24,Standard Class,Consumer,Office Supplies,Binders,OFF-BI-10000014,20.0,20.0,2,4,4133
2886,2023-09-12,Standard Class,Consumer,Furniture,Chairs,FUR-CH-10003396,290.0,310.0,5,5,967
2887,2022-09-17,First Class,Consumer,Office Supplies,Art,OFF-AR-10003811,10.0,10.0,3,2,4705
2888,2023-02-01,First Class,Consumer,Office Supplies,Paper,OFF-PA-10003172,10.0,10.0,2,2,1055
2889,2023-07-12,First Class,Consumer,Office Supplies,Paper,OFF-PA-10000289,20.0,30.0,5,5,4202
2890,2023-01-08,Standard Class,Corporate,Office Supplies,Paper,OFF-PA-10000791,20.0,20.0,5,5,4264
2891,2022-08-26,Second Class,Consumer,Furniture,Chairs,FUR-CH-10002304,40.0,50.0,2,2,4054
2892,2023-07-08,Second Class,Consumer,Office Supplies,Binders,OFF-BI-10000136,20.0,20.0,3,2,3490
2893,2022-05-31,Standard Class,Corporate,Office Supplies,Paper,OFF-PA-10003739,10.0,10.0,2,5,2485
2894,2023-03-31,Standard Class,Corporate,Office Supplies,Paper,OFF-PA-10002479,30.0,30.0,5,4,4212
2895,2022-02-14,Standard Class,Corporate,Furniture,Furnishings,FUR-FU-10000771,60.0,70.0,11,5,4899
2896,2022-09-11,Standard Class,Corporate,Technology,Phones,TEC-PH-10001552,40.0,40.0,3,2,4932
2897,2022-02-03,Standard Class,Consumer,Office Supplies,Art,OFF-AR-10001915,50.0,50.0,5,4,2996
2898,2022-07-02,Standard Class,Corporate,Technology,Copiers,TEC-CO-10000971,890.0,960.0,4,2,4120
2899,2022-02-24,Standard Class,Consumer,Furniture,Chairs,FUR-CH-10004086,330.0,410.0,2,5,4353
2900,2022-07-27,Standard Class,Consumer,Technology,Copiers,TEC-CO-10000971,410.0,480.0,2,2,2891
2901,2022-12-22,Standard Class,Consumer,Office Supplies,Labels,OFF-LA-10001317,10.0,10.0,4,4,141
2902,2022-10-09,Standard Class,Home Office,Office Supplies,Paper,OFF-PA-10003656,150.0,180.0,7,5,991
2903,2022-10-05,Standard Class,Consumer,Office Supplies,Paper,OFF-PA-10002160,20.0,20.0,5,4,4230
2904,2022-10-15,Standard Class,Corporate,Office Supplies,Paper,OFF-PA-10000575,30.0,40.0,7,5,3200
2905,2022-03-25,Standard Class,Corporate,Furniture,Chairs,FUR-CH-10003981,470.0,540.0,3,5,3752
2906,2022-02-15,Standard Class,Home Office,Office Supplies,Storage,OFF-ST-10002615,290.0,310.0,2,4,924
2907,2023-10-13,Standard Class,Consumer,Office Supplies,Paper,OFF-PA-10000327,10.0,10.0,2,4,3640
2908,2023-07-11,Standard Class,Consumer,Office Supplies,Storage,OFF-ST-10001325,40.0,50.0,5,2,2937
2909,2023-05-06,Standard Class,Consumer,Office Supplies,Labels,OFF-LA-10001771,10.0,10.0,3,3,2664
2910,2022-07-26,Standard Class,Consumer,Office Supplies,Fasteners,OFF-FA-10004968,10.0,10.0,3,5,2044
2911,2022-06-14,Standard Class,Consumer,Office Supplies,Appliances,OFF-AP-10000576,330.0,390.0,4,2,3092
2912,2023-01-17,Standard Class,Consumer,Office Supplies,Envelopes,OFF-EN-10003286,30.0,40.0,5,2,2468
2913,2022-07-23,Standard Class,Consumer,Office Supplies,Art,OFF-AR-10003772,30.0,40.0,4,5,3003
2914,2022-07-06,Standard Class,Consumer,Office Supplies,Binders,OFF-BI-10002852,30.0,40.0,3,4,2916
2915,2023-01-22,Second Class,Consumer,Technology,Phones,TEC-PH-10002890,110.0,140.0,3,2,1976
2916,2023-03-14,Second Class,Consumer,Office Supplies,Binders,OFF-BI-10001308,10.0,10.0,2,2,887
2917,2023-12-01,Second Class,Consumer,Technology,Phones,TEC-PH-10001750,230.0,260.0,4,5,1805
2918,2022-12-20,First Class,Consumer,Office Supplies,Art,OFF-AR-10003338,10.0,10.0,1,3,1021
2919,2022-03-22,Same Day,Corporate,Office Supplies,Fasteners,OFF-FA-10002763,20.0,20.0,5,2,3811
2920,2022-11-23,Same Day,Corporate,Furniture,Furnishings,FUR-FU-10002088,10.0,10.0,2,3,1653
2921,2022-09-06,Same Day,Corporate,Furniture,Furnishings,FUR-FU-10003976,60.0,70.0,7,3,1135
2922,2022-04-12,Same Day,Consumer,Office Supplies,Storage,OFF-ST-10001511,120.0,130.0,2,4,293
2923,2022-10-09,Second Class,Home Office,Office Supplies,Binders,OFF-BI-10000301,10.0,10.0,3,3,4945
2924,2022-07-24,Standard Class,Corporate,Office Supplies,Fasteners,OFF-FA-10003495,10.0,10.0,1,4,306
2925,2022-12-10,First Class,Consumer,Office Supplies,Appliances,OFF-AP-10001303,20.0,20.0,1,4,1992
2926,2023-04-18,First Class,Consumer,Furniture,Furnishings,FUR-FU-10002116,60.0,70.0,1,3,3174
2927,2023-10-02,Second Class,Consumer,Furniture,Furnishings,FUR-FU-10000771,20.0,20.0,3,3,1932
2928,2022-04-14,Standard Class,Consumer,Office Supplies,Art,OFF-AR-10002255,10.0,10.0,3,5,619
2929,2022-04-11,Standard Class,Home Office,Office Supplies,Binders,OFF-BI-10004995,1340.0,1630.0,4,5,730
2930,2022-10-22,Standard Class,Home Office,Furniture,Furnishings,FUR-FU-10002597,20.0,20.0,4,5,4917
2931,2023-07-19,Same Day,Consumer,Office Supplies,Binders,OFF-BI-10004970,10.0,10.0,2,2,4438
2932,2023-07-03,Same Day,Consumer,Office Supplies,Binders,OFF-BI-10002557,10.0,10.0,2,3,4944
2933,2023-03-25,Same Day,Consumer,Furniture,Chairs,FUR-CH-10000785,120.0,140.0,1,4,4459
2934,2023-02-10,Standard Class,Consumer,Technology,Phones,TEC-PH-10002310,140.0,160.0,1,4,532
2935,2023-03-22,Standard Class,Consumer,Technology,Phones,TEC-PH-10002834,370.0,430.0,3,5,1776
2936,2023-10-11,Standard Class,Consumer,Office Supplies,Envelopes,OFF-EN-10000927,30.0,40.0,1,3,3431
2937,2022-08-17,Standard Class,Consumer,Office Supplies,Binders,OFF-BI-10001636,40.0,50.0,7,4,1638
2938,2023-04-19,Standard Class,Consumer,Office Supplies,Paper,OFF-PA-10001736,220.0,250.0,7,3,1260
2939,2023-03-27,Standard Class,Consumer,Office Supplies,Paper,OFF-PA-10000482,160.0,190.0,5,4,4348
2940,2022-10-22,Standard Class,Consumer,Office Supplies,Binders,OFF-BI-10001658,50.0,60.0,3,3,1693
2941,2023-10-18,Standard Class,Corporate,Furniture,Chairs,FUR-CH-10000422,80.0,90.0,1,3,3192
2942,2023-10-10,Standard Class,Corporate,Furniture,Chairs,FUR-CH-10004675,1390.0,1530.0,7,5,419
2943,2022-07-28,Standard Class,Corporate,Furniture,Chairs,FUR-CH-10002880,350.0,370.0,3,5,2892
2944,2022-09-05,Standard Class,Consumer,Office Supplies,Storage,OFF-ST-10000675,290.0,310.0,9,3,306
2945,2023-10-09,Standard Class,Consumer,Furniture,Furnishings,FUR-FU-10002685,20.0,20.0,1,3,1599
2946,2022-02-23,First Class,Consumer,Furniture,Furnishings,FUR-FU-10004020,40.0,40.0,7,2,2562
2947,2022-11-06,Standard Class,Home Office,Furniture,Furnishings,FUR-FU-10004963,20.0,30.0,3,4,763
2948,2022-01-13,Standard Class,Home Office,Office Supplies,Binders,OFF-BI-10000174,50.0,60.0,14,3,2723
2949,2023-07-11,Standard Class,Home Office,Office Supplies,Envelopes,OFF-EN-10000461,30.0,40.0,5,4,2758
2950,2022-07-22,Same Day,Home Office,Technology,Accessories,TEC-AC-10001266,40.0,40.0,4,3,2828
2951,2022-05-16,Same Day,Home Office,Office Supplies,Paper,OFF-PA-10002160,20.0,20.0,5,4,2407
2952,2023-04-01,Same Day,Home Office,Furniture,Chairs,FUR-CH-10004875,100.0,110.0,2,3,2436
2953,2023-09-06,Same Day,Home Office,Furniture,Furnishings,FUR-FU-10000305,90.0,110.0,2,5,3153
2954,2022-07-16,Same Day,Home Office,Technology,Phones,TEC-PH-10000347,10.0,10.0,2,2,4231
2955,2022-07-28,Same Day,Home Office,Technology,Phones,TEC-PH-10001459,590.0,670.0,2,4,3662
2956,2023-08-21,Standard Class,Corporate,Technology,Phones,TEC-PH-10000439,30.0,40.0,1,5,3521
2957,2023-09-08,Standard Class,Home Office,Furniture,Chairs,FUR-CH-10002647,180.0,190.0,3,4,3476
2958,2023-12-31,Standard Class,Consumer,Office Supplies,Binders,OFF-BI-10003910,20.0,25.0,1,3,3059
2959,2023-03-25,Standard Class,Consumer,Office Supplies,Binders,OFF-BI-10001097,20.0,20.0,4,3,4967
2960,2023-04-06,Standard Class,Consumer,Office Supplies,Fasteners,OFF-FA-10004854,40.0,50.0,4,3,3448
2961,2023-07-21,Standard Class,Home Office,Office Supplies,Paper,OFF-PA-10003673,20.0,20.0,3,3,3620
2962,2022-12-07,Standard Class,Home Office,Office Supplies,Labels,OFF-LA-10002034,40.0,40.0,8,3,2975
2963,2022-02-20,Second Class,Corporate,Furniture,Chairs,FUR-CH-10002774,70.0,80.0,2,5,1133
2964,2023-05-17,Second Class,Corporate,Furniture,Chairs,FUR-CH-10003817,80.0,100.0,2,2,4698
2965,2023-04-11,Second Class,Corporate,Office Supplies,Binders,OFF-BI-10002949,20.0,20.0,5,2,3551
2966,2022-02-28,Second Class,Corporate,Furniture,Furnishings,FUR-FU-10002445,20.0,20.0,2,2,4555
2967,2022-11-11,Standard Class,Consumer,Furniture,Furnishings,FUR-FU-10001473,30.0,30.0,6,4,3588
2968,2023-11-21,Standard Class,Consumer,Office Supplies,Storage,OFF-ST-10002562,30.0,30.0,4,4,4321
2969,2023-04-23,Second Class,Consumer,Office Supplies,Appliances,OFF-AP-10002118,410.0,500.0,3,2,3779
2970,2022-02-05,Second Class,Consumer,Office Supplies,Paper,OFF-PA-10001800,30.0,30.0,6,2,4596
2971,2023-12-23,Second Class,Consumer,Office Supplies,Binders,OFF-BI-10002827,10.0,10.0,8,4,1440
2972,2023-12-16,Second Class,Consumer,Furniture,Furnishings,FUR-FU-10004671,30.0,30.0,2,4,2838
2973,2022-05-28,Second Class,Consumer,Office Supplies,Storage,OFF-ST-10000736,240.0,260.0,4,5,4314
2974,2023-03-07,Standard Class,Consumer,Office Supplies,Binders,OFF-BI-10004656,10.0,10.0,5,4,2857
2975,2022-01-23,Standard Class,Consumer,Furniture,Tables,FUR-TA-10001095,210.0,240.0,2,2,4955
2976,2022-06-19,Standard Class,Consumer,Office Supplies,Paper,OFF-PA-10000213,20.0,20.0,4,4,1221
2977,2022-12-15,Same Day,Corporate,Furniture,Chairs,FUR-CH-10001797,160.0,190.0,7,2,4185
2978,2022-02-24,Second Class,Consumer,Office Supplies,Storage,OFF-ST-10002214,20.0,20.0,2,2,2442
2979,2022-04-12,Second Class,Consumer,Furniture,Chairs,FUR-CH-10000422,460.0,550.0,6,3,1231
2980,2023-02-15,Standard Class,Consumer,Office Supplies,Paper,OFF-PA-10003848,20.0,20.0,4,4,1664
2981,2022-06-13,Standard Class,Consumer,Furniture,Furnishings,FUR-FU-10003623,40.0,40.0,2,5,4624
2982,2023-05-01,Standard Class,Consumer,Furniture,Chairs,FUR-CH-10001797,100.0,120.0,4,4,2935
2983,2022-12-09,Standard Class,Consumer,Office Supplies,Binders,OFF-BI-10003094,10.0,10.0,4,3,3881
2984,2023-09-07,Second Class,Consumer,Office Supplies,Storage,OFF-ST-10002205,50.0,50.0,3,3,2542
2985,2022-01-28,Second Class,Consumer,Furniture,Tables,FUR-TA-10003238,230.0,280.0,1,4,821
2986,2023-07-31,Standard Class,Home Office,Furniture,Furnishings,FUR-FU-10000755,20.0,20.0,4,2,4041
2987,2023-01-30,Standard Class,Home Office,Office Supplies,Paper,OFF-PA-10002893,20.0,20.0,2,3,528
2988,2022-05-25,Standard Class,Home Office,Office Supplies,Storage,OFF-ST-10000689,1140.0,1270.0,9,5,2586
2989,2022-04-05,Second Class,Corporate,Technology,Accessories,TEC-AC-10004227,10.0,10.0,1,2,350
2990,2022-06-08,Second Class,Corporate,Office Supplies,Binders,OFF-BI-10000174,20.0,20.0,4,2,2795
2991,2023-05-22,Second Class,Corporate,Office Supplies,Storage,OFF-ST-10001809,410.0,450.0,5,5,1697
2992,2022-04-05,Second Class,Corporate,Office Supplies,Binders,OFF-BI-10002309,30.0,30.0,7,5,840
2993,2023-08-15,Standard Class,Corporate,Office Supplies,Appliances,OFF-AP-10004532,50.0,60.0,3,5,4124
2994,2022-05-25,Standard Class,Consumer,Office Supplies,Binders,OFF-BI-10003091,840.0,900.0,4,5,3706
2995,2022-06-20,Second Class,Consumer,Office Supplies,Binders,OFF-BI-10004654,50.0,60.0,4,2,115
2996,2023-02-15,Standard Class,Consumer,Office Supplies,Storage,OFF-ST-10000760,50.0,60.0,5,3,3712
2997,2022-11-29,Standard Class,Consumer,Office Supplies,Envelopes,OFF-EN-10001539,20.0,20.0,4,5,5004
2998,2022-10-08,Standard Class,Consumer,Furniture,Furnishings,FUR-FU-10000550,15.0,15.0,1,3,11
2999,2022-07-29,Standard Class,Consumer,Technology,Accessories,TEC-AC-10003628,90.0,100.0,4,2,2846
3000,2022-05-24,Standard Class,Consumer,Technology,Machines,TEC-MA-10004521,200.0,210.0,3,4,4384
3001,2022-03-07,Standard Class,Consumer,Office Supplies,Appliances,OFF-AP-10003860,40.0,40.0,2,4,631
3002,2023-04-29,Standard Class,Consumer,Office Supplies,Binders,OFF-BI-10000069,10.0,10.0,2,3,1724
3003,2022-04-01,Standard Class,Home Office,Office Supplies,Binders,OFF-BI-10003655,20.0,20.0,5,5,2494
3004,2022-08-30,Standard Class,Home Office,Office Supplies,Binders,OFF-BI-10001628,30.0,30.0,4,2,578
3005,2023-01-09,First Class,Home Office,Office Supplies,Appliances,OFF-AP-10003779,190.0,210.0,1,3,3720
3006,2022-07-15,Standard Class,Home Office,Office Supplies,Binders,OFF-BI-10000666,80.0,90.0,3,4,476
3007,2022-04-29,First Class,Consumer,Office Supplies,Appliances,OFF-AP-10000828,720.0,900.0,5,5,1802
3008,2022-02-24,Standard Class,Consumer,Office Supplies,Binders,OFF-BI-10002706,30.0,30.0,3,5,3447
3009,2023-01-26,First Class,Consumer,Furniture,Furnishings,FUR-FU-10004748,160.0,190.0,3,2,31
3010,2022-07-29,Standard Class,Corporate,Office Supplies,Appliances,OFF-AP-10000026,210.0,240.0,5,4,2470
3011,2023-03-09,Standard Class,Home Office,Office Supplies,Binders,OFF-BI-10000773,10.0,10.0,5,2,1038
3012,2022-01-16,Standard Class,Home Office,Technology,Machines,TEC-MA-10000822,2190.0,2550.0,5,5,1937
3013,2022-08-01,Standard Class,Home Office,Office Supplies,Binders,OFF-BI-10001543,20.0,20.0,2,5,3154
3014,2023-10-23,Standard Class,Home Office,Office Supplies,Binders,OFF-BI-10003355,10.0,10.0,6,3,4473
3015,2023-11-26,Standard Class,Home Office,Office Supplies,Paper,OFF-PA-10002005,20.0,20.0,4,4,4127
3016,2023-07-09,Standard Class,Home Office,Furniture,Tables,FUR-TA-10004154,290.0,340.0,2,4,4833
3017,2023-07-06,Standard Class,Home Office,Office Supplies,Storage,OFF-ST-10002743,650.0,730.0,8,2,491
3018,2023-09-04,Standard Class,Home Office,Furniture,Furnishings,FUR-FU-10004973,20.0,20.0,3,5,2860
3019,2022-10-02,Standard Class,Home Office,Technology,Accessories,TEC-AC-10002842,590.0,670.0,7,5,3347
3020,2023-08-27,Standard Class,Consumer,Office Supplies,Fasteners,OFF-FA-10002701,10.0,10.0,3,3,1750
3021,2023-03-10,Standard Class,Consumer,Office Supplies,Paper,OFF-PA-10001125,80.0,90.0,3,2,3719
3022,2022-02-23,Standard Class,Consumer,Furniture,Furnishings,FUR-FU-10004090,60.0,70.0,3,5,2934
3023,2023-10-20,Standard Class,Consumer,Office Supplies,Binders,OFF-BI-10001510,80.0,90.0,5,4,4781
3024,2022-09-12,Standard Class,Consumer,Furniture,Bookcases,FUR-BO-10002202,260.0,330.0,2,2,3239
3025,2023-06-13,Standard Class,Consumer,Office Supplies,Binders,OFF-BI-10001922,40.0,50.0,11,5,155
3026,2023-09-11,Standard Class,Consumer,Office Supplies,Paper,OFF-PA-10001667,20.0,20.0,3,2,399
3027,2023-09-18,Standard Class,Home Office,Furniture,Furnishings,FUR-FU-10001488,220.0,250.0,3,2,1435
3028,2023-11-06,Same Day,Corporate,Office Supplies,Binders,OFF-BI-10002799,10.0,10.0,2,4,4271
3029,2022-05-30,Standard Class,Consumer,Furniture,Chairs,FUR-CH-10003846,400.0,500.0,5,3,4267
3030,2023-06-17,Standard Class,Corporate,Technology,Phones,TEC-PH-10003691,340.0,400.0,4,5,1486
3031,2022-09-11,Standard Class,Corporate,Furniture,Bookcases,FUR-BO-10000468,150.0,190.0,4,5,4523
3032,2023-01-12,Standard Class,Corporate,Office Supplies,Art,OFF-AR-10001044,30.0,30.0,1,5,643
3033,2023-01-03,Standard Class,Consumer,Furniture,Chairs,FUR-CH-10003833,190.0,200.0,4,4,2362
3034,2022-12-04,Standard Class,Home Office,Office Supplies,Paper,OFF-PA-10004355,20.0,20.0,4,3,1464
3035,2023-10-20,Standard Class,Consumer,Technology,Accessories,TEC-AC-10003038,40.0,50.0,6,2,664
3036,2023-08-10,Standard Class,Consumer,Office Supplies,Binders,OFF-BI-10002799,40.0,40.0,7,5,2612
3037,2022-03-18,Standard Class,Consumer,Office Supplies,Art,OFF-AR-10003582,50.0,60.0,2,3,3133
3038,2023-04-14,Standard Class,Consumer,Office Supplies,Paper,OFF-PA-10004451,20.0,30.0,5,4,392
3039,2023-02-19,Standard Class,Consumer,Furniture,Furnishings,FUR-FU-10004666,30.0,30.0,2,3,1488
3040,2023-01-12,Standard Class,Corporate,Furniture,Tables,FUR-TA-10001520,160.0,170.0,3,4,4984
3041,2022-09-28,Standard Class,Consumer,Furniture,Furnishings,FUR-FU-10004270,20.0,20.0,5,3,686
3042,2022-04-11,Same Day,Home Office,Office Supplies,Paper,OFF-PA-10003172,10.0,10.0,2,5,2361
3043,2023-06-22,Same Day,Home Office,Office Supplies,Envelopes,OFF-EN-10002312,20.0,20.0,2,4,3339
3044,2023-08-13,Same Day,Home Office,Furniture,Chairs,FUR-CH-10002320,1850.0,2050.0,8,2,4686
3045,2023-12-20,Second Class,Consumer,Technology,Phones,TEC-PH-10001530,900.0,1020.0,5,3,4672
3046,2023-01-24,Second Class,Home Office,Office Supplies,Art,OFF-AR-10001216,10.0,10.0,5,3,1953
3047,2023-12-14,Second Class,Home Office,Office Supplies,Paper,OFF-PA-10003127,20.0,30.0,1,3,1787
3048,2022-04-07,Standard Class,Consumer,Office Supplies,Binders,OFF-BI-10003910,30.0,40.0,7,4,4844
3049,2022-05-04,First Class,Home Office,Furniture,Tables,FUR-TA-10004534,380.0,410.0,2,3,984
3050,2022-08-03,First Class,Home Office,Technology,Accessories,TEC-AC-10000892,320.0,360.0,4,3,522
3051,2023-05-19,Standard Class,Home Office,Furniture,Furnishings,FUR-FU-10003247,30.0,40.0,2,2,4213
3052,2022-11-18,Standard Class,Home Office,Office Supplies,Appliances,OFF-AP-10004336,220.0,230.0,4,3,3656
3053,2023-04-04,Standard Class,Home Office,Office Supplies,Paper,OFF-PA-10001295,40.0,40.0,2,4,3446
3054,2023-01-25,Second Class,Home Office,Technology,Phones,TEC-PH-10002555,480.0,520.0,2,5,3078
3055,2023-09-18,Second Class,Home Office,Office Supplies,Binders,OFF-BI-10000831,10.0,10.0,2,3,1961
3056,2023-03-26,Standard Class,Corporate,Technology,Copiers,TEC-CO-10001046,2630.0,2800.0,5,5,4895
3057,2023-01-21,Second Class,Corporate,Office Supplies,Envelopes,OFF-EN-10002973,10.0,10.0,2,2,1296
3058,2022-12-02,Second Class,Corporate,Office Supplies,Labels,OFF-LA-10001641,30.0,30.0,10,5,1301
3059,2022-09-11,Second Class,Corporate,Furniture,Furnishings,FUR-FU-10003878,30.0,30.0,2,3,707
3060,2022-12-16,Second Class,Corporate,Furniture,Tables,FUR-TA-10003837,20.0,20.0,2,4,2935
3061,2022-07-09,Standard Class,Corporate,Technology,Accessories,TEC-AC-10002800,100.0,120.0,3,3,2797
3062,2022-02-22,Standard Class,Consumer,Office Supplies,Paper,OFF-PA-10001307,30.0,30.0,8,3,5064
3063,2023-10-01,First Class,Corporate,Technology,Phones,TEC-PH-10002350,70.0,80.0,3,3,1173
3064,2022-01-03,First Class,Corporate,Technology,Accessories,TEC-AC-10000397,100.0,100.0,3,2,1757
3065,2023-07-06,Second Class,Home Office,Office Supplies,Storage,OFF-ST-10000615,80.0,90.0,8,4,4189
3066,2022-10-13,Second Class,Home Office,Technology,Phones,TEC-PH-10004531,120.0,140.0,8,3,4907
3067,2023-09-30,Second Class,Home Office,Technology,Accessories,TEC-AC-10004001,180.0,210.0,5,2,1392
3068,2023-01-12,Second Class,Home Office,Office Supplies,Paper,OFF-PA-10001534,40.0,50.0,7,4,4936
3069,2022-04-15,Second Class,Home Office,Office Supplies,Paper,OFF-PA-10001815,250.0,290.0,6,4,4658
3070,2023-10-05,Same Day,Home Office,Office Supplies,Appliances,OFF-AP-10003779,550.0,660.0,4,2,4497
3071,2022-02-14,Standard Class,Corporate,Office Supplies,Storage,OFF-ST-10002011,2400.0,2930.0,7,3,836
3072,2022-01-09,Standard Class,Corporate,Furniture,Furnishings,FUR-FU-10002379,100.0,120.0,3,5,5005
3073,2022-08-11,Standard Class,Corporate,Office Supplies,Art,OFF-AR-10003752,50.0,60.0,5,2,4175
3074,2023-09-12,First Class,Consumer,Office Supplies,Storage,OFF-ST-10003692,100.0,110.0,2,5,1818
3075,2022-12-18,Standard Class,Consumer,Furniture,Bookcases,FUR-BO-10004409,100.0,120.0,2,2,2084
3076,2023-10-08,Standard Class,Home Office,Office Supplies,Storage,OFF-ST-10003306,290.0,340.0,3,4,69
3077,2023-12-16,Standard Class,Home Office,Furniture,Furnishings,FUR-FU-10003724,20.0,20.0,5,5,185
3078,2023-07-08,Standard Class,Home Office,Furniture,Chairs,FUR-CH-10002024,880.0,980.0,2,2,2325
3079,2023-06-14,Standard Class,Home Office,Office Supplies,Art,OFF-AR-10003514,30.0,30.0,8,2,2928
3080,2022-07-07,First Class,Home Office,Office Supplies,Paper,OFF-PA-10001800,10.0,10.0,2,5,4890
3081,2022-08-12,First Class,Home Office,Technology,Phones,TEC-PH-10003589,30.0,40.0,3,4,2524
3082,2022-01-17,Standard Class,Home Office,Office Supplies,Binders,OFF-BI-10003364,50.0,60.0,2,4,4393
3083,2023-09-24,Standard Class,Home Office,Technology,Phones,TEC-PH-10002834,460.0,540.0,3,3,2265
3084,2023-09-18,Standard Class,Consumer,Office Supplies,Binders,OFF-BI-10000343,10.0,10.0,1,3,532
3085,2022-02-18,Standard Class,Consumer,Office Supplies,Binders,OFF-BI-10004584,230.0,250.0,4,3,4557
3086,2023-11-02,Standard Class,Consumer,Technology,Accessories,TEC-AC-10002402,110.0,130.0,2,4,4180
3087,2022-12-25,Standard Class,Consumer,Furniture,Furnishings,FUR-FU-10000550,15.0,15.0,2,5,3622
3088,2022-11-09,Standard Class,Consumer,Office Supplies,Appliances,OFF-AP-10000055,10.0,10.0,2,2,349
3089,2022-09-30,Second Class,Home Office,Furniture,Furnishings,FUR-FU-10001591,50.0,60.0,5,5,3447
3090,2023-10-23,Second Class,Home Office,Technology,Phones,TEC-PH-10000526,590.0,670.0,7,4,1752
3091,2023-08-06,Standard Class,Consumer,Office Supplies,Binders,OFF-BI-10001071,390.0,450.0,7,3,4709
3092,2023-10-06,Standard Class,Consumer,Technology,Phones,TEC-PH-10001557,410.0,480.0,5,4,645
3093,2023-01-28,Standard Class,Consumer,Office Supplies,Paper,OFF-PA-10001977,140.0,170.0,3,4,4018
3094,2022-01-14,Same Day,Consumer,Office Supplies,Supplies,OFF-SU-10004231,20.0,30.0,4,3,2282
3095,2022-07-22,Same Day,Consumer,Office Supplies,Paper,OFF-PA-10000809,10.0,10.0,2,5,2247
3096,2022-04-08,Same Day,Consumer,Office Supplies,Fasteners,OFF-FA-10003021,10.0,10.0,8,3,1924
3097,2022-05-13,Same Day,Consumer,Office Supplies,Appliances,OFF-AP-10000696,10.0,10.0,2,5,2635
3098,2022-09-03,Standard Class,Corporate,Office Supplies,Labels,OFF-LA-10001158,30.0,30.0,4,2,3870
3099,2023-06-06,Standard Class,Corporate,Furniture,Bookcases,FUR-BO-10002268,200.0,220.0,4,4,2939
3100,2022-12-06,Standard Class,Consumer,Office Supplies,Binders,OFF-BI-10000829,10.0,10.0,3,3,3606
3101,2023-03-05,Standard Class,Consumer,Furniture,Bookcases,FUR-BO-10003441,210.0,240.0,3,4,251
3102,2023-03-07,Second Class,Corporate,Office Supplies,Supplies,OFF-SU-10003505,660.0,700.0,6,5,2600
3103,2022-06-30,Second Class,Corporate,Furniture,Bookcases,FUR-BO-10003660,210.0,220.0,1,2,2319
3104,2023-07-31,Standard Class,Home Office,Office Supplies,Binders,OFF-BI-10001267,10.0,10.0,7,3,2161
3105,2022-09-14,Standard Class,Consumer,Office Supplies,Paper,OFF-PA-10002741,30.0,30.0,6,3,4685
3106,2022-03-11,Standard Class,Corporate,Office Supplies,Labels,OFF-LA-10004345,20.0,20.0,4,3,2419
3107,2022-03-31,Standard Class,Home Office,Office Supplies,Storage,OFF-ST-10004340,240.0,300.0,6,5,3344
3108,2023-05-21,Standard Class,Consumer,Office Supplies,Paper,OFF-PA-10001471,20.0,20.0,3,2,1326
3109,2022-04-07,Standard Class,Consumer,Office Supplies,Storage,OFF-ST-10002344,220.0,240.0,3,5,5054
3110,2023-01-07,Standard Class,Consumer,Office Supplies,Paper,OFF-PA-10001892,10.0,10.0,1,2,2772
3111,2022-06-10,Standard Class,Consumer,Office Supplies,Paper,OFF-PA-10001934,40.0,50.0,8,5,571
3112,2023-10-11,Standard Class,Consumer,Office Supplies,Storage,OFF-ST-10000078,230.0,270.0,1,2,5037
3113,2023-09-24,Standard Class,Consumer,Technology,Machines,TEC-MA-10001972,690.0,840.0,3,5,3900
3114,2023-02-01,Standard Class,Consumer,Office Supplies,Envelopes,OFF-EN-10002504,110.0,140.0,5,5,3357
3115,2023-03-05,Standard Class,Consumer,Office Supplies,Paper,OFF-PA-10002160,30.0,30.0,6,2,3317
3116,2023-02-01,Standard Class,Consumer,Furniture,Chairs,FUR-CH-10001973,450.0,530.0,6,4,1650
3117,2023-12-31,Standard Class,Consumer,Office Supplies,Appliances,OFF-AP-10001492,30.0,40.0,5,5,2816
3118,2023-01-04,Standard Class,Consumer,Office Supplies,Supplies,OFF-SU-10002189,20.0,20.0,4,4,1083
3119,2022-06-19,First Class,Corporate,Furniture,Chairs,FUR-CH-10003312,990.0,1120.0,5,4,622
3120,2023-05-15,First Class,Corporate,Technology,Phones,TEC-PH-10002496,230.0,250.0,2,5,4588
3121,2022-02-05,First Class,Corporate,Furniture,Furnishings,FUR-FU-10003464,40.0,50.0,3,3,2491
3122,2023-07-07,First Class,Corporate,Office Supplies,Art,OFF-AR-10000380,50.0,60.0,2,2,2662
3123,2023-06-04,First Class,Corporate,Office Supplies,Binders,OFF-BI-10004593,70.0,80.0,5,2,2807
3124,2022-10-22,First Class,Corporate,Office Supplies,Binders,OFF-BI-10001308,10.0,10.0,2,4,734
3125,2023-12-30,First Class,Corporate,Office Supplies,Storage,OFF-ST-10001780,840.0,1040.0,2,2,4341
3126,2022-02-10,First Class,Corporate,Office Supplies,Storage,OFF-ST-10003816,460.0,560.0,4,4,523
3127,2022-08-26,Standard Class,Consumer,Technology,Phones,TEC-PH-10002200,230.0,260.0,2,5,3246
3128,2023-07-09,Standard Class,Consumer,Office Supplies,Paper,OFF-PA-10004438,50.0,50.0,4,2,1512
3129,2022-07-06,First Class,Home Office,Furniture,Furnishings,FUR-FU-10004090,30.0,40.0,2,4,2223
3130,2023-02-06,First Class,Home Office,Furniture,Chairs,FUR-CH-10002602,200.0,240.0,2,2,4902
3131,2023-07-21,First Class,Home Office,Technology,Accessories,TEC-AC-10001142,340.0,400.0,5,3,5036
3132,2022-04-15,First Class,Home Office,Technology,Phones,TEC-PH-10004977,560.0,630.0,4,5,1674
3133,2022-03-10,First Class,Corporate,Furniture,Furnishings,FUR-FU-10004586,10.0,10.0,2,3,3298
3134,2022-12-07,First Class,Corporate,Office Supplies,Binders,OFF-BI-10001116,10.0,10.0,3,3,3479
3135,2022-01-30,Standard Class,Home Office,Office Supplies,Binders,OFF-BI-10000666,30.0,30.0,5,2,3636
3136,2022-02-21,Standard Class,Home Office,Office Supplies,Storage,OFF-ST-10002583,70.0,80.0,3,5,4846
3137,2023-01-08,Standard Class,Home Office,Technology,Phones,TEC-PH-10004908,60.0,70.0,1,3,4538
3138,2023-10-17,Standard Class,Home Office,Office Supplies,Envelopes,OFF-EN-10001219,10.0,10.0,2,4,1850
3139,2022-08-07,Standard Class,Home Office,Technology,Accessories,TEC-AC-10004568,40.0,40.0,2,3,492
3140,2023-12-21,Standard Class,Home Office,Furniture,Furnishings,FUR-FU-10001756,20.0,20.0,3,5,323
3141,2022-10-16,First Class,Consumer,Office Supplies,Appliances,OFF-AP-10002311,190.0,210.0,3,5,3255
3142,2022-06-02,Same Day,Corporate,Office Supplies,Binders,OFF-BI-10003650,180.0,210.0,2,3,2426
3143,2022-06-06,Second Class,Consumer,Technology,Accessories,TEC-AC-10003628,100.0,120.0,5,3,4819
3144,2023-08-28,Second Class,Consumer,Office Supplies,Art,OFF-AR-10001547,10.0,10.0,6,3,4294
3145,2022-07-07,Standard Class,Corporate,Furniture,Chairs,FUR-CH-10002647,320.0,350.0,7,4,3082
3146,2022-03-08,Second Class,Corporate,Furniture,Chairs,FUR-CH-10004495,770.0,960.0,4,2,2731
3147,2022-10-19,Second Class,Corporate,Technology,Phones,TEC-PH-10002923,80.0,90.0,3,5,3268
3148,2022-05-16,Second Class,Corporate,Office Supplies,Art,OFF-AR-10001374,30.0,30.0,5,4,3283
3149,2023-04-07,First Class,Home Office,Office Supplies,Paper,OFF-PA-10003441,20.0,30.0,5,3,1473
3150,2023-08-19,Standard Class,Consumer,Office Supplies,Labels,OFF-LA-10002043,20.0,30.0,3,5,2293
3151,2022-02-28,First Class,Consumer,Technology,Accessories,TEC-AC-10002049,1730.0,2030.0,6,2,1782
3152,2023-01-12,First Class,Consumer,Technology,Machines,TEC-MA-10000418,1690.0,1800.0,2,3,3694
3153,2022-03-28,First Class,Consumer,Technology,Phones,TEC-PH-10004908,90.0,100.0,2,4,4196
3154,2022-11-04,First Class,Consumer,Furniture,Furnishings,FUR-FU-10004091,230.0,260.0,7,4,4976
3155,2022-07-28,Standard Class,Corporate,Office Supplies,Binders,OFF-BI-10004600,640.0,740.0,2,2,4766
3156,2022-11-16,Second Class,Home Office,Office Supplies,Paper,OFF-PA-10001289,80.0,90.0,3,4,1205
3157,2022-03-30,Standard Class,Corporate,Furniture,Tables,FUR-TA-10001539,220.0,280.0,2,2,4124
3158,2022-10-17,Standard Class,Corporate,Technology,Accessories,TEC-AC-10001266,30.0,30.0,2,3,778
3159,2023-06-23,First Class,Consumer,Office Supplies,Storage,OFF-ST-10001291,70.0,70.0,5,4,462
3160,2022-01-25,First Class,Consumer,Technology,Accessories,TEC-AC-10001314,100.0,120.0,3,4,4907
3161,2023-01-16,Second Class,Consumer,Office Supplies,Binders,OFF-BI-10004040,10.0,10.0,5,4,2789
3162,2023-01-21,Standard Class,Consumer,Office Supplies,Envelopes,OFF-EN-10001539,20.0,20.0,2,2,2823
3163,2022-02-26,Standard Class,Consumer,Office Supplies,Envelopes,OFF-EN-10004483,70.0,80.0,5,4,2537
3164,2022-04-24,Standard Class,Consumer,Office Supplies,Art,OFF-AR-10001615,50.0,60.0,3,2,1528
3165,2023-03-12,Standard Class,Consumer,Office Supplies,Paper,OFF-PA-10000327,40.0,40.0,9,2,4076
3166,2022-12-25,Standard Class,Consumer,Technology,Phones,TEC-PH-10001299,210.0,240.0,2,3,464
3167,2022-12-27,Standard Class,Consumer,Office Supplies,Paper,OFF-PA-10002246,20.0,20.0,3,5,2
3168,2022-10-12,First Class,Consumer,Furniture,Furnishings,FUR-FU-10002671,70.0,70.0,5,2,4827
3169,2022-09-08,Standard Class,Corporate,Furniture,Chairs,FUR-CH-10003833,370.0,390.0,8,2,4958
3170,2022-11-09,Standard Class,Corporate,Office Supplies,Paper,OFF-PA-10001667,50.0,60.0,13,4,4029
3171,2023-02-15,Second Class,Consumer,Office Supplies,Binders,OFF-BI-10002003,20.0,20.0,6,4,474
3172,2022-06-05,Standard Class,Consumer,Office Supplies,Binders,OFF-BI-10004465,10.0,10.0,2,3,3486
3173,2023-03-18,Standard Class,Consumer,Furniture,Chairs,FUR-CH-10000665,450.0,530.0,5,3,51
3174,2022-07-15,Standard Class,Consumer,Office Supplies,Art,OFF-AR-10004956,10.0,10.0,3,3,824
3175,2023-12-15,Standard Class,Consumer,Office Supplies,Art,OFF-AR-10004260,160.0,180.0,7,5,4684
3176,2023-05-25,Standard Class,Consumer,Furniture,Bookcases,FUR-BO-10001811,160.0,180.0,2,4,1996
3177,2022-09-23,Standard Class,Consumer,Technology,Accessories,TEC-AC-10003280,40.0,50.0,2,4,1215
3178,2022-09-28,Same Day,Consumer,Office Supplies,Paper,OFF-PA-10004911,20.0,20.0,2,2,2021
3179,2023-03-09,Standard Class,Corporate,Furniture,Furnishings,FUR-FU-10001487,20.0,20.0,3,4,3747
3180,2022-01-23,Standard Class,Corporate,Furniture,Furnishings,FUR-FU-10000521,50.0,60.0,2,5,3249
3181,2023-02-19,Standard Class,Corporate,Office Supplies,Appliances,OFF-AP-10001271,220.0,250.0,5,5,3470
3182,2023-03-01,Second Class,Corporate,Office Supplies,Binders,OFF-BI-10004728,10.0,10.0,2,2,1455
3183,2023-03-12,Second Class,Corporate,Technology,Accessories,TEC-AC-10004666,660.0,830.0,3,2,2628
3184,2023-12-01,Second Class,Corporate,Office Supplies,Storage,OFF-ST-10003208,1500.0,1630.0,9,2,3241
3185,2022-05-08,Second Class,Corporate,Office Supplies,Storage,OFF-ST-10003208,500.0,540.0,3,2,1941
3186,2023-04-18,First Class,Corporate,Office Supplies,Binders,OFF-BI-10000632,20.0,30.0,3,5,3507
3187,2022-11-25,First Class,Corporate,Office Supplies,Envelopes,OFF-EN-10004773,70.0,70.0,3,4,1015
3188,2023-01-15,Standard Class,Corporate,Technology,Phones,TEC-PH-10004700,60.0,70.0,7,5,2704
3189,2022-07-16,Second Class,Corporate,Office Supplies,Labels,OFF-LA-10003714,10.0,10.0,1,4,1644
3190,2023-12-23,Second Class,Corporate,Office Supplies,Binders,OFF-BI-10001787,20.0,20.0,4,5,4300
3191,2023-11-23,Standard Class,Home Office,Office Supplies,Storage,OFF-ST-10002957,10.0,10.0,3,4,1984
3192,2022-10-14,Standard Class,Corporate,Technology,Phones,TEC-PH-10002115,70.0,70.0,1,3,2683
3193,2023-01-22,Standard Class,Corporate,Office Supplies,Binders,OFF-BI-10002557,10.0,10.0,7,5,3522
3194,2023-08-15,First Class,Consumer,Office Supplies,Binders,OFF-BI-10002949,10.0,10.0,3,5,1322
3195,2023-11-15,First Class,Consumer,Office Supplies,Paper,OFF-PA-10004100,30.0,30.0,6,3,546
3196,2022-11-04,Standard Class,Home Office,Office Supplies,Fasteners,OFF-FA-10001883,20.0,20.0,3,3,1303
3197,2022-03-26,Standard Class,Corporate,Technology,Phones,TEC-PH-10000702,30.0,30.0,3,4,2432
3198,2022-11-22,Same Day,Consumer,Office Supplies,Binders,OFF-BI-10003196,10.0,10.0,3,4,4259
3199,2023-02-03,Standard Class,Consumer,Technology,Phones,TEC-PH-10001644,100.0,100.0,4,4,4748
3200,2022-03-26,Standard Class,Corporate,Office Supplies,Art,OFF-AR-10003183,20.0,20.0,7,3,3799
3201,2022-02-24,Second Class,Consumer,Furniture,Furnishings,FUR-FU-10000308,120.0,150.0,3,2,4157
3202,2023-10-05,Second Class,Consumer,Office Supplies,Paper,OFF-PA-10001526,20.0,20.0,4,2,301
3203,2023-11-02,Standard Class,Consumer,Technology,Phones,TEC-PH-10002103,510.0,600.0,8,2,4422
3204,2022-08-24,Standard Class,Consumer,Technology,Accessories,TEC-AC-10004209,10.0,10.0,1,4,4665
3205,2023-08-05,Standard Class,Consumer,Furniture,Furnishings,FUR-FU-10000397,40.0,40.0,2,3,3495
3206,2023-07-05,Standard Class,Consumer,Office Supplies,Paper,OFF-PA-10002137,50.0,60.0,8,2,5000
3207,2023-09-08,Standard Class,Consumer,Furniture,Furnishings,FUR-FU-10001867,40.0,50.0,5,2,5095
3208,2023-05-08,Standard Class,Consumer,Office Supplies,Labels,OFF-LA-10000407,40.0,40.0,8,2,3731
3209,2023-11-07,Standard Class,Corporate,Technology,Accessories,TEC-AC-10000420,330.0,350.0,5,4,2895
3210,2022-01-28,Standard Class,Corporate,Technology,Phones,TEC-PH-10002726,350.0,380.0,9,2,2078
3211,2022-10-12,Standard Class,Corporate,Office Supplies,Envelopes,OFF-EN-10001415,10.0,10.0,3,2,3282
3212,2022-11-03,Standard Class,Corporate,Office Supplies,Binders,OFF-BI-10000773,10.0,10.0,7,3,1483
3213,2023-04-14,Standard Class,Consumer,Office Supplies,Appliances,OFF-AP-10002350,190.0,210.0,11,2,2354
3214,2023-02-14,Standard Class,Corporate,Office Supplies,Art,OFF-AR-10001919,10.0,10.0,1,4,4751
3215,2022-02-26,Standard Class,Corporate,Office Supplies,Appliances,OFF-AP-10002082,30.0,30.0,2,2,4975
3216,2023-01-09,First Class,Consumer,Office Supplies,Labels,OFF-LA-10002762,70.0,80.0,6,3,1368
3217,2023-01-18,Standard Class,Consumer,Technology,Accessories,TEC-AC-10002800,120.0,150.0,3,4,1603
3218,2023-12-04,Standard Class,Corporate,Office Supplies,Binders,OFF-BI-10003925,860.0,930.0,3,5,4462
3219,2023-09-12,Standard Class,Corporate,Technology,Phones,TEC-PH-10002200,340.0,430.0,2,3,3637
3220,2023-02-16,Standard Class,Corporate,Office Supplies,Paper,OFF-PA-10001295,80.0,90.0,5,3,2379
3221,2022-07-20,Standard Class,Corporate,Office Supplies,Envelopes,OFF-EN-10002500,40.0,50.0,4,5,3338
3222,2022-04-12,Standard Class,Corporate,Technology,Accessories,TEC-AC-10000892,70.0,90.0,1,2,5060
3223,2023-08-23,First Class,Corporate,Office Supplies,Paper,OFF-PA-10001838,10.0,10.0,2,3,2351
3224,2023-02-10,First Class,Corporate,Office Supplies,Fasteners,OFF-FA-10000735,10.0,10.0,2,3,3759
3225,2022-03-18,First Class,Corporate,Technology,Phones,TEC-PH-10001760,270.0,320.0,2,5,547
3226,2023-10-22,First Class,Corporate,Office Supplies,Envelopes,OFF-EN-10004846,10.0,10.0,6,5,3467
3227,2022-02-07,First Class,Corporate,Office Supplies,Supplies,OFF-SU-10003567,20.0,20.0,2,4,3784
3228,2022-10-01,First Class,Corporate,Technology,Phones,TEC-PH-10001557,220.0,230.0,3,3,3122
3229,2022-12-15,First Class,Corporate,Technology,Accessories,TEC-AC-10003038,10.0,10.0,1,3,1500
3230,2023-04-24,Standard Class,Consumer,Office Supplies,Storage,OFF-ST-10004459,330.0,380.0,1,4,1630
3231,2023-07-14,Second Class,Consumer,Furniture,Furnishings,FUR-FU-10004960,100.0,110.0,5,2,2875
3232,2023-07-17,Standard Class,Consumer,Office Supplies,Binders,OFF-BI-10000632,30.0,30.0,3,2,2258
3233,2023-08-21,Standard Class,Consumer,Office Supplies,Binders,OFF-BI-10001107,25.0,25.0,1,2,2194
3234,2022-09-15,Standard Class,Consumer,Office Supplies,Storage,OFF-ST-10002301,30.0,30.0,2,2,1405
3235,2023-10-26,First Class,Consumer,Office Supplies,Binders,OFF-BI-10003355,10.0,10.0,1,5,2874
3236,2023-06-08,Same Day,Consumer,Furniture,Tables,FUR-TA-10002903,160.0,180.0,1,2,4603
3237,2022-10-27,Same Day,Consumer,Office Supplies,Storage,OFF-ST-10001580,40.0,40.0,3,3,4414
3238,2023-02-14,Same Day,Consumer,Office Supplies,Binders,OFF-BI-10000315,40.0,50.0,3,2,1433
3239,2022-08-26,Standard Class,Corporate,Furniture,Chairs,FUR-CH-10003774,280.0,320.0,5,5,3189
3240,2022-05-09,Standard Class,Corporate,Technology,Phones,TEC-PH-10003095,100.0,120.0,7,5,1235
3241,2022-06-10,Standard Class,Corporate,Furniture,Furnishings,FUR-FU-10000023,10.0,10.0,3,5,2416
3242,2022-09-29,First Class,Corporate,Office Supplies,Storage,OFF-ST-10002214,50.0,60.0,5,2,776
3243,2022-12-16,Second Class,Consumer,Office Supplies,Binders,OFF-BI-10002799,10.0,10.0,13,4,1306
3244,2022-08-15,Standard Class,Consumer,Technology,Phones,TEC-PH-10004912,190.0,220.0,5,4,743
3245,2022-01-06,Standard Class,Consumer,Furniture,Chairs,FUR-CH-10002602,270.0,320.0,3,5,2316
3246,2022-10-13,Second Class,Corporate,Technology,Accessories,TEC-AC-10004510,40.0,50.0,3,2,1341
3247,2023-11-15,Second Class,Corporate,Office Supplies,Storage,OFF-ST-10000060,270.0,320.0,5,4,405
3248,2023-12-20,Second Class,Corporate,Office Supplies,Art,OFF-AR-10000799,20.0,20.0,3,3,3690
3249,2023-11-10,Standard Class,Home Office,Furniture,Chairs,FUR-CH-10004875,100.0,110.0,2,4,1719
3250,2022-06-16,Standard Class,Home Office,Technology,Phones,TEC-PH-10002085,100.0,110.0,2,2,368
3251,2022-04-06,Standard Class,Corporate,Office Supplies,Fasteners,OFF-FA-10000992,20.0,20.0,7,2,2953
3252,2022-09-06,First Class,Consumer,Furniture,Furnishings,FUR-FU-10001473,50.0,60.0,3,5,3645
3253,2023-04-07,Second Class,Home Office,Office Supplies,Art,OFF-AR-10003045,10.0,10.0,3,4,232
3254,2023-12-07,Second Class,Home Office,Technology,Phones,TEC-PH-10001536,30.0,30.0,2,2,3354
3255,2023-01-22,Standard Class,Consumer,Technology,Phones,TEC-PH-10001580,90.0,110.0,1,3,5095
3256,2022-07-10,Standard Class,Consumer,Office Supplies,Binders,OFF-BI-10004209,20.0,20.0,3,5,4512
3257,2023-04-21,Standard Class,Corporate,Office Supplies,Labels,OFF-LA-10001613,10.0,10.0,2,3,2090
3258,2022-02-20,Second Class,Corporate,Furniture,Tables,FUR-TA-10001676,60.0,80.0,3,5,710
3259,2022-11-23,Second Class,Corporate,Office Supplies,Binders,OFF-BI-10003712,10.0,10.0,2,2,3484
3260,2022-10-12,Standard Class,Home Office,Office Supplies,Binders,OFF-BI-10000285,10.0,10.0,2,2,2238
3261,2023-11-24,First Class,Corporate,Office Supplies,Paper,OFF-PA-10004609,20.0,20.0,4,5,4464
3262,2023-12-01,First Class,Corporate,Technology,Accessories,TEC-AC-10001314,80.0,100.0,2,4,205
3263,2022-01-16,First Class,Corporate,Office Supplies,Paper,OFF-PA-10003395,590.0,730.0,7,5,1154
3264,2022-01-08,First Class,Corporate,Office Supplies,Appliances,OFF-AP-10001242,190.0,240.0,3,2,4103
3265,2023-03-15,Second Class,Corporate,Office Supplies,Labels,OFF-LA-10001641,10.0,10.0,4,4,2930
3266,2023-07-14,Standard Class,Consumer,Office Supplies,Storage,OFF-ST-10003816,230.0,280.0,2,4,2800
3267,2023-11-10,Standard Class,Consumer,Office Supplies,Envelopes,OFF-EN-10002230,190.0,200.0,3,4,1614
3268,2023-09-06,Standard Class,Consumer,Technology,Phones,TEC-PH-10002660,120.0,140.0,2,2,1980
3269,2022-12-15,Standard Class,Consumer,Technology,Phones,TEC-PH-10003171,40.0,40.0,1,2,4603
3270,2022-08-13,Standard Class,Corporate,Technology,Accessories,TEC-AC-10003709,10.0,10.0,3,2,688
3271,2022-01-23,Standard Class,Corporate,Office Supplies,Fasteners,OFF-FA-10000304,10.0,10.0,3,5,4299
3272,2022-01-05,Second Class,Corporate,Technology,Accessories,TEC-AC-10003709,10.0,10.0,8,2,3333
3273,2022-07-14,Standard Class,Consumer,Furniture,Chairs,FUR-CH-10002774,180.0,200.0,5,2,3255
3274,2023-11-13,Standard Class,Home Office,Technology,Copiers,TEC-CO-10001046,2760.0,3360.0,6,4,808
3275,2023-08-24,Standard Class,Corporate,Office Supplies,Fasteners,OFF-FA-10003495,20.0,20.0,3,5,614
3276,2023-12-30,Standard Class,Corporate,Office Supplies,Art,OFF-AR-10004685,30.0,30.0,6,3,3402
3277,2022-11-05,Second Class,Corporate,Office Supplies,Art,OFF-AR-10004757,20.0,20.0,7,2,603
3278,2023-10-03,Second Class,Corporate,Technology,Phones,TEC-PH-10001615,30.0,30.0,1,4,2632
3279,2023-11-06,Second Class,Corporate,Office Supplies,Paper,OFF-PA-10003349,10.0,10.0,2,5,1250
3280,2023-11-07,Second Class,Corporate,Office Supplies,Art,OFF-AR-10000127,20.0,20.0,7,3,1811
3281,2023-02-21,Second Class,Corporate,Office Supplies,Supplies,OFF-SU-10002881,3790.0,4160.0,5,5,3740
3282,2023-03-06,Standard Class,Consumer,Technology,Accessories,TEC-AC-10001109,50.0,50.0,2,4,1914
3283,2022-03-25,Standard Class,Consumer,Office Supplies,Paper,OFF-PA-10000682,25.0,25.0,1,5,4230
3284,2022-09-28,Standard Class,Corporate,Furniture,Furnishings,FUR-FU-10000221,20.0,20.0,3,4,3228
3285,2023-07-21,Standard Class,Consumer,Office Supplies,Binders,OFF-BI-10002429,50.0,60.0,7,3,4554
3286,2023-10-11,Standard Class,Home Office,Office Supplies,Art,OFF-AR-10002375,10.0,10.0,2,3,4335
3287,2023-07-29,Standard Class,Home Office,Office Supplies,Appliances,OFF-AP-10000595,10.0,10.0,3,3,2577
3288,2022-05-28,First Class,Consumer,Technology,Phones,TEC-PH-10001530,440.0,490.0,3,2,354
3289,2023-12-24,First Class,Consumer,Office Supplies,Binders,OFF-BI-10000050,30.0,30.0,5,2,1983
3290,2022-01-26,First Class,Consumer,Technology,Accessories,TEC-AC-10001552,210.0,250.0,5,3,5001
3291,2022-05-01,First Class,Consumer,Technology,Accessories,TEC-AC-10003399,40.0,40.0,1,3,3527
3292,2022-03-16,Standard Class,Consumer,Office Supplies,Art,OFF-AR-10004078,10.0,10.0,2,5,476
3293,2023-05-01,Standard Class,Consumer,Office Supplies,Supplies,OFF-SU-10002189,10.0,10.0,3,5,854
3294,2023-03-19,Standard Class,Consumer,Furniture,Furnishings,FUR-FU-10001852,10.0,10.0,2,5,3860
3295,2022-01-05,First Class,Consumer,Office Supplies,Binders,OFF-BI-10003638,30.0,30.0,8,2,4920
3296,2023-02-08,First Class,Home Office,Technology,Machines,TEC-MA-10002428,1620.0,1700.0,11,3,3547
3297,2023-03-27,Standard Class,Consumer,Office Supplies,Binders,OFF-BI-10001036,20.0,20.0,7,5,1214
3298,2022-06-23,Standard Class,Consumer,Office Supplies,Appliances,OFF-AP-10004708,110.0,120.0,4,4,745
3299,2022-11-23,Same Day,Corporate,Technology,Machines,TEC-MA-10000488,1540.0,1920.0,3,4,473
3300,2023-08-11,Standard Class,Consumer,Office Supplies,Binders,OFF-BI-10003656,40.0,50.0,1,3,213
3301,2023-01-26,Standard Class,Consumer,Office Supplies,Storage,OFF-ST-10003656,70.0,80.0,1,5,2852
3302,2022-03-15,Standard Class,Consumer,Technology,Phones,TEC-PH-10001128,500.0,540.0,6,4,2236
3303,2023-12-06,Standard Class,Consumer,Furniture,Furnishings,FUR-FU-10001473,50.0,60.0,3,3,3682
3304,2022-11-29,Standard Class,Consumer,Office Supplies,Binders,OFF-BI-10004656,10.0,10.0,3,5,316
3305,2023-02-02,Second Class,Corporate,Office Supplies,Envelopes,OFF-EN-10004955,10.0,10.0,3,2,1699
3306,2023-03-12,Second Class,Corporate,Technology,Phones,TEC-PH-10002468,210.0,220.0,2,4,1700
3307,2022-09-22,Second Class,Corporate,Technology,Phones,TEC-PH-10000576,280.0,330.0,3,3,4131
3308,2022-01-31,Second Class,Corporate,Office Supplies,Binders,OFF-BI-10002160,10.0,10.0,3,4,2002
3309,2023-10-21,Second Class,Corporate,Technology,Accessories,TEC-AC-10003628,50.0,50.0,2,3,173
3310,2023-09-01,Standard Class,Corporate,Office Supplies,Binders,OFF-BI-10001116,30.0,30.0,6,2,4892
3311,2023-02-01,Standard Class,Consumer,Office Supplies,Binders,OFF-BI-10002026,220.0,230.0,5,3,4352
3312,2022-02-21,Second Class,Corporate,Furniture,Furnishings,FUR-FU-10003691,80.0,90.0,7,4,3820
3313,2022-05-17,Standard Class,Consumer,Furniture,Chairs,FUR-CH-10002602,530.0,600.0,5,3,3218
3314,2023-09-27,Standard Class,Consumer,Office Supplies,Paper,OFF-PA-10000675,70.0,80.0,2,2,1715
3315,2022-08-24,Standard Class,Consumer,Furniture,Chairs,FUR-CH-10002602,240.0,270.0,2,5,4062
3316,2022-12-30,Standard Class,Consumer,Office Supplies,Binders,OFF-BI-10001900,10.0,10.0,3,5,3872
3317,2023-08-27,Second Class,Corporate,Furniture,Furnishings,FUR-FU-10001468,280.0,340.0,5,3,1349
3318,2023-07-28,Standard Class,Consumer,Office Supplies,Art,OFF-AR-10004648,140.0,180.0,9,2,4146
3319,2022-07-05,Standard Class,Consumer,Office Supplies,Labels,OFF-LA-10003190,10.0,10.0,3,3,581
3320,2023-01-22,Standard Class,Consumer,Office Supplies,Appliances,OFF-AP-10004868,40.0,40.0,7,2,4375
3321,2022-03-27,Standard Class,Consumer,Furniture,Chairs,FUR-CH-10004287,600.0,660.0,3,4,3743
3322,2022-03-07,Standard Class,Consumer,Office Supplies,Paper,OFF-PA-10002689,30.0,30.0,5,5,199
3323,2023-08-10,Standard Class,Home Office,Office Supplies,Appliances,OFF-AP-10002892,60.0,70.0,3,2,1689
3324,2022-02-02,Standard Class,Home Office,Furniture,Furnishings,FUR-FU-10002253,110.0,130.0,3,2,1927
3325,2023-04-04,Standard Class,Consumer,Office Supplies,Binders,OFF-BI-10001359,790.0,900.0,5,5,378
3326,2022-04-12,Standard Class,Consumer,Office Supplies,Binders,OFF-BI-10001267,10.0,10.0,1,4,2944
3327,2023-05-02,Standard Class,Consumer,Office Supplies,Art,OFF-AR-10003582,60.0,70.0,3,4,2009
3328,2023-09-17,Standard Class,Consumer,Office Supplies,Paper,OFF-PA-10003724,20.0,20.0,5,3,2551
3329,2023-12-11,Standard Class,Consumer,Office Supplies,Paper,OFF-PA-10001033,240.0,260.0,8,4,3356
3330,2022-01-19,Standard Class,Consumer,Technology,Phones,TEC-PH-10003505,130.0,150.0,2,2,4394
3331,2022-12-20,Standard Class,Consumer,Technology,Phones,TEC-PH-10004959,210.0,240.0,3,3,3891
3332,2023-11-24,Standard Class,Home Office,Technology,Accessories,TEC-AC-10000474,210.0,230.0,3,3,4134
3333,2022-04-16,Standard Class,Home Office,Technology,Phones,TEC-PH-10003095,40.0,50.0,3,4,2253
3334,2023-06-28,Standard Class,Home Office,Furniture,Furnishings,FUR-FU-10002963,20.0,20.0,1,3,1982
3335,2023-07-11,First Class,Consumer,Office Supplies,Art,OFF-AR-10000203,20.0,20.0,4,5,4534
3336,2023-06-26,First Class,Consumer,Technology,Phones,TEC-PH-10004667,370.0,430.0,4,4,2849
3337,2022-01-30,First Class,Consumer,Furniture,Furnishings,FUR-FU-10000193,110.0,130.0,4,2,3789
3338,2022-12-03,First Class,Consumer,Furniture,Tables,FUR-TA-10001539,490.0,570.0,3,4,1100
3339,2023-11-13,First Class,Consumer,Office Supplies,Binders,OFF-BI-10000962,100.0,120.0,9,5,3075
3340,2023-06-13,First Class,Consumer,Office Supplies,Appliances,OFF-AP-10002867,180.0,200.0,3,2,4217
3341,2023-12-16,First Class,Consumer,Office Supplies,Labels,OFF-LA-10001158,40.0,50.0,5,5,4364
3342,2023-03-03,Second Class,Consumer,Office Supplies,Paper,OFF-PA-10000675,110.0,120.0,3,3,3646
3343,2022-08-01,Second Class,Consumer,Furniture,Tables,FUR-TA-10001307,200.0,240.0,1,3,1054
3344,2023-01-02,Second Class,Consumer,Technology,Phones,TEC-PH-10000011,50.0,60.0,3,5,2946
3345,2022-03-19,Second Class,Consumer,Office Supplies,Paper,OFF-PA-10002666,70.0,80.0,9,5,2284
3346,2023-07-31,Second Class,Consumer,Office Supplies,Fasteners,OFF-FA-10000735,10.0,10.0,4,3,243
3347,2023-08-06,Second Class,Consumer,Office Supplies,Binders,OFF-BI-10000174,20.0,30.0,5,2,3406
3348,2022-02-03,Standard Class,Corporate,Office Supplies,Art,OFF-AR-10003156,40.0,50.0,5,2,1061
3349,2022-10-06,First Class,Corporate,Office Supplies,Binders,OFF-BI-10000474,20.0,20.0,5,5,1612
3350,2023-01-31,Standard Class,Consumer,Office Supplies,Binders,OFF-BI-10003712,20.0,20.0,4,2,3216
3351,2023-02-28,Standard Class,Consumer,Technology,Accessories,TEC-AC-10003280,80.0,90.0,3,4,3547
3352,2022-11-06,Standard Class,Corporate,Furniture,Bookcases,FUR-BO-10002916,380.0,440.0,3,3,4747
3353,2023-11-11,Standard Class,Corporate,Technology,Phones,TEC-PH-10002726,70.0,80.0,2,2,329
3354,2023-04-15,Standard Class,Corporate,Technology,Phones,TEC-PH-10000895,320.0,360.0,2,4,3623
3355,2022-08-21,Standard Class,Corporate,Furniture,Tables,FUR-TA-10004152,60.0,70.0,1,4,4040
3356,2023-07-28,Standard Class,Corporate,Office Supplies,Binders,OFF-BI-10003694,20.0,20.0,2,3,3454
3357,2022-02-14,Standard Class,Corporate,Office Supplies,Binders,OFF-BI-10002160,10.0,10.0,1,3,2800
3358,2022-05-30,Standard Class,Home Office,Office Supplies,Paper,OFF-PA-10001685,70.0,70.0,9,2,1967
3359,2023-10-16,Standard Class,Consumer,Office Supplies,Binders,OFF-BI-10000773,10.0,10.0,2,4,553
3360,2023-12-02,Standard Class,Consumer,Technology,Accessories,TEC-AC-10004510,30.0,30.0,2,5,2409
3361,2022-07-03,Second Class,Home Office,Office Supplies,Paper,OFF-PA-10004569,20.0,30.0,4,3,3174
3362,2022-04-30,Second Class,Home Office,Furniture,Furnishings,FUR-FU-10000672,40.0,40.0,3,5,2013
3363,2023-04-13,Standard Class,Home Office,Office Supplies,Paper,OFF-PA-10004451,20.0,20.0,3,4,2033
3364,2023-10-09,Standard Class,Home Office,Office Supplies,Binders,OFF-BI-10004738,40.0,40.0,2,2,4559
3365,2022-10-18,Second Class,Corporate,Furniture,Furnishings,FUR-FU-10001940,10.0,10.0,3,3,1924
3366,2023-04-18,First Class,Consumer,Furniture,Bookcases,FUR-BO-10003966,230.0,290.0,2,4,2629
3367,2023-10-09,Standard Class,Corporate,Office Supplies,Paper,OFF-PA-10003072,10.0,10.0,2,3,1355
3368,2022-03-01,Standard Class,Corporate,Office Supplies,Paper,OFF-PA-10002245,10.0,10.0,3,4,2563
3369,2023-11-10,Standard Class,Consumer,Furniture,Bookcases,FUR-BO-10002598,110.0,140.0,2,4,1470
3370,2022-01-03,Standard Class,Consumer,Office Supplies,Binders,OFF-BI-10002225,60.0,70.0,4,3,2771
3371,2023-12-13,Same Day,Consumer,Technology,Accessories,TEC-AC-10003832,1070.0,1290.0,5,4,3558
3372,2022-02-27,Standard Class,Consumer,Office Supplies,Binders,OFF-BI-10000822,20.0,30.0,6,4,1787
3373,2023-08-26,Standard Class,Consumer,Office Supplies,Appliances,OFF-AP-10001242,130.0,160.0,2,4,2663
3374,2023-10-26,Standard Class,Consumer,Furniture,Furnishings,FUR-FU-10002445,20.0,30.0,3,5,4990
3375,2022-10-21,Standard Class,Consumer,Furniture,Chairs,FUR-CH-10002372,290.0,360.0,5,2,3479
3376,2023-09-05,Standard Class,Consumer,Technology,Phones,TEC-PH-10000376,40.0,40.0,4,5,5094
3377,2022-06-29,Standard Class,Consumer,Furniture,Chairs,FUR-CH-10002965,290.0,360.0,2,5,3644
3378,2022-12-05,First Class,Corporate,Office Supplies,Storage,OFF-ST-10004950,90.0,110.0,9,2,340
3379,2023-08-08,Standard Class,Home Office,Office Supplies,Binders,OFF-BI-10003166,10.0,10.0,6,3,4807
3380,2023-10-17,Standard Class,Home Office,Office Supplies,Paper,OFF-PA-10004610,10.0,10.0,3,5,1664
3381,2022-02-28,First Class,Consumer,Furniture,Furnishings,FUR-FU-10000320,20.0,20.0,9,3,2993
3382,2023-12-25,First Class,Corporate,Office Supplies,Envelopes,OFF-EN-10004030,10.0,10.0,1,5,935
3383,2022-05-21,Second Class,Consumer,Office Supplies,Envelopes,OFF-EN-10004147,20.0,20.0,3,4,4338
3384,2022-04-09,Second Class,Consumer,Furniture,Chairs,FUR-CH-10003535,350.0,380.0,7,4,1937
3385,2023-12-12,Second Class,Consumer,Technology,Phones,TEC-PH-10004586,1530.0,1800.0,5,2,560
3386,2023-05-30,Standard Class,Home Office,Office Supplies,Storage,OFF-ST-10003208,520.0,580.0,4,3,1999
3387,2023-06-05,Standard Class,Home Office,Office Supplies,Fasteners,OFF-FA-10003112,20.0,20.0,3,4,2569
3388,2022-02-13,Standard Class,Home Office,Technology,Phones,TEC-PH-10004447,180.0,220.0,2,3,1940
3389,2023-10-06,Standard Class,Home Office,Office Supplies,Binders,OFF-BI-10002854,40.0,50.0,6,2,919
3390,2022-11-30,Standard Class,Home Office,Furniture,Tables,FUR-TA-10001039,140.0,150.0,3,5,4105
3391,2022-01-24,Second Class,Consumer,Office Supplies,Paper,OFF-PA-10004239,10.0,10.0,2,2,3397
3392,2023-06-21,Standard Class,Home Office,Technology,Phones,TEC-PH-10001530,900.0,1090.0,4,5,2383
3393,2023-07-05,Standard Class,Home Office,Technology,Phones,TEC-PH-10000038,200.0,220.0,2,3,1761
3394,2023-04-20,First Class,Consumer,Office Supplies,Binders,OFF-BI-10001765,10.0,10.0,1,5,4865
3395,2022-08-24,Same Day,Consumer,Office Supplies,Paper,OFF-PA-10000380,40.0,40.0,6,4,554
3396,2022-11-20,Standard Class,Home Office,Office Supplies,Storage,OFF-ST-10001128,390.0,440.0,4,2,349
3397,2023-01-21,Standard Class,Home Office,Office Supplies,Binders,OFF-BI-10003656,150.0,170.0,1,5,1005
3398,2023-09-14,Standard Class,Home Office,Office Supplies,Paper,OFF-PA-10003441,20.0,30.0,4,3,4400
3399,2022-11-29,Standard Class,Corporate,Technology,Phones,TEC-PH-10002923,30.0,40.0,1,5,4700
3400,2022-01-24,Standard Class,Corporate,Office Supplies,Paper,OFF-PA-10004359,560.0,630.0,6,2,2802
3401,2022-06-05,Standard Class,Corporate,Office Supplies,Storage,OFF-ST-10001511,180.0,190.0,3,2,1495
3402,2023-03-30,Standard Class,Corporate,Office Supplies,Art,OFF-AR-10002833,10.0,10.0,3,3,82
3403,2023-04-17,First Class,Corporate,Furniture,Furnishings,FUR-FU-10001940,20.0,20.0,7,5,501
3404,2023-05-28,Standard Class,Consumer,Furniture,Furnishings,FUR-FU-10003919,70.0,70.0,4,2,4485
3405,2023-11-04,Same Day,Consumer,Office Supplies,Storage,OFF-ST-10003479,70.0,80.0,2,4,1942
3406,2022-10-25,Standard Class,Home Office,Furniture,Chairs,FUR-CH-10002965,230.0,280.0,2,4,2220
3407,2022-11-06,Standard Class,Home Office,Furniture,Chairs,FUR-CH-10002965,250.0,280.0,2,2,1940
3408,2022-02-25,Standard Class,Home Office,Office Supplies,Binders,OFF-BI-10000145,10.0,10.0,8,3,2612
3409,2023-02-08,Standard Class,Home Office,Furniture,Furnishings,FUR-FU-10002191,20.0,20.0,4,5,3779
3410,2023-09-28,Standard Class,Consumer,Office Supplies,Paper,OFF-PA-10004451,10.0,10.0,2,3,2761
3411,2022-08-03,Standard Class,Corporate,Office Supplies,Paper,OFF-PA-10001471,60.0,70.0,9,4,3874
3412,2022-10-20,Standard Class,Corporate,Office Supplies,Binders,OFF-BI-10003656,250.0,270.0,2,5,3761
3413,2022-02-08,Standard Class,Corporate,Office Supplies,Art,OFF-AR-10000940,10.0,10.0,4,2,1258
3414,2023-05-09,Standard Class,Corporate,Office Supplies,Paper,OFF-PA-10002319,80.0,80.0,2,4,4743
3415,2022-04-28,Standard Class,Corporate,Office Supplies,Binders,OFF-BI-10000977,50.0,50.0,2,2,2527
3416,2022-10-31,Same Day,Consumer,Office Supplies,Fasteners,OFF-FA-10002676,10.0,10.0,1,3,4348
3417,2023-10-01,Same Day,Consumer,Office Supplies,Binders,OFF-BI-10004970,10.0,10.0,2,4,3511
3418,2023-04-05,Standard Class,Home Office,Office Supplies,Appliances,OFF-AP-10003971,40.0,40.0,5,3,5041
3419,2023-01-15,Standard Class,Home Office,Office Supplies,Supplies,OFF-SU-10001574,10.0,10.0,2,4,3406
3420,2022-11-13,Standard Class,Home Office,Furniture,Chairs,FUR-CH-10000665,250.0,270.0,2,3,1411
3421,2023-07-21,Standard Class,Consumer,Office Supplies,Appliances,OFF-AP-10000891,240.0,260.0,2,4,3186
3422,2022-10-02,Standard Class,Consumer,Office Supplies,Paper,OFF-PA-10003790,160.0,180.0,8,4,2065
3423,2023-01-02,Standard Class,Consumer,Technology,Accessories,TEC-AC-10002217,110.0,130.0,7,4,709
3424,2023-07-04,Standard Class,Consumer,Office Supplies,Binders,OFF-BI-10002215,20.0,20.0,4,5,3513
3425,2023-05-09,Standard Class,Consumer,Technology,Machines,TEC-MA-10001972,520.0,560.0,2,4,3296
3426,2023-08-28,Standard Class,Home Office,Office Supplies,Binders,OFF-BI-10001525,20.0,20.0,4,3,3130
3427,2023-10-17,Standard Class,Home Office,Furniture,Chairs,FUR-CH-10000988,1130.0,1410.0,10,4,1413
3428,2022-01-23,Second Class,Home Office,Office Supplies,Paper,OFF-PA-10000174,30.0,30.0,4,5,3480
3429,2023-05-07,Second Class,Home Office,Furniture,Tables,FUR-TA-10002041,180.0,220.0,2,4,3632
3430,2023-12-04,Second Class,Home Office,Office Supplies,Paper,OFF-PA-10002246,30.0,30.0,6,2,4331
3431,2023-06-14,First Class,Consumer,Office Supplies,Storage,OFF-ST-10003327,30.0,30.0,3,3,1644
3432,2023-05-21,First Class,Consumer,Furniture,Furnishings,FUR-FU-10002703,110.0,130.0,2,3,4678
3433,2022-07-08,First Class,Consumer,Office Supplies,Paper,OFF-PA-10003651,50.0,60.0,9,5,666
3434,2023-02-11,Standard Class,Consumer,Office Supplies,Binders,OFF-BI-10001617,20.0,20.0,3,2,2318
3435,2022-02-07,Standard Class,Consumer,Office Supplies,Binders,OFF-BI-10000145,10.0,10.0,6,3,1801
3436,2023-03-19,First Class,Consumer,Office Supplies,Binders,OFF-BI-10001670,20.0,20.0,2,4,2975
3437,2022-06-21,First Class,Consumer,Furniture,Furnishings,FUR-FU-10003849,20.0,20.0,3,3,716
3438,2023-08-07,Same Day,Consumer,Furniture,Furnishings,FUR-FU-10003849,20.0,20.0,2,4,3159
3439,2022-02-26,Same Day,Consumer,Furniture,Tables,FUR-TA-10002041,230.0,250.0,2,3,4083
3440,2022-04-10,Same Day,Consumer,Office Supplies,Storage,OFF-ST-10002214,50.0,50.0,6,3,1484
3441,2022-11-13,Same Day,Home Office,Office Supplies,Binders,OFF-BI-10001078,25.0,30.0,1,3,1741
3442,2022-01-01,Second Class,Consumer,Office Supplies,Paper,OFF-PA-10002137,100.0,110.0,14,2,4412
3443,2023-01-20,Standard Class,Corporate,Office Supplies,Envelopes,OFF-EN-10001415,20.0,20.0,3,4,2991
3444,2022-03-07,Standard Class,Corporate,Office Supplies,Appliances,OFF-AP-10003849,2350.0,2500.0,7,4,1816
3445,2022-03-14,Standard Class,Corporate,Office Supplies,Storage,OFF-ST-10001713,70.0,80.0,2,2,3488
3446,2022-01-11,Standard Class,Consumer,Office Supplies,Storage,OFF-ST-10001505,20.0,30.0,5,3,4127
3447,2023-02-21,First Class,Corporate,Office Supplies,Paper,OFF-PA-10000474,60.0,70.0,2,3,1188
3448,2023-08-08,Standard Class,Home Office,Office Supplies,Art,OFF-AR-10001919,10.0,10.0,2,4,1546
3449,2023-04-16,Standard Class,Consumer,Office Supplies,Binders,OFF-BI-10004001,20.0,30.0,2,5,2741
3450,2022-04-17,Standard Class,Home Office,Office Supplies,Appliances,OFF-AP-10004785,50.0,60.0,5,3,4455
3451,2023-10-26,Standard Class,Home Office,Office Supplies,Storage,OFF-ST-10002406,10.0,10.0,1,4,2416
3452,2022-10-02,Standard Class,Home Office,Office Supplies,Fasteners,OFF-FA-10002988,10.0,10.0,2,3,1988
3453,2022-08-26,Second Class,Home Office,Technology,Phones,TEC-PH-10002415,410.0,470.0,2,4,3524
3454,2022-11-09,Second Class,Consumer,Office Supplies,Binders,OFF-BI-10004236,50.0,60.0,4,5,2953
3455,2022-07-05,Standard Class,Consumer,Office Supplies,Art,OFF-AR-10000657,10.0,10.0,3,2,3303
3456,2022-02-12,Standard Class,Consumer,Office Supplies,Paper,OFF-PA-10004996,20.0,20.0,2,2,2302
3457,2022-08-18,First Class,Consumer,Technology,Accessories,TEC-AC-10001109,60.0,70.0,3,3,4602
3458,2023-01-13,First Class,Consumer,Furniture,Furnishings,FUR-FU-10003832,20.0,20.0,3,5,5
3459,2023-08-05,First Class,Consumer,Office Supplies,Binders,OFF-BI-10002393,20.0,20.0,2,4,4785
3460,2022-12-08,First Class,Consumer,Office Supplies,Binders,OFF-BI-10001359,450.0,540.0,2,4,2665
3461,2022-11-23,First Class,Consumer,Technology,Accessories,TEC-AC-10003628,40.0,50.0,2,3,842
3462,2023-03-15,Second Class,Corporate,Technology,Phones,TEC-PH-10003012,400.0,490.0,4,3,1882
3463,2023-12-07,Second Class,Consumer,Office Supplies,Art,OFF-AR-10003903,240.0,290.0,7,5,4890
3464,2022-11-01,Standard Class,Home Office,Office Supplies,Paper,OFF-PA-10004675,10.0,10.0,1,4,3075
3465,2022-07-02,Second Class,Consumer,Technology,Accessories,TEC-AC-10001990,40.0,50.0,1,2,731
3466,2022-06-12,Standard Class,Corporate,Office Supplies,Appliances,OFF-AP-10003842,50.0,60.0,2,2,1132
3467,2023-09-20,Standard Class,Corporate,Furniture,Bookcases,FUR-BO-10004695,340.0,360.0,2,5,4751
3468,2023-01-23,Standard Class,Corporate,Office Supplies,Paper,OFF-PA-10003039,220.0,280.0,9,5,207
3469,2022-11-01,Standard Class,Consumer,Furniture,Furnishings,FUR-FU-10002045,110.0,130.0,6,3,1239
3470,2022-01-03,Standard Class,Consumer,Office Supplies,Paper,OFF-PA-10001019,50.0,50.0,3,4,249
3471,2022-05-30,Standard Class,Consumer,Furniture,Furnishings,FUR-FU-10003724,20.0,20.0,2,3,4178
3472,2023-12-30,Standard Class,Corporate,Office Supplies,Paper,OFF-PA-10003673,10.0,10.0,2,4,73
3473,2022-04-08,Standard Class,Corporate,Technology,Accessories,TEC-AC-10003614,20.0,20.0,2,4,3257
3474,2023-04-07,Standard Class,Consumer,Furniture,Chairs,FUR-CH-10000785,140.0,180.0,1,2,107
3475,2023-01-26,Standard Class,Consumer,Technology,Accessories,TEC-AC-10002926,90.0,100.0,2,5,4189
3476,2023-09-24,First Class,Corporate,Technology,Accessories,TEC-AC-10004633,30.0,30.0,5,4,4847
3477,2023-03-16,First Class,Corporate,Office Supplies,Binders,OFF-BI-10000977,140.0,150.0,5,4,2787
3478,2023-10-11,Standard Class,Consumer,Technology,Accessories,TEC-AC-10001635,70.0,90.0,9,4,4680
3479,2022-02-13,Standard Class,Corporate,Office Supplies,Art,OFF-AR-10003056,10.0,10.0,2,2,1750
3480,2023-10-14,Standard Class,Corporate,Office Supplies,Paper,OFF-PA-10003363,40.0,50.0,7,5,1846
3481,2022-11-29,Standard Class,Corporate,Furniture,Tables,FUR-TA-10003954,1350.0,1420.0,6,5,484
3482,2022-08-26,First Class,Consumer,Furniture,Furnishings,FUR-FU-10004415,10.0,10.0,2,2,3197
3483,2022-09-28,First Class,Corporate,Technology,Phones,TEC-PH-10000455,540.0,580.0,5,4,2507
3484,2022-02-27,First Class,Corporate,Furniture,Furnishings,FUR-FU-10002456,30.0,30.0,4,2,3192
3485,2023-04-30,First Class,Corporate,Furniture,Tables,FUR-TA-10003569,1000.0,1200.0,3,4,623
3486,2022-08-05,Standard Class,Corporate,Office Supplies,Binders,OFF-BI-10002813,10.0,10.0,4,4,4399
3487,2023-12-09,Same Day,Consumer,Technology,Phones,TEC-PH-10002890,30.0,40.0,1,4,1558
3488,2023-10-05,Standard Class,Home Office,Office Supplies,Storage,OFF-ST-10001522,120.0,150.0,2,5,3064
3489,2023-06-13,Standard Class,Consumer,Furniture,Chairs,FUR-CH-10004086,360.0,410.0,2,2,3051
3490,2023-02-25,Standard Class,Consumer,Furniture,Chairs,FUR-CH-10003774,340.0,380.0,6,4,4318
3491,2023-05-05,Standard Class,Consumer,Office Supplies,Storage,OFF-ST-10004507,60.0,70.0,5,4,2268
3492,2022-06-05,Standard Class,Consumer,Office Supplies,Storage,OFF-ST-10003208,410.0,440.0,3,2,776
3493,2023-10-24,Standard Class,Consumer,Office Supplies,Paper,OFF-PA-10000659,10.0,10.0,2,2,1464
3494,2022-07-03,Standard Class,Corporate,Technology,Accessories,TEC-AC-10002305,60.0,70.0,4,5,1782
3495,2022-09-23,Standard Class,Corporate,Technology,Accessories,TEC-AC-10000990,590.0,660.0,5,2,379
3496,2023-06-22,Standard Class,Corporate,Furniture,Chairs,FUR-CH-10000665,530.0,600.0,4,5,4891
3497,2022-08-22,Standard Class,Home Office,Furniture,Tables,FUR-TA-10001932,430.0,510.0,2,5,128
3498,2023-06-15,Standard Class,Home Office,Office Supplies,Appliances,OFF-AP-10004487,390.0,490.0,6,4,74
3499,2022-03-06,Standard Class,Home Office,Office Supplies,Binders,OFF-BI-10002160,20.0,20.0,5,5,2504
3500,2022-01-21,Standard Class,Consumer,Technology,Accessories,TEC-AC-10000420,170.0,210.0,3,3,2624
3501,2023-10-03,Standard Class,Consumer,Office Supplies,Binders,OFF-BI-10001989,60.0,60.0,3,4,4570
3502,2023-11-12,Standard Class,Consumer,Office Supplies,Art,OFF-AR-10001149,30.0,30.0,9,4,19
3503,2022-09-23,Same Day,Consumer,Office Supplies,Paper,OFF-PA-10004101,10.0,10.0,2,3,1853
3504,2023-11-30,Same Day,Consumer,Technology,Accessories,TEC-AC-10001714,90.0,100.0,3,4,2618
3505,2022-02-12,Second Class,Home Office,Office Supplies,Storage,OFF-ST-10003716,800.0,900.0,4,4,1317
3506,2023-06-24,Standard Class,Consumer,Technology,Phones,TEC-PH-10000369,180.0,200.0,2,4,4145
3507,2022-08-04,Standard Class,Consumer,Office Supplies,Binders,OFF-BI-10000756,20.0,20.0,4,5,3403
3508,2023-04-26,Standard Class,Consumer,Furniture,Bookcases,FUR-BO-10001608,180.0,190.0,4,3,3274
3509,2022-05-22,Standard Class,Consumer,Office Supplies,Paper,OFF-PA-10001166,20.0,20.0,3,3,3893
3510,2023-08-13,Standard Class,Consumer,Office Supplies,Paper,OFF-PA-10000587,10.0,10.0,2,5,4573
3511,2022-03-24,Standard Class,Consumer,Technology,Machines,TEC-MA-10001972,390.0,420.0,2,3,4207
3512,2022-03-22,Standard Class,Consumer,Office Supplies,Storage,OFF-ST-10004123,440.0,510.0,7,2,4869
3513,2023-04-11,First Class,Corporate,Furniture,Bookcases,FUR-BO-10000112,760.0,830.0,9,3,2906
3514,2023-11-16,First Class,Corporate,Office Supplies,Paper,OFF-PA-10004041,20.0,20.0,3,3,726
3515,2022-08-23,First Class,Corporate,Office Supplies,Art,OFF-AR-10001149,10.0,10.0,3,3,2586
3516,2022-09-30,Standard Class,Consumer,Technology,Accessories,TEC-AC-10002323,60.0,70.0,3,2,3105
3517,2022-04-15,First Class,Consumer,Office Supplies,Paper,OFF-PA-10000130,30.0,30.0,9,4,46
3518,2023-02-04,First Class,Consumer,Technology,Phones,TEC-PH-10002350,30.0,40.0,2,2,2433
3519,2023-08-22,First Class,Consumer,Office Supplies,Appliances,OFF-AP-10002518,540.0,570.0,4,4,3221
3520,2022-08-07,First Class,Home Office,Furniture,Tables,FUR-TA-10002645,650.0,800.0,7,4,52
3521,2023-09-13,Standard Class,Corporate,Office Supplies,Binders,OFF-BI-10000773,10.0,10.0,2,2,3854
3522,2022-11-23,Second Class,Corporate,Office Supplies,Paper,OFF-PA-10003845,40.0,40.0,7,5,1085
3523,2023-01-20,Second Class,Corporate,Technology,Phones,TEC-PH-10001580,360.0,400.0,3,2,4926
3524,2022-02-27,Standard Class,Corporate,Technology,Accessories,TEC-AC-10002345,100.0,120.0,8,5,494
3525,2022-09-09,Standard Class,Consumer,Technology,Phones,TEC-PH-10004120,590.0,660.0,6,2,4493
3526,2022-10-10,Second Class,Home Office,Technology,Accessories,TEC-AC-10001838,520.0,600.0,3,4,583
3527,2022-01-06,Second Class,Home Office,Technology,Phones,TEC-PH-10000148,40.0,40.0,3,4,1069
3528,2022-01-05,Second Class,Home Office,Office Supplies,Binders,OFF-BI-10003476,50.0,50.0,8,4,4678
3529,2022-08-28,Standard Class,Consumer,Technology,Phones,TEC-PH-10004833,30.0,40.0,4,3,1000
3530,2023-01-02,Standard Class,Consumer,Technology,Accessories,TEC-AC-10001465,80.0,90.0,3,5,1040
3531,2022-03-22,Standard Class,Corporate,Office Supplies,Art,OFF-AR-10003056,20.0,20.0,5,2,3070
3532,2023-03-22,Same Day,Corporate,Office Supplies,Supplies,OFF-SU-10001218,50.0,50.0,5,4,2895
3533,2022-11-16,Standard Class,Consumer,Technology,Machines,TEC-MA-10002859,260.0,290.0,4,4,2052
3534,2023-02-14,Standard Class,Consumer,Office Supplies,Art,OFF-AR-10002375,10.0,10.0,4,3,2753
3535,2022-04-24,Standard Class,Consumer,Office Supplies,Art,OFF-AR-10000657,10.0,10.0,5,5,4203
3536,2023-05-17,Standard Class,Consumer,Office Supplies,Fasteners,OFF-FA-10000134,10.0,10.0,2,2,4890
3537,2022-11-23,Second Class,Consumer,Office Supplies,Storage,OFF-ST-10000419,40.0,40.0,3,3,27
3538,2023-10-22,Same Day,Corporate,Office Supplies,Storage,OFF-ST-10000107,70.0,80.0,3,5,2601
3539,2022-11-24,Same Day,Corporate,Office Supplies,Labels,OFF-LA-10001641,10.0,10.0,3,5,3559
3540,2023-05-29,Same Day,Corporate,Office Supplies,Labels,OFF-LA-10003121,20.0,20.0,5,2,346
3541,2023-10-12,Same Day,Corporate,Office Supplies,Paper,OFF-PA-10002689,40.0,50.0,7,3,86
3542,2022-06-24,First Class,Consumer,Furniture,Furnishings,FUR-FU-10002107,10.0,10.0,3,5,4411
3543,2023-12-27,First Class,Consumer,Furniture,Chairs,FUR-CH-10002647,90.0,100.0,2,3,1761
3544,2022-02-12,First Class,Consumer,Office Supplies,Art,OFF-AR-10002257,10.0,10.0,1,3,5082
3545,2023-02-27,Second Class,Consumer,Office Supplies,Paper,OFF-PA-10004519,30.0,30.0,8,3,4609
3546,2023-06-02,Second Class,Consumer,Office Supplies,Appliances,OFF-AP-10001947,20.0,30.0,8,5,2815
3547,2022-01-27,First Class,Home Office,Office Supplies,Storage,OFF-ST-10004963,100.0,110.0,7,2,982
3548,2022-03-06,First Class,Home Office,Office Supplies,Supplies,OFF-SU-10002573,30.0,40.0,2,3,3534
3549,2023-04-12,First Class,Home Office,Furniture,Chairs,FUR-CH-10000553,30.0,30.0,1,3,2618
3550,2022-04-17,First Class,Home Office,Office Supplies,Labels,OFF-LA-10001982,30.0,30.0,8,5,5053
3551,2023-10-23,Second Class,Home Office,Office Supplies,Paper,OFF-PA-10001295,40.0,50.0,3,4,2002
3552,2023-11-10,Second Class,Home Office,Furniture,Chairs,FUR-CH-10002965,680.0,840.0,6,4,2238
3553,2023-01-23,Second Class,Home Office,Technology,Phones,TEC-PH-10001254,750.0,810.0,8,2,24
3554,2023-03-06,Second Class,Corporate,Office Supplies,Binders,OFF-BI-10001658,10.0,10.0,1,4,5030
3555,2022-11-07,Second Class,Consumer,Office Supplies,Storage,OFF-ST-10000585,310.0,330.0,2,5,2128
3556,2023-07-25,Second Class,Consumer,Technology,Phones,TEC-PH-10003484,500.0,600.0,6,4,3605
3557,2022-08-31,Standard Class,Consumer,Office Supplies,Paper,OFF-PA-10004735,40.0,50.0,7,5,640
3558,2023-08-08,Standard Class,Consumer,Office Supplies,Binders,OFF-BI-10003429,10.0,10.0,2,2,2138
3559,2022-05-14,Standard Class,Consumer,Office Supplies,Binders,OFF-BI-10002982,20.0,20.0,4,3,4997
3560,2023-12-06,Standard Class,Consumer,Technology,Accessories,TEC-AC-10004975,370.0,440.0,4,3,3281
3561,2022-10-21,Second Class,Consumer,Office Supplies,Art,OFF-AR-10002335,10.0,10.0,4,4,4937
3562,2022-11-24,Second Class,Consumer,Office Supplies,Binders,OFF-BI-10004001,30.0,30.0,5,2,2391
3563,2023-05-23,Second Class,Consumer,Office Supplies,Binders,OFF-BI-10001634,20.0,20.0,2,3,667
3564,2023-03-29,Second Class,Consumer,Office Supplies,Paper,OFF-PA-10000007,10.0,10.0,4,5,358
3565,2023-12-22,First Class,Consumer,Office Supplies,Paper,OFF-PA-10000552,10.0,10.0,2,2,4772
3566,2022-09-07,First Class,Consumer,Office Supplies,Fasteners,OFF-FA-10001135,10.0,10.0,2,2,4973
3567,2022-09-05,Standard Class,Home Office,Office Supplies,Binders,OFF-BI-10003650,1490.0,1580.0,3,3,1827
3568,2023-02-12,Second Class,Home Office,Furniture,Furnishings,FUR-FU-10003832,20.0,20.0,4,4,1455
3569,2022-03-19,Same Day,Home Office,Technology,Accessories,TEC-AC-10003628,60.0,60.0,2,4,4666
3570,2023-06-11,Same Day,Home Office,Technology,Machines,TEC-MA-10001148,2280.0,2400.0,6,4,3433
3571,2022-02-07,Same Day,Home Office,Technology,Accessories,TEC-AC-10002049,1470.0,1690.0,4,2,4924
3572,2022-06-23,Same Day,Home Office,Technology,Phones,TEC-PH-10000702,10.0,10.0,1,4,131
3573,2022-04-28,Standard Class,Corporate,Office Supplies,Paper,OFF-PA-10003953,10.0,10.0,1,2,1032
3574,2022-10-08,Standard Class,Consumer,Office Supplies,Art,OFF-AR-10003602,10.0,10.0,2,3,3031
3575,2022-02-16,Standard Class,Consumer,Office Supplies,Art,OFF-AR-10004062,90.0,100.0,10,3,2915
3576,2023-07-25,Standard Class,Consumer,Office Supplies,Paper,OFF-PA-10001560,10.0,10.0,3,3,4718
3577,2023-11-16,Standard Class,Home Office,Office Supplies,Binders,OFF-BI-10003305,10.0,10.0,1,4,602
3578,2022-05-03,Standard Class,Home Office,Office Supplies,Paper,OFF-PA-10004000,10.0,10.0,1,3,3379
3579,2022-09-27,Standard Class,Consumer,Office Supplies,Storage,OFF-ST-10000321,10.0,10.0,1,3,3596
3580,2022-07-19,Standard Class,Consumer,Office Supplies,Paper,OFF-PA-10004665,70.0,70.0,5,4,591
3581,2022-05-19,Standard Class,Consumer,Furniture,Tables,FUR-TA-10004915,2020.0,2430.0,8,3,4423
3582,2022-05-07,Standard Class,Consumer,Office Supplies,Paper,OFF-PA-10000994,90.0,100.0,1,2,296
3583,2022-08-10,Standard Class,Corporate,Office Supplies,Art,OFF-AR-10001149,10.0,10.0,2,5,3024
3584,2022-06-26,Standard Class,Corporate,Furniture,Tables,FUR-TA-10003569,660.0,800.0,2,2,403
3585,2022-05-14,Standard Class,Corporate,Furniture,Chairs,FUR-CH-10004289,170.0,190.0,2,2,150
3586,2023-08-26,Standard Class,Corporate,Office Supplies,Labels,OFF-LA-10001045,10.0,10.0,1,3,1698
3587,2022-06-30,Standard Class,Corporate,Office Supplies,Art,OFF-AR-10002053,10.0,10.0,2,4,2761
3588,2022-03-12,Standard Class,Home Office,Technology,Phones,TEC-PH-10002885,1090.0,1170.0,3,5,209
3589,2022-12-08,First Class,Consumer,Office Supplies,Supplies,OFF-SU-10002881,1450.0,1670.0,2,2,30
3590,2022-03-18,Standard Class,Home Office,Office Supplies,Binders,OFF-BI-10000546,10.0,10.0,1,3,619
3591,2022-09-27,Standard Class,Home Office,Office Supplies,Storage,OFF-ST-10001526,1220.0,1440.0,12,4,39
3592,2023-02-25,Second Class,Consumer,Office Supplies,Supplies,OFF-SU-10001574,10.0,10.0,1,4,1652
3593,2022-07-03,Second Class,Consumer,Office Supplies,Storage,OFF-ST-10002615,400.0,470.0,3,2,3307
3594,2022-09-13,Standard Class,Home Office,Office Supplies,Binders,OFF-BI-10001658,20.0,20.0,3,2,643
3595,2022-02-02,Standard Class,Home Office,Office Supplies,Storage,OFF-ST-10002562,40.0,40.0,5,3,3332
3596,2022-10-07,Standard Class,Corporate,Office Supplies,Art,OFF-AR-10004757,10.0,10.0,1,5,2204
3597,2022-12-29,Second Class,Consumer,Office Supplies,Paper,OFF-PA-10000788,20.0,20.0,3,4,1988
3598,2022-08-17,Second Class,Consumer,Technology,Accessories,TEC-AC-10002134,50.0,60.0,6,3,4693
3599,2022-11-09,Second Class,Consumer,Furniture,Furnishings,FUR-FU-10002456,20.0,20.0,3,3,4963
3600,2022-11-07,Second Class,Consumer,Technology,Phones,TEC-PH-10002549,130.0,140.0,1,3,5074
3601,2023-04-01,Standard Class,Consumer,Technology,Accessories,TEC-AC-10001990,350.0,430.0,9,5,2927
3602,2023-04-08,Standard Class,Consumer,Office Supplies,Paper,OFF-PA-10002137,10.0,10.0,2,3,749
3603,2023-07-10,Standard Class,Consumer,Furniture,Chairs,FUR-CH-10004997,560.0,660.0,5,4,308
3604,2023-12-25,Standard Class,Home Office,Office Supplies,Paper,OFF-PA-10000357,240.0,280.0,5,4,2924
3605,2023-02-19,Standard Class,Home Office,Furniture,Furnishings,FUR-FU-10003976,30.0,30.0,2,4,2884
3606,2022-10-27,Standard Class,Home Office,Furniture,Furnishings,FUR-FU-10004960,80.0,90.0,4,2,13
3607,2022-09-27,Second Class,Consumer,Office Supplies,Envelopes,OFF-EN-10001099,30.0,30.0,3,4,176
3608,2023-04-04,Second Class,Consumer,Office Supplies,Binders,OFF-BI-10002026,130.0,140.0,3,5,680
3609,2023-03-04,Standard Class,Corporate,Office Supplies,Labels,OFF-LA-10001613,10.0,10.0,3,2,4637
3610,2023-11-21,Standard Class,Corporate,Office Supplies,Storage,OFF-ST-10002214,30.0,30.0,3,4,1237
3611,2023-10-09,Standard Class,Corporate,Office Supplies,Storage,OFF-ST-10001128,150.0,180.0,2,2,926
3612,2023-06-02,Second Class,Corporate,Technology,Accessories,TEC-AC-10004864,60.0,60.0,2,4,2030
3613,2023-07-22,Standard Class,Home Office,Office Supplies,Paper,OFF-PA-10000174,20.0,20.0,2,5,2020
3614,2023-12-29,Standard Class,Home Office,Technology,Accessories,TEC-AC-10000171,40.0,40.0,2,3,2132
3615,2023-05-27,First Class,Corporate,Furniture,Tables,FUR-TA-10002622,580.0,720.0,6,2,4420
3616,2023-10-14,First Class,Corporate,Office Supplies,Art,OFF-AR-10001915,20.0,30.0,4,4,4283
3617,2023-05-04,Standard Class,Consumer,Office Supplies,Binders,OFF-BI-10004410,10.0,10.0,5,5,463
3618,2023-04-25,Standard Class,Consumer,Office Supplies,Binders,OFF-BI-10004632,400.0,490.0,2,5,1157
3619,2022-07-02,Standard Class,Consumer,Technology,Phones,TEC-PH-10002185,10.0,10.0,1,5,728
3620,2022-07-05,Standard Class,Consumer,Office Supplies,Storage,OFF-ST-10002974,190.0,220.0,5,4,222
3621,2022-07-14,Standard Class,Corporate,Office Supplies,Art,OFF-AR-10003727,40.0,40.0,3,4,3879
3622,2023-02-14,Standard Class,Corporate,Technology,Phones,TEC-PH-10004071,50.0,60.0,8,3,3083
3623,2022-05-06,Standard Class,Consumer,Furniture,Furnishings,FUR-FU-10002878,120.0,140.0,5,4,1161
3624,2022-07-22,Standard Class,Consumer,Office Supplies,Binders,OFF-BI-10001890,10.0,10.0,2,4,4295
3625,2022-07-03,Second Class,Home Office,Furniture,Chairs,FUR-CH-10002647,560.0,680.0,12,5,3878
3626,2023-06-01,Second Class,Home Office,Office Supplies,Art,OFF-AR-10001315,10.0,10.0,2,4,1467
3627,2022-11-12,Second Class,Home Office,Office Supplies,Art,OFF-AR-10000122,10.0,10.0,1,3,4353
3628,2022-07-30,Second Class,Home Office,Technology,Accessories,TEC-AC-10001465,40.0,40.0,1,2,686
3629,2022-01-15,Standard Class,Consumer,Office Supplies,Binders,OFF-BI-10004600,1730.0,2060.0,7,3,612
3630,2022-07-11,Standard Class,Corporate,Office Supplies,Appliances,OFF-AP-10002082,50.0,50.0,3,3,1943
3631,2023-08-29,Standard Class,Corporate,Office Supplies,Appliances,OFF-AP-10004708,170.0,210.0,7,3,2222
3632,2022-05-01,Second Class,Corporate,Office Supplies,Storage,OFF-ST-10000464,60.0,70.0,2,3,5045
3633,2022-04-12,Second Class,Corporate,Office Supplies,Storage,OFF-ST-10000025,680.0,760.0,8,4,2980
3634,2022-05-20,Standard Class,Home Office,Office Supplies,Labels,OFF-LA-10001613,10.0,10.0,4,2,2712
3635,2023-08-23,Standard Class,Home Office,Technology,Phones,TEC-PH-10000376,30.0,40.0,7,5,289
3636,2022-08-29,Standard Class,Home Office,Office Supplies,Paper,OFF-PA-10004039,80.0,90.0,2,2,671
3637,2022-02-07,Standard Class,Home Office,Office Supplies,Paper,OFF-PA-10001776,20.0,20.0,3,4,2636
3638,2022-06-22,Standard Class,Home Office,Office Supplies,Appliances,OFF-AP-10002457,310.0,330.0,4,5,2726
3639,2022-08-29,Standard Class,Home Office,Furniture,Furnishings,FUR-FU-10000758,130.0,150.0,7,3,4314
3640,2023-08-21,Standard Class,Home Office,Office Supplies,Paper,OFF-PA-10000682,25.0,25.0,1,5,3862
3641,2022-08-18,Standard Class,Home Office,Technology,Accessories,TEC-AC-10002550,140.0,180.0,7,4,2966
3642,2023-06-26,Standard Class,Home Office,Office Supplies,Binders,OFF-BI-10002082,60.0,70.0,7,3,904
3643,2022-04-26,Second Class,Consumer,Office Supplies,Binders,OFF-BI-10004632,470.0,490.0,2,2,894
3644,2023-12-20,Second Class,Consumer,Office Supplies,Art,OFF-AR-10001725,50.0,50.0,2,2,323
3645,2022-04-23,Second Class,Consumer,Office Supplies,Art,OFF-AR-10004269,20.0,20.0,1,5,2020
3646,2023-01-20,Second Class,Consumer,Office Supplies,Binders,OFF-BI-10003007,150.0,160.0,5,5,1433
3647,2022-09-03,Second Class,Home Office,Office Supplies,Paper,OFF-PA-10002195,10.0,10.0,1,2,4989
3648,2022-02-05,Second Class,Home Office,Office Supplies,Supplies,OFF-SU-10002522,20.0,20.0,4,3,2414
3649,2023-03-11,Standard Class,Consumer,Office Supplies,Binders,OFF-BI-10003712,10.0,10.0,2,2,4996
3650,2023-01-23,Standard Class,Consumer,Office Supplies,Fasteners,OFF-FA-10004854,50.0,60.0,6,2,4642
3651,2022-05-17,Second Class,Consumer,Technology,Accessories,TEC-AC-10004859,80.0,100.0,6,3,187
3652,2022-12-03,Second Class,Consumer,Office Supplies,Art,OFF-AR-10001860,30.0,30.0,5,2,1518
3653,2022-07-01,Second Class,Consumer,Office Supplies,Binders,OFF-BI-10001636,30.0,30.0,4,3,2633
3654,2022-04-10,Second Class,Consumer,Office Supplies,Paper,OFF-PA-10000349,10.0,10.0,3,5,1142
3655,2022-06-21,Standard Class,Consumer,Office Supplies,Appliances,OFF-AP-10002439,530.0,640.0,9,5,4046
3656,2022-02-08,Standard Class,Corporate,Office Supplies,Storage,OFF-ST-10001370,90.0,110.0,2,3,1948
3657,2022-06-10,Standard Class,Corporate,Technology,Accessories,TEC-AC-10002558,10.0,10.0,1,4,5085
3658,2023-04-16,Standard Class,Corporate,Office Supplies,Envelopes,OFF-EN-10004030,10.0,10.0,3,5,183
3659,2023-06-05,Standard Class,Corporate,Furniture,Furnishings,FUR-FU-10003194,20.0,30.0,4,5,3457
3660,2023-04-30,Standard Class,Corporate,Furniture,Furnishings,FUR-FU-10001731,10.0,10.0,3,5,3812
3661,2023-08-08,Standard Class,Corporate,Office Supplies,Supplies,OFF-SU-10004782,30.0,30.0,5,2,533
3662,2022-08-11,Second Class,Home Office,Technology,Phones,TEC-PH-10003484,300.0,380.0,3,5,3439
3663,2023-09-24,Standard Class,Home Office,Technology,Accessories,TEC-AC-10003590,210.0,260.0,10,5,1121
3664,2023-05-12,Standard Class,Home Office,Office Supplies,Paper,OFF-PA-10001970,20.0,20.0,2,4,2224
3665,2022-10-29,Standard Class,Consumer,Office Supplies,Labels,OFF-LA-10001569,30.0,30.0,7,2,3572
3666,2022-05-26,Standard Class,Consumer,Office Supplies,Binders,OFF-BI-10001132,10.0,10.0,4,5,3005
3667,2022-01-11,Standard Class,Consumer,Technology,Phones,TEC-PH-10003095,50.0,50.0,3,2,604
3668,2022-12-04,Standard Class,Consumer,Office Supplies,Supplies,OFF-SU-10000432,10.0,10.0,5,2,4039
3669,2023-10-31,Standard Class,Consumer,Technology,Accessories,TEC-AC-10004227,100.0,100.0,10,4,951
3670,2022-02-27,Standard Class,Consumer,Office Supplies,Labels,OFF-LA-10004409,10.0,10.0,5,3,461
3671,2022-05-23,Standard Class,Consumer,Office Supplies,Paper,OFF-PA-10001569,10.0,10.0,2,4,748
3672,2023-01-25,Standard Class,Consumer,Office Supplies,Storage,OFF-ST-10001031,30.0,40.0,3,2,4589
3673,2023-04-22,Standard Class,Home Office,Office Supplies,Envelopes,OFF-EN-10002312,10.0,10.0,1,4,3557
3674,2022-10-02,Standard Class,Home Office,Office Supplies,Binders,OFF-BI-10004224,110.0,120.0,6,4,1219
3675,2023-12-30,Standard Class,Consumer,Furniture,Chairs,FUR-CH-10003774,110.0,130.0,2,3,2263
3676,2023-05-26,Standard Class,Consumer,Office Supplies,Paper,OFF-PA-10000157,50.0,50.0,3,2,4887
3677,2022-11-06,Standard Class,Corporate,Furniture,Furnishings,FUR-FU-10004090,30.0,40.0,2,5,2648
3678,2022-09-10,Standard Class,Consumer,Office Supplies,Fasteners,OFF-FA-10002763,20.0,20.0,4,5,2998
3679,2023-07-05,Standard Class,Consumer,Technology,Machines,TEC-MA-10002428,390.0,460.0,3,2,3418
3680,2023-08-09,Standard Class,Consumer,Furniture,Furnishings,FUR-FU-10002918,150.0,180.0,2,4,2279
3681,2022-09-21,Standard Class,Consumer,Office Supplies,Labels,OFF-LA-10000476,10.0,10.0,3,4,3355
3682,2022-09-26,Standard Class,Consumer,Office Supplies,Binders,OFF-BI-10002854,70.0,80.0,3,2,465
3683,2022-10-03,Standard Class,Consumer,Office Supplies,Art,OFF-AR-10002987,60.0,80.0,4,2,1734
3684,2022-09-25,Standard Class,Consumer,Office Supplies,Binders,OFF-BI-10004001,140.0,150.0,9,3,171
3685,2022-05-10,Standard Class,Consumer,Office Supplies,Binders,OFF-BI-10001634,40.0,40.0,6,4,3786
3686,2022-07-06,Standard Class,Consumer,Office Supplies,Storage,OFF-ST-10003722,90.0,100.0,7,5,2612
3687,2022-12-06,Standard Class,Consumer,Office Supplies,Art,OFF-AR-10004757,10.0,10.0,3,4,1575
3688,2022-09-20,Standard Class,Consumer,Office Supplies,Binders,OFF-BI-10004140,10.0,10.0,2,2,2940
3689,2023-02-27,Second Class,Consumer,Office Supplies,Paper,OFF-PA-10002479,20.0,30.0,6,4,4658
3690,2023-09-20,Second Class,Consumer,Office Supplies,Envelopes,OFF-EN-10001141,30.0,40.0,5,3,1700
3691,2022-09-13,Second Class,Corporate,Technology,Machines,TEC-MA-10000597,50.0,60.0,2,3,1657
3692,2023-03-30,Second Class,Corporate,Technology,Copiers,TEC-CO-10001571,420.0,440.0,1,2,4120
3693,2023-02-05,Second Class,Corporate,Technology,Phones,TEC-PH-10004531,80.0,90.0,5,5,1762
3694,2023-02-15,Second Class,Corporate,Furniture,Furnishings,FUR-FU-10003026,20.0,20.0,4,3,2366
3695,2022-11-25,Standard Class,Corporate,Office Supplies,Binders,OFF-BI-10002082,190.0,230.0,7,3,4549
3696,2022-05-26,Standard Class,Corporate,Office Supplies,Envelopes,OFF-EN-10002312,60.0,70.0,6,4,3886
3697,2022-09-06,Standard Class,Corporate,Office Supplies,Appliances,OFF-AP-10000696,30.0,40.0,3,2,3383
3698,2023-09-11,Second Class,Home Office,Furniture,Furnishings,FUR-FU-10000305,120.0,140.0,2,5,1089
3699,2023-08-03,Standard Class,Corporate,Office Supplies,Storage,OFF-ST-10001034,70.0,80.0,5,2,1541
3700,2022-11-16,Second Class,Home Office,Technology,Accessories,TEC-AC-10004114,130.0,160.0,4,2,2000
3701,2022-03-28,Standard Class,Corporate,Furniture,Furnishings,FUR-FU-10001602,30.0,40.0,1,3,564
3702,2022-02-21,Second Class,Corporate,Furniture,Furnishings,FUR-FU-10002445,20.0,20.0,2,4,3510
3703,2023-01-09,Standard Class,Corporate,Office Supplies,Art,OFF-AR-10004269,20.0,20.0,6,2,2304
3704,2023-07-26,Standard Class,Corporate,Office Supplies,Binders,OFF-BI-10001249,20.0,20.0,3,5,4712
3705,2023-11-09,Standard Class,Corporate,Technology,Copiers,TEC-CO-10004202,820.0,900.0,3,2,2031
3706,2023-05-23,Standard Class,Corporate,Office Supplies,Paper,OFF-PA-10003363,30.0,30.0,5,5,3084
3707,2022-03-02,Standard Class,Consumer,Office Supplies,Art,OFF-AR-10001915,20.0,20.0,3,3,2757
3708,2022-12-30,Standard Class,Corporate,Furniture,Furnishings,FUR-FU-10001940,10.0,10.0,2,2,1176
3709,2022-05-04,Standard Class,Corporate,Office Supplies,Appliances,OFF-AP-10004336,30.0,30.0,3,5,2821
3710,2023-05-16,Standard Class,Corporate,Technology,Accessories,TEC-AC-10003709,10.0,10.0,7,3,2705
3711,2022-01-20,First Class,Corporate,Furniture,Tables,FUR-TA-10001705,480.0,510.0,3,4,5056
3712,2023-12-24,First Class,Corporate,Office Supplies,Paper,OFF-PA-10000675,170.0,200.0,5,2,4319
3713,2022-01-02,First Class,Consumer,Technology,Accessories,TEC-AC-10000521,10.0,10.0,1,4,4507
3714,2022-09-09,First Class,Consumer,Furniture,Furnishings,FUR-FU-10004622,130.0,160.0,3,3,1468
3715,2022-05-29,Second Class,Consumer,Office Supplies,Paper,OFF-PA-10001954,40.0,50.0,2,2,3725
3716,2023-01-05,Second Class,Consumer,Furniture,Chairs,FUR-CH-10002602,540.0,600.0,5,4,4110
3717,2023-10-06,Standard Class,Home Office,Office Supplies,Fasteners,OFF-FA-10004395,20.0,20.0,5,3,4598
3718,2023-09-23,Standard Class,Consumer,Office Supplies,Supplies,OFF-SU-10003002,10.0,10.0,2,3,925
3719,2023-04-12,Standard Class,Consumer,Technology,Accessories,TEC-AC-10002926,200.0,250.0,5,5,3174
3720,2023-01-26,Standard Class,Corporate,Office Supplies,Art,OFF-AR-10002656,20.0,30.0,5,3,3355
3721,2022-06-18,Standard Class,Home Office,Furniture,Furnishings,FUR-FU-10001918,20.0,20.0,4,4,828
3722,2023-04-01,Standard Class,Home Office,Office Supplies,Binders,OFF-BI-10003910,20.0,20.0,2,3,4856
3723,2022-05-01,Standard Class,Consumer,Office Supplies,Art,OFF-AR-10000122,40.0,40.0,8,5,3234
3724,2023-03-19,Standard Class,Corporate,Office Supplies,Binders,OFF-BI-10004600,470.0,550.0,5,3,3839
3725,2022-03-23,First Class,Consumer,Office Supplies,Art,OFF-AR-10003045,10.0,10.0,3,3,1604
3726,2022-09-23,Standard Class,Corporate,Office Supplies,Appliances,OFF-AP-10000252,20.0,20.0,2,2,2225
3727,2022-10-26,Standard Class,Consumer,Office Supplies,Storage,OFF-ST-10001496,320.0,360.0,2,4,1452
3728,2022-05-29,Standard Class,Consumer,Office Supplies,Art,OFF-AR-10000122,10.0,10.0,2,2,136
3729,2022-10-28,Standard Class,Consumer,Office Supplies,Labels,OFF-LA-10000407,10.0,10.0,3,4,215
3730,2023-06-04,Standard Class,Corporate,Office Supplies,Storage,OFF-ST-10004950,30.0,40.0,2,5,4669
3731,2022-05-12,Standard Class,Corporate,Office Supplies,Storage,OFF-ST-10004123,570.0,640.0,7,5,1947
3732,2023-04-26,Standard Class,Corporate,Technology,Phones,TEC-PH-10000730,450.0,500.0,1,5,4843
3733,2022-12-20,Standard Class,Corporate,Technology,Phones,TEC-PH-10000895,1180.0,1260.0,7,5,1741
3734,2022-04-23,Standard Class,Corporate,Office Supplies,Binders,OFF-BI-10000962,60.0,70.0,4,5,834
3735,2022-11-21,Second Class,Consumer,Office Supplies,Paper,OFF-PA-10002254,30.0,30.0,1,3,4337
3736,2022-01-23,Second Class,Consumer,Furniture,Furnishings,FUR-FU-10002554,60.0,70.0,3,3,2815
3737,2022-05-27,Same Day,Consumer,Technology,Phones,TEC-PH-10000673,120.0,130.0,2,2,1827
3738,2023-07-11,Same Day,Consumer,Office Supplies,Binders,OFF-BI-10000962,30.0,30.0,2,2,1902
3739,2022-11-25,Standard Class,Consumer,Technology,Phones,TEC-PH-10003988,10.0,10.0,1,2,4160
3740,2023-04-07,Standard Class,Consumer,Technology,Accessories,TEC-AC-10001109,50.0,60.0,2,3,3446
3741,2022-05-05,Standard Class,Consumer,Office Supplies,Appliances,OFF-AP-10002311,50.0,60.0,1,3,2892
3742,2023-10-06,Standard Class,Consumer,Office Supplies,Envelopes,OFF-EN-10001137,20.0,20.0,4,4,740
3743,2022-09-27,Standard Class,Consumer,Office Supplies,Paper,OFF-PA-10004285,50.0,60.0,9,3,2711
3744,2022-05-17,Standard Class,Consumer,Office Supplies,Binders,OFF-BI-10002225,40.0,50.0,3,2,2885
3745,2022-06-04,Same Day,Consumer,Office Supplies,Fasteners,OFF-FA-10002763,10.0,10.0,3,2,5083
3746,2022-12-03,Second Class,Consumer,Office Supplies,Storage,OFF-ST-10003058,110.0,120.0,5,4,121
3747,2023-02-08,Second Class,Consumer,Furniture,Chairs,FUR-CH-10002084,350.0,370.0,3,2,185
3748,2023-12-17,Second Class,Corporate,Furniture,Furnishings,FUR-FU-10002937,160.0,200.0,2,2,2507
3749,2022-09-07,Second Class,Corporate,Office Supplies,Appliances,OFF-AP-10001242,290.0,320.0,4,5,4541
3750,2023-12-03,Second Class,Corporate,Technology,Copiers,TEC-CO-10001571,800.0,880.0,2,3,1379
3751,2023-03-06,Second Class,Corporate,Office Supplies,Supplies,OFF-SU-10002503,30.0,30.0,5,5,4306
3752,2023-02-14,Second Class,Corporate,Furniture,Chairs,FUR-CH-10004886,190.0,230.0,3,4,4670
3753,2023-04-23,Second Class,Corporate,Office Supplies,Paper,OFF-PA-10001289,100.0,120.0,3,2,2410
3754,2023-03-18,Second Class,Corporate,Office Supplies,Binders,OFF-BI-10003650,700.0,840.0,2,3,4864
3755,2022-03-17,Second Class,Corporate,Office Supplies,Storage,OFF-ST-10001370,290.0,350.0,5,4,4513
3756,2023-03-25,First Class,Corporate,Office Supplies,Paper,OFF-PA-10001892,30.0,40.0,7,3,822
3757,2022-10-16,First Class,Corporate,Furniture,Chairs,FUR-CH-10004983,500.0,560.0,5,4,1813
3758,2022-10-15,Standard Class,Consumer,Office Supplies,Art,OFF-AR-10001615,90.0,110.0,7,5,2076
3759,2022-11-26,Standard Class,Corporate,Office Supplies,Art,OFF-AR-10003602,10.0,10.0,2,3,1320
3760,2022-10-05,Standard Class,Corporate,Office Supplies,Supplies,OFF-SU-10004782,20.0,20.0,2,5,5067
3761,2023-03-11,Standard Class,Corporate,Furniture,Furnishings,FUR-FU-10001591,20.0,20.0,2,4,3575
3762,2023-12-01,Standard Class,Consumer,Office Supplies,Paper,OFF-PA-10000659,80.0,90.0,5,3,2117
3763,2022-12-28,Second Class,Corporate,Furniture,Bookcases,FUR-BO-10001337,190.0,240.0,2,3,769
3764,2023-07-07,Second Class,Corporate,Office Supplies,Binders,OFF-BI-10003529,10.0,10.0,3,2,370
3765,2023-04-08,Standard Class,Consumer,Office Supplies,Binders,OFF-BI-10002609,10.0,10.0,3,5,457
3766,2023-07-22,Standard Class,Corporate,Furniture,Tables,FUR-TA-10004767,90.0,100.0,2,4,1975
3767,2022-10-30,Standard Class,Corporate,Office Supplies,Art,OFF-AR-10001868,10.0,10.0,1,4,327
3768,2023-03-05,Second Class,Home Office,Technology,Phones,TEC-PH-10004896,100.0,120.0,5,5,2426
3769,2023-05-14,Second Class,Corporate,Furniture,Chairs,FUR-CH-10000988,880.0,1010.0,9,2,3722
3770,2022-03-10,Second Class,Corporate,Office Supplies,Fasteners,OFF-FA-10000490,,,2,2,720
3771,2023-01-02,Standard Class,Consumer,Furniture,Tables,FUR-TA-10004256,1660.0,2000.0,6,2,2319
3772,2023-02-17,Standard Class,Corporate,Office Supplies,Storage,OFF-ST-10004804,80.0,80.0,2,5,627
3773,2022-06-24,Second Class,Consumer,Technology,Accessories,TEC-AC-10000023,50.0,60.0,3,5,3032
3774,2022-07-11,Second Class,Consumer,Office Supplies,Fasteners,OFF-FA-10001332,10.0,10.0,3,2,3881
3775,2022-06-29,Second Class,Consumer,Technology,Accessories,TEC-AC-10002001,350.0,380.0,3,2,752
3776,2023-11-10,Second Class,Consumer,Office Supplies,Paper,OFF-PA-10000029,10.0,10.0,2,4,1629
3777,2022-12-25,Second Class,Consumer,Technology,Accessories,TEC-AC-10001874,300.0,340.0,7,3,2028
3778,2022-01-01,Standard Class,Home Office,Furniture,Furnishings,FUR-FU-10002298,620.0,670.0,6,2,308
3779,2023-12-18,Second Class,Home Office,Technology,Phones,TEC-PH-10002564,60.0,70.0,3,3,2053
3780,2022-02-16,Standard Class,Consumer,Office Supplies,Paper,OFF-PA-10003465,30.0,40.0,2,5,5028
3781,2022-07-09,Standard Class,Home Office,Technology,Phones,TEC-PH-10000038,220.0,270.0,2,2,921
3782,2023-04-15,Second Class,Consumer,Technology,Phones,TEC-PH-10003072,230.0,270.0,3,5,3813
3783,2022-03-25,Second Class,Consumer,Office Supplies,Paper,OFF-PA-10003424,10.0,10.0,3,2,311
3784,2022-06-19,Second Class,Consumer,Office Supplies,Storage,OFF-ST-10003716,670.0,720.0,4,3,4285
3785,2022-09-28,Standard Class,Home Office,Technology,Accessories,TEC-AC-10003590,30.0,40.0,2,4,2750
3786,2023-04-22,Standard Class,Home Office,Office Supplies,Binders,OFF-BI-10000494,,,2,3,3431
3787,2022-05-27,Standard Class,Corporate,Office Supplies,Storage,OFF-ST-10002615,990.0,1090.0,7,2,3824
3788,2023-05-14,Standard Class,Consumer,Office Supplies,Art,OFF-AR-10002804,10.0,10.0,1,4,1527
3789,2022-11-30,Standard Class,Consumer,Office Supplies,Art,OFF-AR-10001044,50.0,60.0,3,5,1353
3790,2023-08-19,Standard Class,Home Office,Office Supplies,Fasteners,OFF-FA-10000134,30.0,30.0,5,3,4156
3791,2022-01-01,Standard Class,Home Office,Office Supplies,Binders,OFF-BI-10001670,150.0,180.0,6,4,2590
3792,2022-05-16,First Class,Corporate,Office Supplies,Binders,OFF-BI-10000343,10.0,10.0,3,4,3438
3793,2022-08-08,First Class,Corporate,Office Supplies,Art,OFF-AR-10002257,20.0,20.0,6,3,2071
3794,2022-07-18,Standard Class,Consumer,Office Supplies,Art,OFF-AR-10001915,30.0,30.0,3,5,3422
3795,2023-08-02,Standard Class,Consumer,Office Supplies,Storage,OFF-ST-10003692,60.0,60.0,1,5,1958
3796,2023-12-26,Standard Class,Consumer,Furniture,Tables,FUR-TA-10003469,270.0,330.0,3,4,2544
3797,2023-01-15,Standard Class,Consumer,Office Supplies,Art,OFF-AR-10003179,40.0,40.0,4,4,2499
3798,2022-04-19,First Class,Consumer,Office Supplies,Paper,OFF-PA-10003395,230.0,250.0,3,2,2017
3799,2023-05-31,First Class,Corporate,Furniture,Tables,FUR-TA-10004575,420.0,520.0,3,4,2695
3800,2022-02-28,First Class,Corporate,Technology,Phones,TEC-PH-10002483,1130.0,1360.0,5,5,1559
3801,2022-05-24,Standard Class,Consumer,Furniture,Chairs,FUR-CH-10003606,90.0,100.0,1,5,3484
3802,2023-07-16,Standard Class,Consumer,Technology,Accessories,TEC-AC-10002473,20.0,20.0,1,2,4019
3803,2022-04-28,Standard Class,Consumer,Office Supplies,Paper,OFF-PA-10002319,80.0,90.0,3,5,2633
3804,2022-05-09,Standard Class,Consumer,Office Supplies,Supplies,OFF-SU-10000946,10.0,10.0,2,3,2774
3805,2022-11-24,Standard Class,Consumer,Office Supplies,Envelopes,OFF-EN-10001335,40.0,40.0,4,3,2484
3806,2022-12-02,Standard Class,Consumer,Office Supplies,Paper,OFF-PA-10002377,40.0,40.0,1,4,3616
3807,2022-03-30,Standard Class,Corporate,Office Supplies,Art,OFF-AR-10001246,10.0,10.0,5,4,670
3808,2023-09-13,Standard Class,Corporate,Office Supplies,Binders,OFF-BI-10003291,10.0,10.0,2,5,699
3809,2022-05-26,Standard Class,Corporate,Office Supplies,Binders,OFF-BI-10002799,10.0,10.0,3,5,3615
3810,2022-01-20,Standard Class,Corporate,Furniture,Chairs,FUR-CH-10003298,450.0,520.0,5,3,3160
3811,2023-05-04,Standard Class,Corporate,Technology,Phones,TEC-PH-10000441,80.0,100.0,1,2,4558
3812,2023-07-30,Standard Class,Corporate,Furniture,Chairs,FUR-CH-10004477,140.0,150.0,3,5,4112
3813,2023-03-29,Same Day,Consumer,Office Supplies,Labels,OFF-LA-10003537,20.0,30.0,2,5,793
3814,2023-05-15,Standard Class,Consumer,Office Supplies,Labels,OFF-LA-10004484,20.0,20.0,6,2,765
3815,2022-03-24,Same Day,Consumer,Technology,Phones,TEC-PH-10002824,690.0,820.0,5,4,4091
3816,2022-11-18,Same Day,Consumer,Office Supplies,Paper,OFF-PA-10004965,20.0,20.0,2,2,2322
3817,2022-03-16,Standard Class,Consumer,Furniture,Tables,FUR-TA-10003569,690.0,800.0,2,2,1558
3818,2023-01-31,Standard Class,Consumer,Technology,Phones,TEC-PH-10003187,50.0,60.0,3,3,4083
3819,2022-11-29,Standard Class,Consumer,Furniture,Chairs,FUR-CH-10004853,860.0,1060.0,7,4,4467
3820,2023-01-04,Standard Class,Consumer,Office Supplies,Binders,OFF-BI-10001031,10.0,10.0,3,3,3367
3821,2023-06-06,Standard Class,Consumer,Furniture,Bookcases,FUR-BO-10003034,280.0,310.0,3,2,911
3822,2023-03-30,Standard Class,Consumer,Office Supplies,Paper,OFF-PA-10000069,20.0,20.0,2,4,744
3823,2023-03-24,Standard Class,Consumer,Office Supplies,Binders,OFF-BI-10003655,20.0,20.0,6,3,4996
3824,2022-07-25,Standard Class,Consumer,Office Supplies,Storage,OFF-ST-10000585,810.0,990.0,6,3,4140
3825,2022-05-21,Standard Class,Consumer,Technology,Copiers,TEC-CO-10001571,840.0,880.0,2,3,9
3826,2023-11-21,Standard Class,Consumer,Office Supplies,Binders,OFF-BI-10002012,10.0,10.0,9,4,1724
3827,2023-06-03,Standard Class,Corporate,Office Supplies,Storage,OFF-ST-10001228,100.0,110.0,10,5,496
3828,2023-07-16,Standard Class,Corporate,Furniture,Chairs,FUR-CH-10004086,1310.0,1460.0,5,4,366
3829,2023-07-26,Standard Class,Corporate,Furniture,Chairs,FUR-CH-10002017,30.0,30.0,1,4,4816
3830,2023-02-10,Standard Class,Corporate,Furniture,Chairs,FUR-CH-10000595,390.0,480.0,2,3,2491
3831,2023-07-01,Standard Class,Corporate,Office Supplies,Appliances,OFF-AP-10001563,70.0,90.0,2,5,2749
3832,2022-06-30,Standard Class,Consumer,Furniture,Furnishings,FUR-FU-10004017,70.0,80.0,3,3,1636
3833,2023-11-21,Standard Class,Consumer,Office Supplies,Binders,OFF-BI-10002571,20.0,20.0,2,4,2042
3834,2023-05-17,Same Day,Corporate,Technology,Phones,TEC-PH-10000560,900.0,1050.0,5,5,5013
3835,2022-04-30,Same Day,Corporate,Furniture,Chairs,FUR-CH-10000847,500.0,610.0,3,5,2345
3836,2022-07-07,Standard Class,Corporate,Office Supplies,Fasteners,OFF-FA-10000611,10.0,10.0,2,5,1673
3837,2023-04-04,Standard Class,Corporate,Office Supplies,Paper,OFF-PA-10004733,20.0,20.0,3,2,1349
3838,2023-11-20,Standard Class,Consumer,Technology,Phones,TEC-PH-10001363,860.0,910.0,2,2,1056
3839,2023-08-09,Standard Class,Consumer,Furniture,Chairs,FUR-CH-10003312,630.0,670.0,3,4,2241
3840,2023-01-27,Standard Class,Consumer,Furniture,Furnishings,FUR-FU-10004018,120.0,130.0,9,3,4751
3841,2022-05-30,Standard Class,Consumer,Technology,Accessories,TEC-AC-10004814,140.0,170.0,3,5,1209
3842,2023-08-12,Standard Class,Corporate,Furniture,Chairs,FUR-CH-10002647,160.0,170.0,3,2,5099
3843,2023-12-14,First Class,Corporate,Office Supplies,Binders,OFF-BI-10004140,10.0,10.0,2,3,2238
3844,2023-07-28,First Class,Corporate,Office Supplies,Supplies,OFF-SU-10002301,10.0,10.0,2,2,2783
3845,2023-02-28,First Class,Corporate,Office Supplies,Supplies,OFF-SU-10000646,460.0,480.0,2,4,321
3846,2023-05-28,First Class,Corporate,Furniture,Bookcases,FUR-BO-10001337,530.0,620.0,6,4,191
3847,2023-04-16,First Class,Corporate,Office Supplies,Storage,OFF-ST-10003442,120.0,140.0,5,5,1211
3848,2022-02-28,Second Class,Home Office,Office Supplies,Storage,OFF-ST-10001097,470.0,500.0,3,5,48
3849,2023-07-18,First Class,Consumer,Office Supplies,Binders,OFF-BI-10004318,560.0,690.0,4,2,4988
3850,2023-08-25,First Class,Consumer,Technology,Accessories,TEC-AC-10004633,30.0,30.0,5,3,2711
3851,2023-12-08,Standard Class,Corporate,Office Supplies,Paper,OFF-PA-10001970,80.0,90.0,7,3,4882
3852,2022-03-17,Same Day,Home Office,Furniture,Furnishings,FUR-FU-10004006,80.0,90.0,2,2,501
3853,2023-10-14,First Class,Consumer,Office Supplies,Binders,OFF-BI-10001524,30.0,30.0,8,4,1072
3854,2022-10-27,Standard Class,Home Office,Furniture,Furnishings,FUR-FU-10004164,20.0,20.0,1,2,1324
3855,2023-12-05,Standard Class,Home Office,Office Supplies,Storage,OFF-ST-10002957,30.0,30.0,5,3,1895
3856,2022-02-13,Second Class,Consumer,Office Supplies,Binders,OFF-BI-10004364,10.0,10.0,3,4,2438
3857,2023-12-11,Second Class,Consumer,Technology,Phones,TEC-PH-10002824,660.0,820.0,5,3,2384
3858,2022-08-24,Second Class,Consumer,Office Supplies,Art,OFF-AR-10000634,10.0,10.0,3,2,4630
3859,2022-12-03,Same Day,Consumer,Technology,Accessories,TEC-AC-10001539,400.0,450.0,7,2,2886
3860,2022-07-07,Standard Class,Home Office,Furniture,Tables,FUR-TA-10001932,410.0,480.0,3,2,970
3861,2023-05-26,Standard Class,Home Office,Technology,Phones,TEC-PH-10002789,110.0,120.0,1,3,218
3862,2023-05-02,Standard Class,Consumer,Office Supplies,Binders,OFF-BI-10004828,30.0,40.0,3,2,1287
3863,2023-05-05,Standard Class,Consumer,Office Supplies,Binders,OFF-BI-10003981,10.0,10.0,3,3,2095
3864,2022-10-21,Second Class,Consumer,Office Supplies,Art,OFF-AR-10001770,10.0,10.0,4,4,4407
3865,2023-04-11,Standard Class,Consumer,Furniture,Furnishings,FUR-FU-10004904,120.0,150.0,5,2,4702
3866,2023-01-19,Second Class,Consumer,Technology,Accessories,TEC-AC-10002842,190.0,240.0,2,5,5081
3867,2023-02-20,Second Class,Consumer,Technology,Accessories,TEC-AC-10003590,150.0,160.0,6,5,3079
3868,2023-01-20,Second Class,Consumer,Technology,Accessories,TEC-AC-10000710,120.0,150.0,9,3,2258
3869,2023-06-27,Second Class,Consumer,Furniture,Chairs,FUR-CH-10004495,210.0,240.0,1,3,4543
3870,2023-04-29,Second Class,Consumer,Furniture,Chairs,FUR-CH-10004540,160.0,190.0,7,3,309
3871,2023-07-05,Second Class,Consumer,Office Supplies,Paper,OFF-PA-10004971,10.0,10.0,2,4,885
3872,2022-02-06,Second Class,Consumer,Office Supplies,Envelopes,OFF-EN-10002600,10.0,10.0,4,4,2082
3873,2023-04-01,Second Class,Consumer,Furniture,Chairs,FUR-CH-10001854,700.0,840.0,3,2,3849
3874,2023-03-03,Second Class,Consumer,Office Supplies,Envelopes,OFF-EN-10001099,20.0,20.0,3,2,628
3875,2023-05-23,Second Class,Consumer,Office Supplies,Binders,OFF-BI-10001597,90.0,90.0,7,2,4231
3876,2022-09-01,Second Class,Consumer,Technology,Phones,TEC-PH-10002660,100.0,110.0,2,5,4715
3877,2023-01-16,Second Class,Consumer,Office Supplies,Paper,OFF-PA-10000327,10.0,10.0,3,2,3003
3878,2023-12-14,Standard Class,Consumer,Office Supplies,Binders,OFF-BI-10001191,40.0,40.0,5,4,3179
3879,2022-05-27,First Class,Corporate,Office Supplies,Storage,OFF-ST-10003455,50.0,50.0,4,2,4629
3880,2022-11-08,First Class,Corporate,Office Supplies,Storage,OFF-ST-10001031,40.0,50.0,4,4,2366
3881,2022-09-22,Standard Class,Consumer,Office Supplies,Paper,OFF-PA-10002245,10.0,10.0,2,2,4931
3882,2023-09-26,Standard Class,Consumer,Office Supplies,Storage,OFF-ST-10004804,70.0,80.0,2,4,3827
3883,2022-01-31,Standard Class,Consumer,Furniture,Furnishings,FUR-FU-10004904,320.0,360.0,6,4,417
3884,2023-12-18,Standard Class,Consumer,Furniture,Furnishings,FUR-FU-10002396,40.0,40.0,4,2,4635
3885,2023-11-04,Standard Class,Corporate,Office Supplies,Art,OFF-AR-10002833,10.0,10.0,3,3,53
3886,2022-10-14,Standard Class,Consumer,Office Supplies,Binders,OFF-BI-10001072,10.0,10.0,4,4,387
3887,2022-10-25,Second Class,Consumer,Technology,Phones,TEC-PH-10003171,110.0,130.0,3,2,3479
3888,2023-12-12,Standard Class,Consumer,Office Supplies,Art,OFF-AR-10004511,10.0,10.0,2,3,3335
3889,2022-01-29,Standard Class,Consumer,Technology,Phones,TEC-PH-10001425,200.0,240.0,3,3,368
3890,2022-07-23,Standard Class,Consumer,Office Supplies,Storage,OFF-ST-10001490,300.0,360.0,2,3,83
3891,2022-08-21,Standard Class,Corporate,Technology,Accessories,TEC-AC-10003033,550.0,660.0,2,4,4454
3892,2022-07-21,Standard Class,Corporate,Furniture,Chairs,FUR-CH-10001394,1510.0,1680.0,6,2,2755
3893,2023-01-17,Standard Class,Corporate,Technology,Accessories,TEC-AC-10000420,480.0,560.0,8,4,4640
3894,2023-11-07,Standard Class,Consumer,Technology,Accessories,TEC-AC-10004901,230.0,280.0,7,2,17
3895,2023-10-09,Standard Class,Home Office,Office Supplies,Binders,OFF-BI-10002571,10.0,10.0,5,2,2381
3896,2023-11-07,Standard Class,Home Office,Technology,Accessories,TEC-AC-10002331,40.0,50.0,5,2,4484
3897,2023-02-02,Standard Class,Corporate,Office Supplies,Fasteners,OFF-FA-10000611,10.0,10.0,3,4,2114
3898,2022-10-04,Standard Class,Corporate,Office Supplies,Paper,OFF-PA-10000304,20.0,20.0,3,4,3119
3899,2022-04-25,Standard Class,Consumer,Office Supplies,Fasteners,OFF-FA-10000611,10.0,10.0,2,5,1269
3900,2022-06-03,First Class,Consumer,Technology,Accessories,TEC-AC-10002567,110.0,130.0,2,3,136
3901,2022-11-18,Standard Class,Corporate,Office Supplies,Paper,OFF-PA-10001937,10.0,10.0,2,5,4368
3902,2022-11-29,Standard Class,Home Office,Technology,Accessories,TEC-AC-10001090,40.0,50.0,2,3,111
3903,2022-05-04,Second Class,Home Office,Office Supplies,Storage,OFF-ST-10000943,250.0,270.0,14,4,3189
3904,2023-10-29,Standard Class,Home Office,Office Supplies,Appliances,OFF-AP-10004036,80.0,100.0,7,5,702
3905,2022-02-18,Standard Class,Home Office,Office Supplies,Storage,OFF-ST-10003816,470.0,560.0,4,3,366
3906,2023-08-08,Standard Class,Home Office,Office Supplies,Binders,OFF-BI-10002072,10.0,10.0,4,5,827
3907,2023-07-26,Standard Class,Home Office,Furniture,Furnishings,FUR-FU-10001468,490.0,550.0,4,5,499
3908,2023-02-02,Standard Class,Home Office,Technology,Phones,TEC-PH-10000347,10.0,10.0,5,4,314
3909,2023-11-29,Standard Class,Home Office,Technology,Phones,TEC-PH-10002844,40.0,40.0,2,2,256
3910,2023-05-19,Standard Class,Home Office,Furniture,Furnishings,FUR-FU-10001037,10.0,10.0,1,2,3114
3911,2022-07-03,Standard Class,Home Office,Furniture,Bookcases,FUR-BO-10004218,280.0,350.0,5,2,2693
3912,2022-03-08,First Class,Consumer,Technology,Phones,TEC-PH-10001619,420.0,470.0,3,3,622
3913,2022-09-08,Standard Class,Corporate,Office Supplies,Paper,OFF-PA-10001639,20.0,20.0,3,4,4557
3914,2022-02-23,Standard Class,Corporate,Furniture,Furnishings,FUR-FU-10002268,10.0,10.0,2,3,1636
3915,2022-06-30,Standard Class,Consumer,Furniture,Tables,FUR-TA-10001932,750.0,800.0,5,3,2647
3916,2022-02-14,Standard Class,Consumer,Furniture,Chairs,FUR-CH-10004218,140.0,160.0,2,5,3051
3917,2023-05-04,Standard Class,Consumer,Office Supplies,Paper,OFF-PA-10000246,20.0,20.0,2,2,2306
3918,2022-06-27,Standard Class,Consumer,Office Supplies,Binders,OFF-BI-10003350,10.0,10.0,4,3,1521
3919,2022-12-16,Standard Class,Consumer,Furniture,Chairs,FUR-CH-10000513,270.0,310.0,3,4,319
3920,2022-10-28,Standard Class,Corporate,Office Supplies,Storage,OFF-ST-10001321,60.0,60.0,4,5,4936
3921,2023-01-27,Standard Class,Corporate,Office Supplies,Binders,OFF-BI-10004233,60.0,60.0,4,5,1506
3922,2022-01-26,Second Class,Consumer,Technology,Phones,TEC-PH-10001299,310.0,360.0,3,4,512
3923,2022-03-03,Standard Class,Consumer,Office Supplies,Paper,OFF-PA-10002479,20.0,30.0,6,4,2165
3924,2022-02-15,Standard Class,Consumer,Office Supplies,Paper,OFF-PA-10001461,30.0,30.0,5,2,3633
3925,2022-08-15,Standard Class,Consumer,Office Supplies,Storage,OFF-ST-10004963,30.0,30.0,2,5,2611
3926,2023-08-26,Standard Class,Consumer,Office Supplies,Storage,OFF-ST-10000943,50.0,60.0,3,4,2527
3927,2022-12-29,Standard Class,Consumer,Furniture,Furnishings,FUR-FU-10004671,30.0,40.0,2,2,4705
3928,2023-05-06,Standard Class,Consumer,Office Supplies,Binders,OFF-BI-10002735,130.0,140.0,5,5,3358
3929,2023-07-03,First Class,Consumer,Furniture,Bookcases,FUR-BO-10004409,190.0,240.0,5,2,238
3930,2022-07-18,First Class,Consumer,Office Supplies,Paper,OFF-PA-10001934,10.0,10.0,1,2,4314
3931,2022-10-17,First Class,Consumer,Office Supplies,Art,OFF-AR-10001044,130.0,150.0,7,4,4136
3932,2023-03-26,Standard Class,Corporate,Office Supplies,Art,OFF-AR-10004165,10.0,10.0,3,2,338
3933,2023-04-04,Standard Class,Corporate,Technology,Accessories,TEC-AC-10001109,50.0,50.0,2,5,334
3934,2022-05-28,Standard Class,Consumer,Office Supplies,Art,OFF-AR-10001919,10.0,10.0,5,3,2489
3935,2022-02-05,Standard Class,Consumer,Office Supplies,Labels,OFF-LA-10004544,70.0,70.0,5,2,4345
3936,2023-10-21,Standard Class,Consumer,Technology,Phones,TEC-PH-10003484,180.0,200.0,2,5,3217
3937,2023-09-26,Standard Class,Consumer,Office Supplies,Envelopes,OFF-EN-10001028,20.0,30.0,3,4,3527
3938,2022-10-24,Standard Class,Consumer,Office Supplies,Paper,OFF-PA-10004156,30.0,30.0,3,3,1177
3939,2023-05-20,Standard Class,Consumer,Furniture,Chairs,FUR-CH-10001708,190.0,200.0,2,2,4693
3940,2023-07-24,Same Day,Consumer,Furniture,Chairs,FUR-CH-10003379,1350.0,1420.0,5,4,1026
3941,2022-07-22,Standard Class,Consumer,Furniture,Furnishings,FUR-FU-10002456,10.0,10.0,2,4,760
3942,2022-02-17,Standard Class,Consumer,Office Supplies,Binders,OFF-BI-10000605,10.0,10.0,1,4,2452
3943,2022-05-04,Second Class,Consumer,Office Supplies,Paper,OFF-PA-10001166,20.0,30.0,5,3,284
3944,2023-04-08,Standard Class,Consumer,Office Supplies,Supplies,OFF-SU-10000157,770.0,840.0,7,3,4277
3945,2023-06-20,Second Class,Consumer,Office Supplies,Paper,OFF-PA-10004971,20.0,20.0,3,5,5044
3946,2022-05-23,Standard Class,Consumer,Office Supplies,Paper,OFF-PA-10001977,30.0,40.0,1,3,3513
3947,2022-11-08,Standard Class,Consumer,Office Supplies,Supplies,OFF-SU-10001225,10.0,10.0,1,3,3287
3948,2022-09-22,Standard Class,Home Office,Office Supplies,Art,OFF-AR-10003514,10.0,10.0,2,2,3303
3949,2022-04-18,Standard Class,Home Office,Office Supplies,Labels,OFF-LA-10003510,50.0,50.0,2,2,1386
3950,2023-09-11,Standard Class,Home Office,Office Supplies,Paper,OFF-PA-10001970,20.0,20.0,2,3,1568
3951,2023-01-11,Standard Class,Home Office,Furniture,Chairs,FUR-CH-10003817,240.0,260.0,6,2,492
3952,2022-01-20,Second Class,Consumer,Office Supplies,Binders,OFF-BI-10003676,20.0,20.0,2,2,3738
3953,2022-01-22,Standard Class,Corporate,Technology,Phones,TEC-PH-10003535,130.0,160.0,2,4,2038
3954,2022-07-25,Standard Class,Consumer,Office Supplies,Paper,OFF-PA-10004675,10.0,10.0,2,2,14
3955,2022-12-02,Standard Class,Consumer,Furniture,Furnishings,FUR-FU-10004020,10.0,10.0,1,2,752
3956,2023-12-24,Standard Class,Consumer,Office Supplies,Art,OFF-AR-10001955,70.0,80.0,4,3,3765
3957,2022-06-09,Standard Class,Consumer,Furniture,Furnishings,FUR-FU-10002364,20.0,20.0,3,2,4504
3958,2022-11-17,Standard Class,Consumer,Office Supplies,Binders,OFF-BI-10002414,10.0,10.0,3,2,2656
3959,2022-04-13,Standard Class,Consumer,Office Supplies,Art,OFF-AR-10003732,10.0,10.0,2,5,3011
3960,2023-02-01,Standard Class,Consumer,Furniture,Furnishings,FUR-FU-10001085,40.0,40.0,3,4,3322
3961,2023-07-26,Standard Class,Corporate,Office Supplies,Binders,OFF-BI-10001249,30.0,40.0,6,2,1793
3962,2023-03-04,Standard Class,Corporate,Technology,Phones,TEC-PH-10002564,120.0,150.0,5,4,2238
3963,2022-02-10,First Class,Home Office,Office Supplies,Art,OFF-AR-10000634,10.0,10.0,3,5,4913
3964,2022-07-26,First Class,Home Office,Furniture,Furnishings,FUR-FU-10004018,40.0,40.0,3,4,2700
3965,2022-05-27,Standard Class,Consumer,Office Supplies,Art,OFF-AR-10003481,10.0,10.0,3,4,868
3966,2022-01-15,Second Class,Corporate,Office Supplies,Art,OFF-AR-10003651,10.0,10.0,3,3,3457
3967,2022-12-23,Standard Class,Consumer,Office Supplies,Art,OFF-AR-10002956,80.0,90.0,4,2,4974
3968,2022-06-28,First Class,Home Office,Office Supplies,Binders,OFF-BI-10003638,30.0,40.0,7,3,893
3969,2022-09-10,Standard Class,Corporate,Office Supplies,Binders,OFF-BI-10001890,10.0,10.0,8,5,1424
3970,2023-03-20,Standard Class,Corporate,Office Supplies,Paper,OFF-PA-10002606,30.0,40.0,10,4,4158
3971,2022-12-26,Standard Class,Consumer,Office Supplies,Paper,OFF-PA-10002245,40.0,50.0,9,4,155
3972,2022-07-05,Second Class,Home Office,Office Supplies,Art,OFF-AR-10001615,70.0,80.0,4,5,3215
3973,2022-09-28,Standard Class,Consumer,Office Supplies,Paper,OFF-PA-10000466,10.0,10.0,2,2,1986
3974,2023-08-25,Standard Class,Consumer,Office Supplies,Binders,OFF-BI-10003708,30.0,30.0,5,2,1290
3975,2023-10-17,Standard Class,Consumer,Furniture,Furnishings,FUR-FU-10004848,350.0,410.0,8,4,3001
3976,2023-04-02,Standard Class,Consumer,Office Supplies,Binders,OFF-BI-10000320,30.0,40.0,7,3,3659
3977,2022-06-26,First Class,Consumer,Furniture,Furnishings,FUR-FU-10003731,30.0,40.0,4,5,3358
3978,2022-10-20,Standard Class,Home Office,Office Supplies,Fasteners,OFF-FA-10002780,10.0,10.0,3,3,794
3979,2023-02-13,Standard Class,Home Office,Technology,Phones,TEC-PH-10003800,70.0,80.0,2,3,193
3980,2023-01-08,Standard Class,Corporate,Furniture,Tables,FUR-TA-10001676,50.0,50.0,2,2,4815
3981,2023-12-22,Standard Class,Corporate,Office Supplies,Appliances,OFF-AP-10002350,50.0,60.0,3,2,3725
3982,2022-12-04,Standard Class,Home Office,Furniture,Furnishings,FUR-FU-10003096,20.0,20.0,3,3,2937
3983,2023-05-21,Second Class,Consumer,Furniture,Chairs,FUR-CH-10003061,240.0,290.0,4,3,565
3984,2023-05-18,Second Class,Consumer,Technology,Copiers,TEC-CO-10003763,2350.0,2800.0,5,2,3799
3985,2022-09-17,Second Class,Consumer,Office Supplies,Paper,OFF-PA-10002923,40.0,50.0,1,2,2397
3986,2022-03-13,Standard Class,Consumer,Furniture,Bookcases,FUR-BO-10003441,210.0,260.0,3,4,1326
3987,2022-01-12,Standard Class,Home Office,Office Supplies,Storage,OFF-ST-10001780,2120.0,2590.0,4,5,2590
3988,2023-12-19,Standard Class,Home Office,Office Supplies,Appliances,OFF-AP-10001962,30.0,40.0,5,4,839
3989,2022-08-16,Standard Class,Corporate,Furniture,Furnishings,FUR-FU-10003798,70.0,80.0,5,5,2029
3990,2022-05-11,Second Class,Consumer,Furniture,Furnishings,FUR-FU-10001095,50.0,50.0,2,3,5018
3991,2023-07-02,Standard Class,Consumer,Office Supplies,Supplies,OFF-SU-10000157,270.0,290.0,3,2,2957
3992,2022-11-03,Standard Class,Corporate,Furniture,Furnishings,FUR-FU-10001095,50.0,60.0,3,4,4011
3993,2023-08-04,Standard Class,Corporate,Office Supplies,Supplies,OFF-SU-10004261,40.0,40.0,3,3,2908
3994,2022-09-01,Standard Class,Corporate,Office Supplies,Art,OFF-AR-10004022,140.0,170.0,6,2,3448
3995,2022-04-20,Standard Class,Consumer,Furniture,Bookcases,FUR-BO-10002916,410.0,510.0,3,3,3018
3996,2022-07-01,Standard Class,Consumer,Furniture,Chairs,FUR-CH-10002084,730.0,860.0,7,4,2128
3997,2023-10-03,Standard Class,Consumer,Technology,Phones,TEC-PH-10003012,660.0,770.0,5,2,1121
3998,2023-10-02,Standard Class,Consumer,Office Supplies,Art,OFF-AR-10002704,10.0,10.0,1,3,4878
3999,2022-12-12,Standard Class,Consumer,Furniture,Furnishings,FUR-FU-10000308,310.0,370.0,6,2,4876
4000,2022-01-09,Second Class,Corporate,Furniture,Bookcases,FUR-BO-10004709,200.0,230.0,5,5,4302
4001,2022-08-26,Standard Class,Home Office,Furniture,Furnishings,FUR-FU-10001196,50.0,60.0,11,5,3598
4002,2023-08-13,Standard Class,Home Office,Technology,Accessories,TEC-AC-10002942,290.0,350.0,5,4,4641
4003,2023-06-03,Standard Class,Consumer,Furniture,Tables,FUR-TA-10004915,520.0,640.0,3,5,1922
4004,2022-04-06,Standard Class,Consumer,Technology,Machines,TEC-MA-10001016,240.0,290.0,3,4,1353
4005,2022-12-20,Standard Class,Consumer,Office Supplies,Envelopes,OFF-EN-10000483,30.0,40.0,3,4,1164
4006,2022-05-21,Standard Class,Consumer,Office Supplies,Art,OFF-AR-10003087,15.0,15.0,1,3,510
4007,2023-07-05,Standard Class,Consumer,Office Supplies,Paper,OFF-PA-10000520,30.0,30.0,4,3,2629
4008,2023-08-14,Standard Class,Consumer,Technology,Accessories,TEC-AC-10001553,90.0,100.0,6,2,3644
4009,2022-09-12,Standard Class,Corporate,Office Supplies,Art,OFF-AR-10000634,10.0,10.0,2,2,401
4010,2022-09-18,Standard Class,Consumer,Furniture,Furnishings,FUR-FU-10001215,380.0,470.0,11,5,2228
4011,2023-07-15,First Class,Consumer,Office Supplies,Paper,OFF-PA-10001204,10.0,10.0,2,3,2678
4012,2023-02-04,First Class,Consumer,Office Supplies,Storage,OFF-ST-10002444,40.0,40.0,4,4,1375
4013,2022-07-31,Standard Class,Home Office,Office Supplies,Art,OFF-AR-10000203,20.0,20.0,4,3,15
4014,2022-01-27,Standard Class,Consumer,Office Supplies,Appliances,OFF-AP-10000828,480.0,540.0,3,3,41
4015,2023-02-08,Standard Class,Consumer,Office Supplies,Labels,OFF-LA-10003190,10.0,10.0,3,3,2874
4016,2023-02-27,Standard Class,Consumer,Office Supplies,Paper,OFF-PA-10002319,160.0,190.0,5,2,4109
4017,2022-10-25,Standard Class,Consumer,Office Supplies,Paper,OFF-PA-10003893,20.0,20.0,5,5,3289
4018,2023-01-25,Standard Class,Consumer,Office Supplies,Paper,OFF-PA-10002499,90.0,100.0,2,5,3789
4019,2022-10-30,Standard Class,Consumer,Technology,Accessories,TEC-AC-10004568,200.0,250.0,9,5,4554
4020,2022-10-28,Standard Class,Consumer,Office Supplies,Appliances,OFF-AP-10001492,20.0,30.0,3,2,3341
4021,2022-02-04,Standard Class,Consumer,Furniture,Chairs,FUR-CH-10004698,140.0,170.0,3,4,4161
4022,2022-01-20,Standard Class,Consumer,Technology,Phones,TEC-PH-10004093,70.0,80.0,3,3,334
4023,2022-05-01,Standard Class,Consumer,Furniture,Chairs,FUR-CH-10000454,770.0,850.0,5,4,2522
4024,2023-05-04,First Class,Corporate,Furniture,Bookcases,FUR-BO-10003034,450.0,560.0,5,2,2921
4025,2022-01-22,First Class,Corporate,Technology,Phones,TEC-PH-10003215,100.0,100.0,4,5,1629
4026,2023-05-12,First Class,Corporate,Office Supplies,Paper,OFF-PA-10001776,30.0,30.0,4,5,2889
4027,2022-11-24,First Class,Corporate,Office Supplies,Art,OFF-AR-10004582,10.0,10.0,7,2,404
4028,2023-05-19,First Class,Corporate,Technology,Phones,TEC-PH-10001557,130.0,150.0,2,3,2777
4029,2022-01-06,First Class,Corporate,Office Supplies,Binders,OFF-BI-10004209,10.0,10.0,8,2,3035
4030,2022-06-05,Standard Class,Consumer,Technology,Machines,TEC-MA-10003183,400.0,480.0,3,2,2263
4031,2022-04-09,Standard Class,Consumer,Furniture,Chairs,FUR-CH-10002439,190.0,230.0,4,3,3612
4032,2023-03-18,Standard Class,Home Office,Office Supplies,Appliances,OFF-AP-10000576,220.0,240.0,6,5,4199
4033,2022-02-14,Standard Class,Home Office,Office Supplies,Paper,OFF-PA-10004040,20.0,30.0,5,5,2229
4034,2023-05-28,Standard Class,Home Office,Technology,Accessories,TEC-AC-10003063,90.0,100.0,4,4,1149
4035,2022-05-08,Same Day,Corporate,Office Supplies,Binders,OFF-BI-10003982,20.0,20.0,3,5,3547
4036,2023-10-20,Same Day,Corporate,Technology,Accessories,TEC-AC-10002567,330.0,380.0,6,5,1697
4037,2023-12-20,Standard Class,Consumer,Office Supplies,Storage,OFF-ST-10004950,20.0,20.0,2,5,3620
4038,2022-01-22,Standard Class,Corporate,Furniture,Furnishings,FUR-FU-10000550,20.0,20.0,5,2,4940
4039,2023-05-24,Standard Class,Corporate,Office Supplies,Paper,OFF-PA-10000528,20.0,20.0,4,5,2164
4040,2022-04-06,Standard Class,Corporate,Technology,Machines,TEC-MA-10003183,630.0,770.0,6,3,4194
4041,2023-07-29,Standard Class,Corporate,Office Supplies,Binders,OFF-BI-10003305,10.0,10.0,3,5,640
4042,2022-02-12,Standard Class,Corporate,Technology,Phones,TEC-PH-10001425,160.0,190.0,3,4,2908
4043,2023-01-28,Standard Class,Corporate,Office Supplies,Labels,OFF-LA-10001474,230.0,270.0,9,4,2854
4044,2023-03-08,Standard Class,Corporate,Furniture,Furnishings,FUR-FU-10000672,60.0,70.0,6,4,2857
4045,2023-11-16,Standard Class,Consumer,Furniture,Furnishings,FUR-FU-10001979,170.0,200.0,5,3,611
4046,2022-08-11,Standard Class,Corporate,Office Supplies,Binders,OFF-BI-10003707,10.0,10.0,3,3,1554
4047,2023-11-14,Standard Class,Consumer,Office Supplies,Appliances,OFF-AP-10002191,20.0,20.0,2,5,3104
4048,2023-04-10,First Class,Corporate,Office Supplies,Paper,OFF-PA-10000501,70.0,80.0,3,5,4887
4049,2023-07-05,First Class,Corporate,Technology,Accessories,TEC-AC-10001990,560.0,600.0,10,3,4772
4050,2022-08-02,Second Class,Consumer,Furniture,Furnishings,FUR-FU-10003601,260.0,280.0,3,4,3863
4051,2022-12-24,Second Class,Consumer,Furniture,Chairs,FUR-CH-10001891,150.0,170.0,2,2,1145
4052,2023-02-04,Standard Class,Corporate,Office Supplies,Art,OFF-AR-10003469,10.0,10.0,3,3,2520
4053,2022-08-29,Standard Class,Corporate,Furniture,Tables,FUR-TA-10004175,360.0,410.0,2,4,1870
4054,2022-08-14,Standard Class,Corporate,Office Supplies,Labels,OFF-LA-10002945,60.0,60.0,11,3,3022
4055,2023-02-13,Standard Class,Corporate,Office Supplies,Paper,OFF-PA-10000533,20.0,20.0,4,3,107
4056,2023-07-25,Standard Class,Corporate,Office Supplies,Storage,OFF-ST-10004459,1640.0,1800.0,6,4,3078
4057,2023-03-14,Standard Class,Corporate,Furniture,Tables,FUR-TA-10004147,60.0,70.0,1,2,829
4058,2023-02-06,Standard Class,Consumer,Office Supplies,Storage,OFF-ST-10000046,570.0,650.0,5,4,1583
4059,2022-08-13,Standard Class,Consumer,Technology,Phones,TEC-PH-10004774,60.0,70.0,7,4,1582
4060,2022-09-04,Standard Class,Consumer,Furniture,Chairs,FUR-CH-10000595,460.0,570.0,3,3,3105
4061,2022-01-21,Standard Class,Consumer,Technology,Accessories,TEC-AC-10002473,60.0,70.0,3,3,4052
4062,2022-03-28,First Class,Corporate,Office Supplies,Binders,OFF-BI-10001628,30.0,30.0,3,2,1471
4063,2023-03-27,Standard Class,Consumer,Technology,Accessories,TEC-AC-10002800,40.0,40.0,1,5,1315
4064,2023-06-30,First Class,Consumer,Office Supplies,Art,OFF-AR-10002766,20.0,20.0,9,2,3020
4065,2023-02-05,First Class,Consumer,Office Supplies,Supplies,OFF-SU-10002522,10.0,10.0,1,3,3157
4066,2022-07-05,Standard Class,Corporate,Office Supplies,Fasteners,OFF-FA-10003021,10.0,10.0,5,5,2915
4067,2022-04-02,Standard Class,Corporate,Office Supplies,Art,OFF-AR-10000634,10.0,10.0,3,5,3070
4068,2023-10-25,Standard Class,Corporate,Office Supplies,Labels,OFF-LA-10001771,40.0,50.0,12,3,4266
4069,2022-12-05,Standard Class,Corporate,Technology,Phones,TEC-PH-10004434,900.0,980.0,9,4,699
4070,2022-04-12,First Class,Consumer,Office Supplies,Binders,OFF-BI-10000050,10.0,10.0,9,3,1549
4071,2023-10-02,First Class,Consumer,Office Supplies,Binders,OFF-BI-10002414,10.0,10.0,4,5,4783
4072,2022-09-03,First Class,Consumer,Furniture,Bookcases,FUR-BO-10003159,140.0,160.0,2,3,1078
4073,2022-04-11,Second Class,Home Office,Technology,Copiers,TEC-CO-10002095,920.0,1000.0,2,2,2569
4074,2022-01-26,First Class,Home Office,Technology,Phones,TEC-PH-10004120,780.0,820.0,6,5,1670
4075,2022-07-17,Standard Class,Consumer,Furniture,Furnishings,FUR-FU-10003553,200.0,220.0,4,2,4480
4076,2022-03-27,Standard Class,Consumer,Furniture,Furnishings,FUR-FU-10001488,280.0,340.0,4,4,1560
4077,2023-03-09,Second Class,Corporate,Office Supplies,Binders,OFF-BI-10003094,10.0,10.0,2,4,1429
4078,2023-04-13,Second Class,Corporate,Office Supplies,Fasteners,OFF-FA-10003472,10.0,10.0,4,3,3693
4079,2022-08-23,Second Class,Corporate,Office Supplies,Paper,OFF-PA-10001289,100.0,120.0,3,3,4375
4080,2023-10-10,First Class,Consumer,Technology,Phones,TEC-PH-10002293,50.0,50.0,3,2,575
4081,2023-05-27,Standard Class,Corporate,Office Supplies,Paper,OFF-PA-10000380,50.0,60.0,9,5,1881
4082,2023-01-11,Standard Class,Corporate,Office Supplies,Binders,OFF-BI-10004828,10.0,10.0,1,2,4741
4083,2023-08-08,Standard Class,Corporate,Office Supplies,Binders,OFF-BI-10004632,160.0,180.0,3,3,1538
4084,2023-04-19,Standard Class,Corporate,Office Supplies,Paper,OFF-PA-10000327,10.0,10.0,3,3,3794
4085,2022-01-06,First Class,Home Office,Office Supplies,Binders,OFF-BI-10003291,10.0,10.0,3,3,871
4086,2022-10-13,Second Class,Corporate,Technology,Phones,TEC-PH-10002275,260.0,300.0,2,2,2611
4087,2023-01-18,Second Class,Corporate,Office Supplies,Binders,OFF-BI-10003291,20.0,20.0,3,3,1027
4088,2023-07-31,Second Class,Corporate,Office Supplies,Binders,OFF-BI-10000343,10.0,10.0,3,5,2694
4089,2022-04-17,Standard Class,Consumer,Furniture,Bookcases,FUR-BO-10000711,590.0,640.0,9,2,4402
4090,2022-06-20,Standard Class,Corporate,Office Supplies,Labels,OFF-LA-10001297,20.0,20.0,2,2,3205
4091,2023-07-23,Standard Class,Corporate,Office Supplies,Supplies,OFF-SU-10001574,10.0,10.0,3,4,523
4092,2022-08-09,Standard Class,Corporate,Office Supplies,Binders,OFF-BI-10003305,10.0,10.0,3,2,275
4093,2022-12-05,First Class,Consumer,Office Supplies,Storage,OFF-ST-10002574,200.0,220.0,2,4,90
4094,2023-09-09,Standard Class,Consumer,Technology,Machines,TEC-MA-10000864,2770.0,3080.0,7,2,2899
4095,2022-10-28,Standard Class,Consumer,Technology,Accessories,TEC-AC-10003289,70.0,80.0,4,2,2698
4096,2022-05-10,Standard Class,Consumer,Technology,Phones,TEC-PH-10001619,530.0,590.0,3,2,4367
4097,2022-05-21,Standard Class,Consumer,Office Supplies,Paper,OFF-PA-10004888,20.0,30.0,5,3,3726
4098,2023-02-22,Standard Class,Consumer,Office Supplies,Storage,OFF-ST-10000736,350.0,400.0,5,4,1177
4099,2023-02-27,Standard Class,Consumer,Office Supplies,Binders,OFF-BI-10001120,8410.0,9450.0,5,2,3336
4100,2023-12-05,Standard Class,Consumer,Office Supplies,Binders,OFF-BI-10000301,10.0,10.0,2,2,1265
4101,2023-04-18,Standard Class,Consumer,Office Supplies,Appliances,OFF-AP-10004655,40.0,50.0,1,3,1121
4102,2022-02-05,Standard Class,Consumer,Office Supplies,Appliances,OFF-AP-10002906,,,1,2,2845
4103,2022-01-12,Standard Class,Consumer,Office Supplies,Paper,OFF-PA-10000740,130.0,150.0,8,4,4259
4104,2023-02-03,Same Day,Home Office,Furniture,Furnishings,FUR-FU-10001940,20.0,20.0,2,3,1835
4105,2022-03-04,Standard Class,Consumer,Technology,Phones,TEC-PH-10000439,140.0,160.0,5,4,3835
4106,2023-05-07,Standard Class,Consumer,Office Supplies,Binders,OFF-BI-10000404,10.0,10.0,2,3,1505
4107,2023-11-11,Standard Class,Consumer,Office Supplies,Binders,OFF-BI-10003676,20.0,20.0,2,2,3399
4108,2022-10-25,Same Day,Consumer,Office Supplies,Storage,OFF-ST-10002486,10.0,10.0,2,5,3595
4109,2022-10-17,Same Day,Consumer,Furniture,Tables,FUR-TA-10003837,20.0,30.0,3,3,2099
4110,2022-01-20,Standard Class,Corporate,Technology,Phones,TEC-PH-10002923,60.0,70.0,2,2,1574
4111,2023-07-01,Standard Class,Corporate,Furniture,Bookcases,FUR-BO-10004360,130.0,160.0,1,2,2886
4112,2022-03-06,Standard Class,Corporate,Office Supplies,Paper,OFF-PA-10002160,20.0,20.0,3,2,4221
4113,2023-04-24,Standard Class,Corporate,Office Supplies,Art,OFF-AR-10002375,10.0,10.0,1,3,4311
4114,2022-06-15,Standard Class,Corporate,Office Supplies,Labels,OFF-LA-10000443,10.0,10.0,3,5,3644
4115,2022-08-28,Standard Class,Corporate,Technology,Phones,TEC-PH-10001750,140.0,160.0,3,2,87
4116,2023-06-19,First Class,Consumer,Office Supplies,Binders,OFF-BI-10004632,1150.0,1220.0,5,4,690
4117,2022-02-19,Standard Class,Consumer,Office Supplies,Binders,OFF-BI-10002813,10.0,10.0,2,3,177
4118,2022-04-09,Standard Class,Consumer,Office Supplies,Paper,OFF-PA-10002005,20.0,20.0,3,5,4096
4119,2022-12-18,Standard Class,Consumer,Office Supplies,Storage,OFF-ST-10000060,370.0,450.0,7,2,1348
4120,2023-10-13,Standard Class,Consumer,Office Supplies,Binders,OFF-BI-10002706,80.0,90.0,8,3,2496
4121,2022-01-22,Standard Class,Consumer,Technology,Accessories,TEC-AC-10000199,20.0,20.0,4,3,1075
4122,2022-01-06,Same Day,Consumer,Office Supplies,Paper,OFF-PA-10002870,40.0,40.0,6,3,1872
4123,2023-11-03,Same Day,Consumer,Office Supplies,Labels,OFF-LA-10004545,40.0,40.0,3,2,2244
4124,2023-02-09,Same Day,Consumer,Office Supplies,Binders,OFF-BI-10000962,30.0,30.0,2,2,3749
4125,2022-01-06,Standard Class,Corporate,Office Supplies,Appliances,OFF-AP-10004249,40.0,40.0,3,2,4751
4126,2023-08-01,Second Class,Consumer,Furniture,Furnishings,FUR-FU-10001602,80.0,90.0,3,5,1028
4127,2022-06-24,First Class,Consumer,Office Supplies,Art,OFF-AR-10003179,50.0,50.0,6,4,3057
4128,2023-07-12,Standard Class,Consumer,Office Supplies,Storage,OFF-ST-10003722,60.0,70.0,6,2,662
4129,2022-06-07,Standard Class,Consumer,Technology,Machines,TEC-MA-10001127,2310.0,2620.0,3,3,1481
4130,2023-11-06,Standard Class,Consumer,Office Supplies,Appliances,OFF-AP-10001947,60.0,70.0,4,3,4454
4131,2023-09-05,Standard Class,Corporate,Office Supplies,Binders,OFF-BI-10001107,10.0,10.0,5,4,2008
4132,2022-12-07,Standard Class,Consumer,Office Supplies,Paper,OFF-PA-10000349,10.0,10.0,3,4,2364
4133,2022-12-11,Standard Class,Consumer,Office Supplies,Paper,OFF-PA-10003349,20.0,20.0,3,2,4595
4134,2022-02-24,Standard Class,Consumer,Office Supplies,Fasteners,OFF-FA-10002280,50.0,50.0,9,4,3591
4135,2023-12-21,Standard Class,Consumer,Technology,Machines,TEC-MA-10000029,190.0,210.0,3,3,4250
4136,2022-02-18,Standard Class,Home Office,Office Supplies,Binders,OFF-BI-10002854,90.0,110.0,5,5,1371
4137,2022-08-08,Standard Class,Home Office,Office Supplies,Storage,OFF-ST-10003716,1500.0,1580.0,7,3,1110
4138,2023-05-08,Standard Class,Consumer,Office Supplies,Fasteners,OFF-FA-10000624,30.0,30.0,7,4,422
4139,2023-06-06,First Class,Corporate,Office Supplies,Binders,OFF-BI-10004654,10.0,10.0,6,4,640
4140,2023-11-30,First Class,Consumer,Office Supplies,Storage,OFF-ST-10001228,30.0,40.0,3,3,1708
4141,2023-05-28,First Class,Consumer,Furniture,Furnishings,FUR-FU-10003798,80.0,80.0,5,2,4963
4142,2022-01-28,Standard Class,Consumer,Office Supplies,Labels,OFF-LA-10003148,20.0,20.0,3,2,1745
4143,2023-06-09,Standard Class,Consumer,Office Supplies,Binders,OFF-BI-10001249,50.0,60.0,9,4,4483
4144,2022-12-08,Standard Class,Home Office,Office Supplies,Art,OFF-AR-10003759,10.0,10.0,7,2,1820
4145,2022-01-03,Standard Class,Home Office,Office Supplies,Art,OFF-AR-10001227,10.0,10.0,3,5,2660
4146,2022-12-24,Standard Class,Home Office,Furniture,Chairs,FUR-CH-10000863,100.0,120.0,1,5,1249
4147,2023-11-15,Standard Class,Consumer,Furniture,Furnishings,FUR-FU-10004017,280.0,320.0,3,2,2415
4148,2023-05-29,Standard Class,Consumer,Office Supplies,Binders,OFF-BI-10000962,10.0,10.0,3,5,5000
4149,2022-07-15,Standard Class,Consumer,Office Supplies,Storage,OFF-ST-10004507,10.0,10.0,1,3,2401
4150,2023-02-27,Standard Class,Consumer,Technology,Accessories,TEC-AC-10002942,50.0,60.0,1,2,921
4151,2023-08-24,Standard Class,Consumer,Office Supplies,Storage,OFF-ST-10002344,240.0,260.0,4,3,650
4152,2023-08-10,Standard Class,Consumer,Office Supplies,Labels,OFF-LA-10002475,30.0,30.0,5,3,1119
4153,2022-02-04,Standard Class,Consumer,Office Supplies,Paper,OFF-PA-10003072,20.0,20.0,3,4,353
4154,2023-12-11,Standard Class,Consumer,Office Supplies,Envelopes,OFF-EN-10001509,10.0,10.0,3,2,1030
4155,2022-11-09,Standard Class,Corporate,Office Supplies,Binders,OFF-BI-10004781,30.0,40.0,4,5,2259
4156,2022-06-24,Standard Class,Corporate,Office Supplies,Binders,OFF-BI-10000145,10.0,10.0,3,4,606
4157,2022-03-30,Second Class,Consumer,Technology,Accessories,TEC-AC-10003280,40.0,50.0,2,3,2066
4158,2023-12-07,Second Class,Consumer,Office Supplies,Binders,OFF-BI-10001107,30.0,30.0,6,2,524
4159,2023-06-08,Standard Class,Corporate,Office Supplies,Paper,OFF-PA-10000533,20.0,20.0,3,2,1943
4160,2022-03-21,Standard Class,Consumer,Office Supplies,Art,OFF-AR-10003056,10.0,10.0,3,3,1682
4161,2022-12-19,Standard Class,Consumer,Technology,Phones,TEC-PH-10002834,480.0,540.0,3,5,1861
4162,2022-05-09,Standard Class,Consumer,Office Supplies,Storage,OFF-ST-10002214,20.0,20.0,2,2,2050
4163,2022-05-26,Standard Class,Consumer,Office Supplies,Labels,OFF-LA-10004484,20.0,20.0,4,3,4941
4164,2022-08-20,Standard Class,Consumer,Office Supplies,Binders,OFF-BI-10003091,570.0,670.0,3,5,2977
4165,2022-12-19,First Class,Corporate,Technology,Accessories,TEC-AC-10003027,140.0,170.0,7,3,2930
4166,2022-10-12,First Class,Corporate,Office Supplies,Storage,OFF-ST-10003638,160.0,170.0,9,5,1554
4167,2022-12-14,Standard Class,Corporate,Office Supplies,Paper,OFF-PA-10003848,20.0,20.0,3,3,5069
4168,2022-02-17,First Class,Consumer,Office Supplies,Storage,OFF-ST-10002352,30.0,30.0,4,2,3403
4169,2023-11-23,First Class,Consumer,Furniture,Chairs,FUR-CH-10000229,400.0,430.0,2,2,2634
4170,2022-11-09,First Class,Home Office,Office Supplies,Paper,OFF-PA-10000788,30.0,30.0,6,5,3077
4171,2023-01-07,First Class,Home Office,Office Supplies,Paper,OFF-PA-10002968,40.0,50.0,3,3,3299
4172,2023-03-20,Standard Class,Consumer,Office Supplies,Storage,OFF-ST-10002486,50.0,50.0,7,3,2310
4173,2022-06-19,Same Day,Consumer,Office Supplies,Binders,OFF-BI-10002215,10.0,10.0,2,2,4198
4174,2022-10-24,Same Day,Consumer,Office Supplies,Paper,OFF-PA-10000788,10.0,10.0,2,5,3674
4175,2022-09-18,Same Day,Consumer,Office Supplies,Binders,OFF-BI-10003364,50.0,60.0,2,4,1693
4176,2023-05-25,First Class,Home Office,Office Supplies,Art,OFF-AR-10003582,50.0,60.0,2,2,3084
4177,2023-01-31,Standard Class,Corporate,Technology,Phones,TEC-PH-10003273,540.0,630.0,5,3,903
4178,2023-05-26,Standard Class,Corporate,Office Supplies,Paper,OFF-PA-10000100,100.0,120.0,3,4,375
4179,2023-10-17,Second Class,Consumer,Office Supplies,Paper,OFF-PA-10001776,40.0,50.0,5,3,4375
4180,2022-07-29,Standard Class,Home Office,Office Supplies,Binders,OFF-BI-10004182,10.0,10.0,9,3,4719
4181,2022-12-25,Standard Class,Consumer,Office Supplies,Binders,OFF-BI-10000756,20.0,20.0,5,4,2030
4182,2022-06-21,Standard Class,Home Office,Technology,Accessories,TEC-AC-10001539,260.0,320.0,4,3,4596
4183,2023-06-08,Standard Class,Home Office,Office Supplies,Paper,OFF-PA-10002377,20.0,20.0,3,3,3432
4184,2022-04-25,Standard Class,Home Office,Office Supplies,Storage,OFF-ST-10000991,290.0,340.0,3,5,3510
4185,2022-04-10,First Class,Corporate,Furniture,Bookcases,FUR-BO-10002853,70.0,80.0,1,2,2638
4186,2023-10-27,First Class,Consumer,Technology,Accessories,TEC-AC-10004510,90.0,100.0,6,5,3340
4187,2022-08-11,Standard Class,Corporate,Office Supplies,Binders,OFF-BI-10003712,10.0,10.0,7,4,3226
4188,2023-12-18,Standard Class,Corporate,Office Supplies,Binders,OFF-BI-10002571,20.0,20.0,1,4,2281
4189,2023-02-10,Standard Class,Corporate,Office Supplies,Storage,OFF-ST-10004835,10.0,10.0,2,2,806
4190,2022-04-19,Second Class,Corporate,Office Supplies,Paper,OFF-PA-10004022,10.0,10.0,1,2,3567
4191,2022-11-29,Standard Class,Consumer,Technology,Copiers,TEC-CO-10004722,9240.0,10500.0,3,5,1656
4192,2022-08-15,Same Day,Consumer,Office Supplies,Paper,OFF-PA-10004248,20.0,20.0,5,4,3030
4193,2022-05-20,Standard Class,Corporate,Furniture,Tables,FUR-TA-10000577,630.0,700.0,2,5,3301
4194,2022-04-13,Standard Class,Corporate,Technology,Phones,TEC-PH-10001254,270.0,300.0,3,2,437
4195,2023-08-03,Standard Class,Consumer,Office Supplies,Art,OFF-AR-10001044,50.0,50.0,2,2,3640
4196,2023-03-19,Standard Class,Consumer,Furniture,Furnishings,FUR-FU-10002597,20.0,20.0,5,2,909
4197,2023-06-12,Second Class,Consumer,Office Supplies,Labels,OFF-LA-10004093,20.0,20.0,3,4,2793
4198,2022-12-06,Standard Class,Consumer,Office Supplies,Appliances,OFF-AP-10000179,350.0,390.0,4,2,958
4199,2022-07-15,Standard Class,Consumer,Office Supplies,Binders,OFF-BI-10001072,20.0,20.0,4,3,1835
4200,2022-01-29,Same Day,Home Office,Office Supplies,Labels,OFF-LA-10004093,10.0,10.0,1,2,1205
4201,2022-11-19,Same Day,Home Office,Technology,Copiers,TEC-CO-10002095,660.0,800.0,2,5,4749
4202,2022-03-03,Same Day,Home Office,Office Supplies,Paper,OFF-PA-10002713,40.0,40.0,6,4,1680
4203,2022-06-29,Same Day,Home Office,Office Supplies,Paper,OFF-PA-10002254,170.0,180.0,7,3,3494
4204,2023-02-09,Second Class,Consumer,Office Supplies,Art,OFF-AR-10001683,40.0,50.0,5,4,308
4205,2022-02-24,Second Class,Consumer,Office Supplies,Paper,OFF-PA-10002195,10.0,10.0,2,5,2363
4206,2022-04-11,Second Class,Consumer,Furniture,Furnishings,FUR-FU-10002364,10.0,10.0,2,4,2041
4207,2023-03-22,Second Class,Consumer,Office Supplies,Binders,OFF-BI-10004001,30.0,30.0,2,3,2650
4208,2023-06-02,Second Class,Consumer,Furniture,Furnishings,FUR-FU-10000023,20.0,20.0,3,3,4749
4209,2023-02-13,Second Class,Consumer,Furniture,Chairs,FUR-CH-10002320,1470.0,1600.0,5,5,2317
4210,2022-10-12,Second Class,Consumer,Furniture,Tables,FUR-TA-10003238,360.0,390.0,1,4,1910
4211,2023-11-13,Standard Class,Consumer,Office Supplies,Paper,OFF-PA-10004965,20.0,20.0,2,4,4519
4212,2023-11-08,Second Class,Consumer,Office Supplies,Paper,OFF-PA-10003016,10.0,10.0,3,5,3830
4213,2023-03-08,Second Class,Consumer,Office Supplies,Art,OFF-AR-10003651,10.0,10.0,2,2,2603
4214,2022-01-02,Second Class,Consumer,Office Supplies,Paper,OFF-PA-10001363,20.0,20.0,2,2,5061
4215,2023-10-05,Standard Class,Consumer,Office Supplies,Binders,OFF-BI-10003876,120.0,130.0,3,5,285
4216,2022-09-12,Standard Class,Consumer,Office Supplies,Envelopes,OFF-EN-10004007,50.0,60.0,4,3,3226
4217,2023-07-16,Standard Class,Corporate,Office Supplies,Labels,OFF-LA-10002271,10.0,10.0,3,2,4263
4218,2022-06-29,First Class,Corporate,Furniture,Bookcases,FUR-BO-10003894,390.0,480.0,8,2,523
4219,2023-07-30,First Class,Corporate,Technology,Machines,TEC-MA-10000418,4030.0,4800.0,2,2,2594
4220,2023-12-05,Second Class,Consumer,Office Supplies,Paper,OFF-PA-10004243,40.0,40.0,2,4,379
4221,2022-01-08,Second Class,Consumer,Office Supplies,Binders,OFF-BI-10001759,20.0,20.0,6,2,787
4222,2022-08-28,Second Class,Consumer,Technology,Machines,TEC-MA-10001570,370.0,390.0,5,5,3035
4223,2023-05-20,Second Class,Consumer,Office Supplies,Storage,OFF-ST-10004804,90.0,100.0,2,4,2630
4224,2023-08-09,Second Class,Consumer,Furniture,Bookcases,FUR-BO-10001519,160.0,170.0,3,5,4851
4225,2023-05-06,First Class,Consumer,Office Supplies,Binders,OFF-BI-10000343,10.0,10.0,2,3,2450
4226,2022-03-17,Standard Class,Corporate,Furniture,Furnishings,FUR-FU-10003930,80.0,90.0,3,2,2905
4227,2022-11-15,Standard Class,Consumer,Office Supplies,Fasteners,OFF-FA-10004854,40.0,50.0,4,2,3725
4228,2022-08-09,Standard Class,Home Office,Furniture,Chairs,FUR-CH-10003396,50.0,60.0,1,5,3545
4229,2023-06-22,First Class,Corporate,Office Supplies,Paper,OFF-PA-10001994,20.0,20.0,1,3,802
4230,2022-11-06,Standard Class,Corporate,Furniture,Furnishings,FUR-FU-10003601,290.0,330.0,9,2,1
4231,2023-03-21,Standard Class,Corporate,Office Supplies,Binders,OFF-BI-10003429,10.0,10.0,9,5,2127
4232,2023-12-23,Standard Class,Corporate,Office Supplies,Paper,OFF-PA-10000232,20.0,20.0,3,3,3071
4233,2022-09-16,Standard Class,Corporate,Office Supplies,Paper,OFF-PA-10002195,20.0,30.0,6,3,2752
4234,2022-02-13,Standard Class,Corporate,Office Supplies,Binders,OFF-BI-10004492,10.0,10.0,1,5,3637
4235,2023-03-25,First Class,Home Office,Office Supplies,Paper,OFF-PA-10004000,10.0,10.0,3,4,1501
4236,2023-04-13,First Class,Home Office,Office Supplies,Labels,OFF-LA-10004425,20.0,20.0,9,3,2614
4237,2023-08-14,Standard Class,Home Office,Office Supplies,Binders,OFF-BI-10000948,10.0,10.0,4,3,3466
4238,2022-06-16,Second Class,Corporate,Office Supplies,Art,OFF-AR-10001972,10.0,10.0,7,3,3521
4239,2023-08-11,First Class,Home Office,Office Supplies,Art,OFF-AR-10004587,20.0,20.0,1,4,2652
4240,2023-09-30,Standard Class,Corporate,Office Supplies,Paper,OFF-PA-10000994,200.0,210.0,2,2,4083
4241,2023-12-02,Standard Class,Home Office,Office Supplies,Appliances,OFF-AP-10001366,40.0,40.0,4,5,2156
4242,2022-11-03,Standard Class,Home Office,Office Supplies,Binders,OFF-BI-10001636,20.0,20.0,3,5,3570
4243,2022-02-24,First Class,Home Office,Technology,Phones,TEC-PH-10001448,130.0,150.0,3,2,55
4244,2023-03-11,First Class,Home Office,Office Supplies,Paper,OFF-PA-10001776,30.0,30.0,3,3,4752
4245,2022-03-04,Standard Class,Corporate,Technology,Accessories,TEC-AC-10002323,60.0,70.0,3,4,2371
4246,2022-02-05,Standard Class,Home Office,Office Supplies,Art,OFF-AR-10004582,10.0,10.0,1,5,2903
4247,2023-02-06,Standard Class,Home Office,Furniture,Furnishings,FUR-FU-10000576,1000.0,1050.0,5,5,4341
4248,2023-07-30,Standard Class,Home Office,Furniture,Furnishings,FUR-FU-10004270,20.0,20.0,5,5,4212
4249,2023-02-09,Second Class,Consumer,Office Supplies,Binders,OFF-BI-10004236,80.0,90.0,6,5,405
4250,2022-02-28,Second Class,Consumer,Furniture,Chairs,FUR-CH-10004997,670.0,750.0,4,4,2849
4251,2023-12-12,Same Day,Corporate,Furniture,Chairs,FUR-CH-10000988,840.0,890.0,7,3,1455
4252,2023-07-18,Same Day,Consumer,Technology,Phones,TEC-PH-10004897,50.0,60.0,7,5,220
4253,2022-07-05,Same Day,Consumer,Office Supplies,Art,OFF-AR-10002656,10.0,10.0,2,4,1847
4254,2023-11-06,Same Day,Consumer,Technology,Phones,TEC-PH-10004924,10.0,10.0,2,3,1082
4255,2022-08-09,First Class,Consumer,Office Supplies,Paper,OFF-PA-10003127,50.0,60.0,3,3,437
4256,2023-10-31,First Class,Consumer,Office Supplies,Binders,OFF-BI-10000778,80.0,100.0,4,2,4138
4257,2023-11-16,First Class,Consumer,Furniture,Furnishings,FUR-FU-10001424,10.0,10.0,3,5,3382
4258,2023-05-16,Standard Class,Corporate,Office Supplies,Binders,OFF-BI-10000962,10.0,10.0,2,4,306
4259,2023-10-16,First Class,Corporate,Furniture,Chairs,FUR-CH-10002880,170.0,200.0,2,2,1356
4260,2022-12-24,Second Class,Corporate,Office Supplies,Envelopes,OFF-EN-10004386,40.0,50.0,2,4,1872
4261,2022-03-10,Second Class,Corporate,Office Supplies,Labels,OFF-LA-10001045,10.0,10.0,5,4,2919
4262,2023-10-12,Standard Class,Consumer,Technology,Accessories,TEC-AC-10002006,50.0,60.0,4,2,3023
4263,2023-08-08,Standard Class,Consumer,Office Supplies,Appliances,OFF-AP-10001242,70.0,80.0,1,4,4213
4264,2023-04-14,Standard Class,Consumer,Office Supplies,Binders,OFF-BI-10000216,10.0,10.0,3,4,2029
4265,2023-12-29,Standard Class,Consumer,Furniture,Tables,FUR-TA-10002774,720.0,860.0,8,3,2406
4266,2023-06-28,Standard Class,Consumer,Office Supplies,Binders,OFF-BI-10004364,10.0,10.0,3,3,3686
4267,2023-07-05,Standard Class,Consumer,Furniture,Bookcases,FUR-BO-10000780,830.0,960.0,7,4,940
4268,2022-02-02,Standard Class,Consumer,Office Supplies,Binders,OFF-BI-10001989,10.0,10.0,3,2,4966
4269,2023-12-13,Standard Class,Consumer,Technology,Accessories,TEC-AC-10004001,150.0,170.0,5,4,4217
4270,2022-08-09,Second Class,Consumer,Furniture,Tables,FUR-TA-10000688,700.0,870.0,4,2,3031
4271,2023-01-28,Standard Class,Corporate,Furniture,Furnishings,FUR-FU-10003930,570.0,690.0,11,3,887
4272,2023-03-22,Second Class,Corporate,Furniture,Furnishings,FUR-FU-10000965,170.0,210.0,4,5,4120
4273,2022-06-09,Same Day,Consumer,Technology,Phones,TEC-PH-10004071,60.0,70.0,9,4,5009
4274,2022-11-21,Same Day,Consumer,Office Supplies,Art,OFF-AR-10001044,20.0,30.0,1,4,1692
4275,2023-08-17,Standard Class,Corporate,Office Supplies,Binders,OFF-BI-10004140,10.0,10.0,1,3,1220
4276,2023-10-05,Standard Class,Corporate,Office Supplies,Appliances,OFF-AP-10002684,40.0,50.0,2,5,2916
4277,2023-08-18,Standard Class,Home Office,Office Supplies,Storage,OFF-ST-10000046,270.0,320.0,2,3,1443
4278,2023-01-03,Standard Class,Corporate,Technology,Machines,TEC-MA-10001047,7640.0,9100.0,7,3,3202
4279,2022-01-01,Standard Class,Corporate,Furniture,Furnishings,FUR-FU-10000550,10.0,10.0,2,3,1842
4280,2022-12-30,Standard Class,Corporate,Office Supplies,Binders,OFF-BI-10002432,20.0,30.0,5,4,693
4281,2023-10-13,Standard Class,Home Office,Office Supplies,Paper,OFF-PA-10004470,10.0,10.0,2,2,75
4282,2022-04-05,Standard Class,Home Office,Furniture,Chairs,FUR-CH-10001797,70.0,70.0,2,3,2057
4283,2022-11-30,First Class,Consumer,Office Supplies,Labels,OFF-LA-10003720,10.0,10.0,1,4,4683
4284,2022-11-12,First Class,Consumer,Office Supplies,Binders,OFF-BI-10004600,960.0,1100.0,3,5,1060
4285,2022-02-24,Second Class,Corporate,Furniture,Bookcases,FUR-BO-10003965,240.0,250.0,2,4,1493
4286,2023-01-01,Second Class,Corporate,Office Supplies,Labels,OFF-LA-10000240,10.0,10.0,2,4,1439
4287,2023-05-13,Second Class,Corporate,Technology,Copiers,TEC-CO-10001571,390.0,440.0,1,5,680
4288,2022-01-15,Standard Class,Home Office,Office Supplies,Storage,OFF-ST-10000736,50.0,60.0,1,3,3339
4289,2023-10-18,Standard Class,Corporate,Office Supplies,Binders,OFF-BI-10002082,30.0,30.0,5,3,866
4290,2023-12-24,Standard Class,Corporate,Office Supplies,Paper,OFF-PA-10002250,10.0,10.0,3,4,3076
4291,2022-01-20,Second Class,Home Office,Office Supplies,Art,OFF-AR-10000122,10.0,10.0,2,3,400
4292,2022-08-06,Second Class,Home Office,Furniture,Tables,FUR-TA-10003748,800.0,900.0,9,3,2535
4293,2023-05-18,Second Class,Home Office,Office Supplies,Appliances,OFF-AP-10001394,170.0,190.0,1,3,555
4294,2023-02-12,Standard Class,Consumer,Technology,Phones,TEC-PH-10004896,50.0,50.0,3,3,556
4295,2023-02-17,Standard Class,Corporate,Furniture,Tables,FUR-TA-10002607,170.0,180.0,5,4,4101
4296,2022-09-24,Standard Class,Consumer,Furniture,Furnishings,FUR-FU-10001215,110.0,130.0,3,5,989
4297,2022-07-19,Standard Class,Corporate,Office Supplies,Storage,OFF-ST-10000419,50.0,50.0,4,3,2646
4298,2022-09-22,Second Class,Consumer,Technology,Phones,TEC-PH-10001459,3630.0,4370.0,13,5,1700
4299,2023-10-11,Second Class,Consumer,Office Supplies,Paper,OFF-PA-10000241,40.0,50.0,2,3,3166
4300,2023-05-02,Second Class,Consumer,Office Supplies,Appliances,OFF-AP-10003040,140.0,160.0,6,4,2244
4301,2023-04-02,Second Class,Consumer,Furniture,Furnishings,FUR-FU-10001852,10.0,10.0,2,4,270
4302,2023-08-29,Second Class,Consumer,Office Supplies,Paper,OFF-PA-10000141,10.0,10.0,5,2,1816
4303,2023-08-02,Second Class,Home Office,Office Supplies,Art,OFF-AR-10002804,10.0,10.0,1,3,725
4304,2023-07-22,Same Day,Consumer,Office Supplies,Envelopes,OFF-EN-10003862,50.0,60.0,7,3,3724
4305,2023-04-14,Second Class,Consumer,Furniture,Furnishings,FUR-FU-10000448,60.0,60.0,4,4,2390
4306,2022-05-08,Second Class,Consumer,Technology,Phones,TEC-PH-10000526,320.0,380.0,5,3,3367
4307,2022-06-01,Same Day,Corporate,Office Supplies,Binders,OFF-BI-10002764,10.0,10.0,3,5,198
4308,2023-09-19,Same Day,Corporate,Office Supplies,Binders,OFF-BI-10001524,30.0,30.0,2,4,3662
4309,2023-10-26,Standard Class,Consumer,Technology,Phones,TEC-PH-10001079,620.0,670.0,7,4,2346
4310,2023-04-26,Standard Class,Consumer,Furniture,Tables,FUR-TA-10002041,470.0,570.0,4,2,2993
4311,2023-11-29,Standard Class,Consumer,Office Supplies,Binders,OFF-BI-10001036,20.0,20.0,3,4,1030
4312,2022-12-09,Standard Class,Consumer,Office Supplies,Paper,OFF-PA-10000223,20.0,20.0,3,3,108
4313,2022-03-13,Standard Class,Consumer,Technology,Machines,TEC-MA-10003246,390.0,450.0,4,3,2254
4314,2023-09-17,Standard Class,Corporate,Office Supplies,Appliances,OFF-AP-10001962,20.0,20.0,2,5,2808
4315,2023-01-10,Standard Class,Consumer,Office Supplies,Art,OFF-AR-10004062,20.0,20.0,2,3,765
4316,2022-12-07,Standard Class,Consumer,Office Supplies,Binders,OFF-BI-10004330,80.0,90.0,3,3,4201
4317,2023-04-03,Standard Class,Consumer,Office Supplies,Storage,OFF-ST-10001963,260.0,300.0,3,3,2114
4318,2022-10-14,Standard Class,Consumer,Office Supplies,Envelopes,OFF-EN-10002230,160.0,170.0,2,2,3025
4319,2022-08-14,Standard Class,Consumer,Furniture,Furnishings,FUR-FU-10000175,70.0,80.0,6,4,2383
4320,2023-12-12,Second Class,Consumer,Technology,Phones,TEC-PH-10004897,20.0,20.0,3,4,2853
4321,2023-08-24,Second Class,Consumer,Office Supplies,Storage,OFF-ST-10003123,30.0,30.0,1,2,3460
4322,2023-05-28,Standard Class,Consumer,Office Supplies,Binders,OFF-BI-10001658,10.0,10.0,2,5,4942
4323,2022-04-23,Standard Class,Consumer,Technology,Phones,TEC-PH-10002834,290.0,320.0,3,3,1497
4324,2022-10-20,Standard Class,Consumer,Office Supplies,Binders,OFF-BI-10002160,10.0,10.0,2,4,4615
4325,2023-07-16,Standard Class,Consumer,Office Supplies,Art,OFF-AR-10004999,10.0,10.0,3,3,790
4326,2023-11-19,Standard Class,Consumer,Technology,Accessories,TEC-AC-10003280,60.0,70.0,3,2,2182
4327,2022-03-12,First Class,Corporate,Office Supplies,Art,OFF-AR-10000315,10.0,10.0,3,2,617
4328,2022-06-10,First Class,Corporate,Office Supplies,Paper,OFF-PA-10000007,20.0,20.0,5,5,21
4329,2023-11-04,Standard Class,Consumer,Office Supplies,Paper,OFF-PA-10000791,30.0,40.0,9,5,2256
4330,2022-05-04,Standard Class,Consumer,Office Supplies,Paper,OFF-PA-10000556,20.0,20.0,3,4,4904
4331,2023-04-03,Standard Class,Consumer,Office Supplies,Appliances,OFF-AP-10000804,20.0,20.0,5,3,2521
4332,2022-06-06,Standard Class,Consumer,Technology,Accessories,TEC-AC-10001998,20.0,20.0,1,3,192
4333,2023-06-24,Standard Class,Consumer,Office Supplies,Binders,OFF-BI-10003476,20.0,20.0,5,2,1526
4334,2023-09-08,Standard Class,Consumer,Technology,Accessories,TEC-AC-10003237,50.0,50.0,6,3,903
4335,2023-11-17,Standard Class,Consumer,Office Supplies,Envelopes,OFF-EN-10003798,20.0,30.0,2,5,4599
4336,2023-04-01,Standard Class,Consumer,Office Supplies,Envelopes,OFF-EN-10003068,10.0,10.0,1,4,2855
4337,2023-08-18,Standard Class,Consumer,Furniture,Furnishings,FUR-FU-10002088,10.0,10.0,2,2,4972
4338,2022-08-07,Standard Class,Home Office,Technology,Accessories,TEC-AC-10000158,90.0,110.0,3,4,1645
4339,2022-11-24,Standard Class,Home Office,Office Supplies,Paper,OFF-PA-10000482,100.0,110.0,3,2,1058
4340,2023-07-29,Standard Class,Consumer,Office Supplies,Paper,OFF-PA-10004888,10.0,10.0,1,4,753
4341,2023-11-23,Same Day,Consumer,Office Supplies,Art,OFF-AR-10003478,20.0,20.0,2,5,161
4342,2022-06-07,Standard Class,Consumer,Office Supplies,Storage,OFF-ST-10003208,500.0,540.0,3,4,3057
4343,2022-12-18,First Class,Consumer,Office Supplies,Binders,OFF-BI-10004970,20.0,20.0,6,4,109
4344,2022-12-11,First Class,Consumer,Technology,Phones,TEC-PH-10000038,580.0,660.0,6,2,893
4345,2022-03-17,First Class,Consumer,Technology,Accessories,TEC-AC-10001552,90.0,100.0,2,4,3782
4346,2022-03-23,First Class,Consumer,Technology,Accessories,TEC-AC-10002926,160.0,200.0,4,4,2148
4347,2023-10-15,Standard Class,Consumer,Furniture,Chairs,FUR-CH-10001394,590.0,630.0,2,5,3363
4348,2022-04-15,Standard Class,Consumer,Furniture,Furnishings,FUR-FU-10004053,60.0,60.0,3,3,4921
4349,2023-09-01,Second Class,Consumer,Office Supplies,Binders,OFF-BI-10004230,20.0,20.0,2,3,2610
4350,2023-10-31,Second Class,Consumer,Office Supplies,Storage,OFF-ST-10000060,380.0,420.0,8,2,4244
4351,2023-12-23,Standard Class,Consumer,Office Supplies,Storage,OFF-ST-10001325,20.0,20.0,2,5,2344
4352,2023-08-09,Standard Class,Consumer,Technology,Accessories,TEC-AC-10003441,30.0,30.0,2,2,2993
4353,2023-01-07,Second Class,Consumer,Technology,Phones,TEC-PH-10003215,90.0,100.0,4,3,1477
4354,2022-07-10,Second Class,Consumer,Office Supplies,Paper,OFF-PA-10002005,10.0,10.0,2,2,4325
4355,2022-05-27,Second Class,Corporate,Office Supplies,Binders,OFF-BI-10004465,20.0,20.0,8,2,996
4356,2022-02-28,Second Class,Consumer,Office Supplies,Binders,OFF-BI-10000545,1300.0,1600.0,7,4,2933
4357,2022-01-27,Second Class,Consumer,Office Supplies,Art,OFF-AR-10003752,30.0,40.0,4,3,1097
4358,2023-11-25,Same Day,Consumer,Office Supplies,Paper,OFF-PA-10001937,10.0,10.0,2,4,963
4359,2023-07-31,Same Day,Consumer,Furniture,Furnishings,FUR-FU-10004306,60.0,80.0,1,5,2615
4360,2023-07-12,Same Day,Consumer,Furniture,Chairs,FUR-CH-10003973,440.0,520.0,2,4,4917
4361,2022-01-31,First Class,Corporate,Office Supplies,Paper,OFF-PA-10000565,90.0,110.0,2,3,114
4362,2023-12-15,Second Class,Consumer,Technology,Phones,TEC-PH-10003875,30.0,30.0,3,4,4825
4363,2023-10-05,Second Class,Consumer,Office Supplies,Art,OFF-AR-10001953,100.0,130.0,3,3,5094
4364,2022-05-24,Second Class,Consumer,Office Supplies,Art,OFF-AR-10001374,20.0,30.0,4,2,1573
4365,2023-10-14,Second Class,Consumer,Office Supplies,Storage,OFF-ST-10003816,580.0,700.0,4,5,939
4366,2023-03-28,Second Class,Consumer,Office Supplies,Fasteners,OFF-FA-10001843,10.0,10.0,3,3,162
4367,2023-08-29,Second Class,Consumer,Office Supplies,Art,OFF-AR-10000657,20.0,20.0,10,5,312
4368,2023-03-19,Second Class,Consumer,Office Supplies,Fasteners,OFF-FA-10000936,10.0,10.0,4,4,1805
4369,2023-02-17,Second Class,Consumer,Office Supplies,Paper,OFF-PA-10003657,20.0,20.0,6,3,360
4370,2022-11-20,Standard Class,Home Office,Office Supplies,Binders,OFF-BI-10001989,90.0,100.0,5,4,2506
4371,2023-07-08,Standard Class,Home Office,Office Supplies,Art,OFF-AR-10002987,30.0,40.0,2,2,831
4372,2022-09-22,Standard Class,Home Office,Office Supplies,Labels,OFF-LA-10000414,40.0,50.0,5,3,3303
4373,2022-09-09,Second Class,Consumer,Office Supplies,Art,OFF-AR-10003602,10.0,10.0,2,4,3277
4374,2022-10-09,Second Class,Consumer,Technology,Accessories,TEC-AC-10002550,130.0,160.0,5,3,1505
4375,2023-08-11,Standard Class,Corporate,Office Supplies,Appliances,OFF-AP-10002998,90.0,100.0,6,2,2516
4376,2022-01-21,Standard Class,Home Office,Furniture,Furnishings,FUR-FU-10003708,280.0,300.0,5,5,2189
4377,2023-09-30,Standard Class,Home Office,Office Supplies,Appliances,OFF-AP-10001391,220.0,270.0,3,5,3127
4378,2023-04-18,Standard Class,Home Office,Furniture,Chairs,FUR-CH-10003973,1280.0,1490.0,5,2,5017
4379,2022-08-12,Second Class,Home Office,Office Supplies,Envelopes,OFF-EN-10000461,20.0,20.0,2,5,3488
4380,2023-01-24,Second Class,Home Office,Office Supplies,Envelopes,OFF-EN-10002831,70.0,70.0,2,4,4137
4381,2022-06-05,Standard Class,Consumer,Office Supplies,Art,OFF-AR-10004648,50.0,60.0,3,3,1045
4382,2022-09-20,Standard Class,Consumer,Furniture,Tables,FUR-TA-10001857,210.0,250.0,3,4,4953
4383,2022-02-18,Standard Class,Consumer,Office Supplies,Binders,OFF-BI-10000546,10.0,10.0,5,3,2189
4384,2022-12-11,Standard Class,Consumer,Furniture,Bookcases,FUR-BO-10004690,360.0,380.0,4,2,2677
4385,2022-02-03,Standard Class,Consumer,Technology,Phones,TEC-PH-10001557,140.0,150.0,2,2,5099
4386,2022-07-06,Standard Class,Consumer,Furniture,Bookcases,FUR-BO-10002545,780.0,910.0,5,3,1021
4387,2023-09-08,Standard Class,Corporate,Office Supplies,Appliances,OFF-AP-10001366,40.0,40.0,4,2,2714
4388,2023-02-05,Standard Class,Corporate,Office Supplies,Binders,OFF-BI-10001628,30.0,30.0,3,2,4022
4389,2022-11-14,First Class,Consumer,Office Supplies,Paper,OFF-PA-10003651,40.0,50.0,7,5,4710
4390,2023-11-28,First Class,Consumer,Furniture,Bookcases,FUR-BO-10003159,170.0,180.0,2,5,3070
4391,2023-10-18,First Class,Consumer,Technology,Phones,TEC-PH-10001459,1080.0,1260.0,3,3,3446
4392,2023-11-28,First Class,Consumer,Office Supplies,Art,OFF-AR-10004602,60.0,70.0,3,3,2602
4393,2023-08-12,Standard Class,Corporate,Office Supplies,Art,OFF-AR-10001953,60.0,70.0,2,4,4820
4394,2023-12-23,Standard Class,Corporate,Technology,Phones,TEC-PH-10000923,50.0,60.0,5,2,3330
4395,2023-06-10,Same Day,Consumer,Office Supplies,Storage,OFF-ST-10002583,30.0,30.0,1,4,2391
4396,2023-06-09,Same Day,Consumer,Office Supplies,Binders,OFF-BI-10000977,30.0,30.0,3,5,959
4397,2023-10-02,Standard Class,Corporate,Technology,Phones,TEC-PH-10002549,320.0,360.0,2,3,3759
4398,2023-07-28,Standard Class,Consumer,Furniture,Chairs,FUR-CH-10002880,150.0,170.0,2,3,1267
4399,2023-12-21,Standard Class,Consumer,Furniture,Furnishings,FUR-FU-10003039,60.0,70.0,2,4,2824
4400,2023-03-27,Same Day,Consumer,Office Supplies,Envelopes,OFF-EN-10003055,180.0,200.0,5,2,2146
4401,2022-06-30,Same Day,Consumer,Office Supplies,Appliances,OFF-AP-10002945,850.0,900.0,3,2,2312
4402,2022-06-03,Same Day,Consumer,Furniture,Furnishings,FUR-FU-10004306,830.0,970.0,5,5,1543
4403,2022-04-29,First Class,Consumer,Office Supplies,Art,OFF-AR-10002445,10.0,10.0,2,5,2715
4404,2023-07-28,First Class,Consumer,Office Supplies,Art,OFF-AR-10002445,20.0,20.0,3,2,1142
4405,2022-10-14,Standard Class,Consumer,Technology,Accessories,TEC-AC-10002345,30.0,30.0,3,2,1664
4406,2023-08-19,Standard Class,Consumer,Office Supplies,Storage,OFF-ST-10001558,30.0,40.0,3,3,86
4407,2023-04-30,Standard Class,Corporate,Office Supplies,Paper,OFF-PA-10001622,10.0,10.0,2,4,4036
4408,2023-08-03,Standard Class,Corporate,Office Supplies,Paper,OFF-PA-10000418,280.0,310.0,3,2,1269
4409,2023-09-23,Standard Class,Corporate,Office Supplies,Binders,OFF-BI-10000343,10.0,10.0,1,5,3787
4410,2022-07-17,Standard Class,Home Office,Office Supplies,Labels,OFF-LA-10004425,10.0,10.0,2,2,4535
4411,2023-03-08,Standard Class,Home Office,Office Supplies,Art,OFF-AR-10001897,100.0,110.0,6,5,1841
4412,2023-09-18,First Class,Consumer,Office Supplies,Paper,OFF-PA-10003883,20.0,20.0,3,5,2192
4413,2023-11-03,First Class,Consumer,Technology,Phones,TEC-PH-10003963,500.0,620.0,3,3,4925
4414,2023-06-13,First Class,Consumer,Office Supplies,Appliances,OFF-AP-10001303,50.0,60.0,3,5,2035
4415,2022-06-29,Standard Class,Corporate,Office Supplies,Binders,OFF-BI-10003925,360.0,390.0,1,5,4163
4416,2023-06-14,Standard Class,Consumer,Technology,Phones,TEC-PH-10004586,490.0,580.0,2,2,4547
4417,2022-01-29,Standard Class,Consumer,Office Supplies,Fasteners,OFF-FA-10003495,20.0,30.0,5,2,1449
4418,2022-10-23,Second Class,Consumer,Office Supplies,Binders,OFF-BI-10002867,420.0,480.0,8,3,885
4419,2023-06-15,Standard Class,Consumer,Furniture,Furnishings,FUR-FU-10003773,180.0,190.0,3,4,1501
4420,2022-07-29,Standard Class,Consumer,Office Supplies,Binders,OFF-BI-10002954,10.0,10.0,4,5,2951
4421,2022-03-11,Second Class,Consumer,Office Supplies,Supplies,OFF-SU-10002537,40.0,40.0,5,4,3336
4422,2023-12-05,Standard Class,Consumer,Office Supplies,Art,OFF-AR-10001374,20.0,20.0,3,5,4827
4423,2022-03-01,First Class,Corporate,Office Supplies,Appliances,OFF-AP-10001492,20.0,20.0,2,5,935
4424,2023-07-22,First Class,Corporate,Furniture,Bookcases,FUR-BO-10003546,280.0,300.0,3,4,4323
4425,2023-06-02,First Class,Corporate,Technology,Phones,TEC-PH-10002185,30.0,30.0,5,4,3026
4426,2022-12-29,First Class,Corporate,Office Supplies,Binders,OFF-BI-10000315,100.0,110.0,6,5,4892
4427,2022-03-20,First Class,Corporate,Technology,Phones,TEC-PH-10002350,50.0,60.0,2,2,549
4428,2022-07-30,Standard Class,Corporate,Office Supplies,Paper,OFF-PA-10002666,20.0,30.0,3,3,4158
4429,2023-10-21,Standard Class,Consumer,Furniture,Chairs,FUR-CH-10004495,1470.0,1810.0,6,2,1080
4430,2022-10-13,Same Day,Consumer,Office Supplies,Art,OFF-AR-10001725,60.0,70.0,3,4,4106
4431,2022-03-29,Second Class,Consumer,Office Supplies,Fasteners,OFF-FA-10002280,20.0,20.0,4,3,2567
4432,2023-11-16,Second Class,Consumer,Office Supplies,Art,OFF-AR-10001770,10.0,10.0,3,4,4989
4433,2023-06-13,Second Class,Consumer,Furniture,Furnishings,FUR-FU-10002885,20.0,20.0,5,4,682
4434,2023-01-22,Second Class,Consumer,Office Supplies,Art,OFF-AR-10003772,10.0,10.0,1,3,4393
4435,2023-11-18,Second Class,Consumer,Furniture,Tables,FUR-TA-10003392,740.0,840.0,3,4,3774
4436,2023-11-28,Standard Class,Consumer,Office Supplies,Binders,OFF-BI-10000014,20.0,20.0,1,2,3000
4437,2022-04-19,Standard Class,Consumer,Office Supplies,Art,OFF-AR-10003217,30.0,30.0,7,2,1684
4438,2022-01-02,Standard Class,Consumer,Office Supplies,Appliances,OFF-AP-10002403,20.0,30.0,3,5,685
4439,2022-11-28,Standard Class,Consumer,Office Supplies,Paper,OFF-PA-10001972,10.0,10.0,2,4,2116
4440,2022-08-09,Standard Class,Consumer,Office Supplies,Paper,OFF-PA-10004041,20.0,20.0,4,3,2386
4441,2022-11-24,Standard Class,Consumer,Technology,Accessories,TEC-AC-10004975,100.0,110.0,1,2,3560
4442,2023-12-26,Standard Class,Consumer,Office Supplies,Storage,OFF-ST-10001932,870.0,970.0,5,3,4175
4443,2023-08-18,Standard Class,Consumer,Office Supplies,Art,OFF-AR-10001761,30.0,30.0,5,2,2728
4444,2023-02-21,Standard Class,Consumer,Office Supplies,Paper,OFF-PA-10002262,20.0,30.0,5,2,2654
4445,2022-05-25,Standard Class,Home Office,Office Supplies,Envelopes,OFF-EN-10004483,70.0,80.0,5,3,1196
4446,2022-10-18,Standard Class,Home Office,Office Supplies,Paper,OFF-PA-10003270,20.0,30.0,6,2,2308
4447,2022-06-10,Standard Class,Home Office,Office Supplies,Binders,OFF-BI-10001634,20.0,30.0,4,2,2905
4448,2022-08-15,Standard Class,Home Office,Office Supplies,Storage,OFF-ST-10000675,160.0,170.0,5,4,1273
4449,2023-05-18,Standard Class,Consumer,Furniture,Furnishings,FUR-FU-10000732,10.0,10.0,2,4,3557
4450,2023-09-13,Standard Class,Consumer,Office Supplies,Paper,OFF-PA-10004355,10.0,10.0,1,5,191
4451,2023-11-10,Standard Class,Consumer,Office Supplies,Envelopes,OFF-EN-10000056,160.0,190.0,3,5,3315
4452,2022-12-07,First Class,Consumer,Furniture,Furnishings,FUR-FU-10000221,30.0,30.0,5,3,2249
4453,2022-01-15,First Class,Consumer,Office Supplies,Envelopes,OFF-EN-10003567,40.0,40.0,2,2,4736
4454,2022-06-18,First Class,Consumer,Furniture,Bookcases,FUR-BO-10001811,1080.0,1280.0,5,2,2490
4455,2022-06-29,First Class,Consumer,Office Supplies,Storage,OFF-ST-10002486,20.0,30.0,4,5,3678
4456,2022-01-04,Standard Class,Home Office,Furniture,Chairs,FUR-CH-10002372,110.0,130.0,2,4,3138
4457,2023-07-13,Standard Class,Home Office,Office Supplies,Binders,OFF-BI-10003274,10.0,10.0,2,3,868
4458,2022-08-26,Standard Class,Consumer,Office Supplies,Paper,OFF-PA-10001878,210.0,240.0,5,3,370
4459,2023-02-05,Standard Class,Consumer,Office Supplies,Supplies,OFF-SU-10002881,1180.0,1330.0,2,5,1598
4460,2022-06-26,First Class,Home Office,Furniture,Furnishings,FUR-FU-10001979,30.0,30.0,1,4,4967
4461,2023-12-23,First Class,Home Office,Office Supplies,Storage,OFF-ST-10001522,140.0,150.0,2,4,5023
4462,2023-01-23,First Class,Home Office,Technology,Accessories,TEC-AC-10003657,50.0,50.0,2,3,865
4463,2022-04-01,First Class,Home Office,Office Supplies,Binders,OFF-BI-10001718,70.0,80.0,4,4,3171
4464,2023-07-19,First Class,Home Office,Office Supplies,Paper,OFF-PA-10003022,10.0,10.0,3,3,4988
4465,2022-05-04,First Class,Home Office,Office Supplies,Appliances,OFF-AP-10000891,180.0,210.0,2,2,979
4466,2023-06-27,Standard Class,Corporate,Office Supplies,Binders,OFF-BI-10004970,10.0,10.0,1,5,1935
4467,2023-01-17,Standard Class,Consumer,Office Supplies,Art,OFF-AR-10003759,20.0,20.0,9,5,855
4468,2022-09-13,Standard Class,Consumer,Office Supplies,Envelopes,OFF-EN-10003001,150.0,170.0,2,5,1902
4469,2023-12-28,Standard Class,Consumer,Furniture,Bookcases,FUR-BO-10000780,290.0,320.0,2,2,1724
4470,2022-11-10,Standard Class,Consumer,Office Supplies,Paper,OFF-PA-10001972,10.0,10.0,2,3,35
4471,2022-01-07,Standard Class,Corporate,Furniture,Chairs,FUR-CH-10003535,120.0,130.0,3,4,3419
4472,2022-09-16,Same Day,Home Office,Furniture,Chairs,FUR-CH-10003774,50.0,60.0,1,2,3590
4473,2022-07-15,Same Day,Home Office,Technology,Accessories,TEC-AC-10004571,210.0,240.0,3,3,4047
4474,2023-08-12,Same Day,Home Office,Furniture,Tables,FUR-TA-10004442,280.0,340.0,2,3,5005
4475,2023-12-25,Same Day,Home Office,Office Supplies,Paper,OFF-PA-10002787,20.0,20.0,3,2,3326
4476,2022-01-06,Same Day,Home Office,Furniture,Furnishings,FUR-FU-10004586,20.0,20.0,4,2,941
4477,2022-09-27,Same Day,Home Office,Office Supplies,Paper,OFF-PA-10002606,10.0,10.0,2,4,4274
4478,2022-09-25,Same Day,Consumer,Office Supplies,Storage,OFF-ST-10000129,290.0,330.0,3,5,2605
4479,2023-02-14,Same Day,Consumer,Furniture,Tables,FUR-TA-10003748,220.0,250.0,2,2,1572
4480,2023-12-09,Standard Class,Consumer,Office Supplies,Paper,OFF-PA-10004948,20.0,20.0,5,2,4725
4481,2022-12-10,Standard Class,Consumer,Office Supplies,Fasteners,OFF-FA-10001561,20.0,20.0,7,2,4526
4482,2022-05-10,Standard Class,Consumer,Office Supplies,Appliances,OFF-AP-10002998,40.0,40.0,2,4,2865
4483,2023-07-08,Standard Class,Consumer,Office Supplies,Binders,OFF-BI-10003981,30.0,40.0,12,4,75
4484,2023-08-24,Standard Class,Consumer,Office Supplies,Paper,OFF-PA-10001725,100.0,120.0,3,5,125
4485,2022-11-06,Standard Class,Consumer,Office Supplies,Binders,OFF-BI-10002071,10.0,10.0,2,2,2048
4486,2022-10-08,Standard Class,Consumer,Office Supplies,Paper,OFF-PA-10000477,20.0,20.0,3,2,2871
4487,2022-08-14,Standard Class,Consumer,Office Supplies,Paper,OFF-PA-10004359,260.0,310.0,3,3,4909
4488,2023-08-10,Standard Class,Home Office,Office Supplies,Binders,OFF-BI-10000962,20.0,20.0,5,3,1205
4489,2023-12-01,Standard Class,Home Office,Office Supplies,Supplies,OFF-SU-10003567,70.0,70.0,9,4,3287
4490,2023-08-09,Standard Class,Home Office,Office Supplies,Binders,OFF-BI-10003708,30.0,30.0,3,3,292
4491,2022-11-24,Standard Class,Consumer,Furniture,Tables,FUR-TA-10001095,370.0,420.0,3,4,4381
4492,2022-12-16,Second Class,Consumer,Technology,Copiers,TEC-CO-10001571,590.0,660.0,2,3,136
4493,2023-03-19,Second Class,Consumer,Furniture,Furnishings,FUR-FU-10000221,10.0,10.0,2,4,3200
4494,2022-06-28,Second Class,Consumer,Office Supplies,Paper,OFF-PA-10001972,30.0,40.0,7,5,1815
4495,2022-01-31,Second Class,Consumer,Furniture,Chairs,FUR-CH-10000015,750.0,910.0,6,5,4505
4496,2023-04-20,Standard Class,Consumer,Furniture,Bookcases,FUR-BO-10004015,800.0,920.0,9,4,1919
4497,2022-10-07,Standard Class,Consumer,Office Supplies,Paper,OFF-PA-10002036,30.0,40.0,6,2,1911
4498,2022-04-01,Standard Class,Consumer,Office Supplies,Binders,OFF-BI-10003650,560.0,630.0,4,2,4860
4499,2022-09-25,Standard Class,Corporate,Office Supplies,Paper,OFF-PA-10003309,10.0,10.0,2,5,5081
4500,2022-08-11,Standard Class,Corporate,Office Supplies,Paper,OFF-PA-10002787,10.0,10.0,2,2,4283
4501,2022-05-27,Standard Class,Corporate,Office Supplies,Binders,OFF-BI-10000174,20.0,20.0,5,5,4901
4502,2023-09-21,Standard Class,Corporate,Office Supplies,Paper,OFF-PA-10002005,30.0,30.0,5,2,3539
4503,2022-01-29,Standard Class,Corporate,Office Supplies,Fasteners,OFF-FA-10002815,20.0,20.0,6,2,4339
4504,2022-04-24,Standard Class,Home Office,Technology,Phones,TEC-PH-10000213,160.0,170.0,7,5,3726
4505,2022-08-15,Standard Class,Home Office,Office Supplies,Appliances,OFF-AP-10000828,320.0,360.0,2,4,3646
4506,2022-04-08,Standard Class,Home Office,Technology,Accessories,TEC-AC-10004708,50.0,60.0,3,5,85
4507,2023-02-28,Standard Class,Home Office,Technology,Phones,TEC-PH-10001530,710.0,820.0,3,5,468
4508,2023-12-15,Standard Class,Home Office,Office Supplies,Storage,OFF-ST-10002301,20.0,20.0,1,4,2062
4509,2023-05-01,Standard Class,Home Office,Furniture,Furnishings,FUR-FU-10002554,20.0,20.0,1,4,4294
4510,2023-06-11,Standard Class,Consumer,Furniture,Tables,FUR-TA-10001520,140.0,170.0,3,2,1080
4511,2022-01-10,Standard Class,Corporate,Furniture,Furnishings,FUR-FU-10001085,40.0,40.0,2,3,3231
4512,2023-01-06,Standard Class,Corporate,Office Supplies,Binders,OFF-BI-10001597,70.0,80.0,2,4,1023
4513,2022-04-09,First Class,Consumer,Office Supplies,Binders,OFF-BI-10002429,50.0,50.0,6,3,741
4514,2023-04-10,First Class,Consumer,Office Supplies,Storage,OFF-ST-10001590,10.0,10.0,1,4,1480
4515,2023-01-25,Second Class,Consumer,Furniture,Chairs,FUR-CH-10000847,270.0,290.0,1,3,2612
4516,2023-10-13,Standard Class,Home Office,Office Supplies,Art,OFF-AR-10003179,30.0,40.0,4,3,1149
4517,2022-10-24,Standard Class,Consumer,Office Supplies,Paper,OFF-PA-10000807,20.0,20.0,5,4,3400
4518,2023-11-02,Standard Class,Consumer,Office Supplies,Binders,OFF-BI-10002103,50.0,50.0,7,2,468
4519,2023-08-12,Standard Class,Consumer,Office Supplies,Art,OFF-AR-10004441,20.0,20.0,4,4,15
4520,2023-03-14,Standard Class,Corporate,Office Supplies,Storage,OFF-ST-10003805,1190.0,1350.0,8,3,297
4521,2023-08-29,Standard Class,Corporate,Technology,Accessories,TEC-AC-10001284,50.0,60.0,3,3,258
4522,2023-02-06,Standard Class,Corporate,Furniture,Furnishings,FUR-FU-10000221,20.0,20.0,4,3,1710
4523,2022-01-30,Second Class,Corporate,Office Supplies,Fasteners,OFF-FA-10001229,10.0,10.0,3,3,4177
4524,2023-10-30,Standard Class,Consumer,Office Supplies,Labels,OFF-LA-10001569,30.0,30.0,7,3,3505
4525,2023-07-01,Standard Class,Consumer,Furniture,Furnishings,FUR-FU-10004018,70.0,90.0,6,5,2960
4526,2022-08-12,Standard Class,Home Office,Technology,Phones,TEC-PH-10004536,250.0,270.0,2,2,4945
4527,2022-07-17,Standard Class,Home Office,Office Supplies,Paper,OFF-PA-10004353,90.0,100.0,5,3,218
4528,2022-01-04,Standard Class,Home Office,Furniture,Furnishings,FUR-FU-10004848,40.0,40.0,4,3,2477
4529,2023-08-08,Second Class,Corporate,Technology,Accessories,TEC-AC-10004864,100.0,120.0,4,5,2627
4530,2023-12-18,Standard Class,Consumer,Office Supplies,Binders,OFF-BI-10002393,20.0,20.0,2,3,1999
4531,2022-12-05,First Class,Consumer,Furniture,Chairs,FUR-CH-10002335,360.0,410.0,2,4,1645
4532,2022-05-04,First Class,Consumer,Office Supplies,Storage,OFF-ST-10001590,30.0,40.0,3,3,3322
4533,2022-01-21,Same Day,Home Office,Furniture,Chairs,FUR-CH-10002774,100.0,120.0,3,4,368
4534,2023-09-02,Same Day,Home Office,Office Supplies,Envelopes,OFF-EN-10001219,20.0,20.0,2,2,3261
4535,2023-03-15,Standard Class,Corporate,Office Supplies,Paper,OFF-PA-10001947,10.0,10.0,2,4,1769
4536,2023-02-01,Standard Class,Home Office,Furniture,Furnishings,FUR-FU-10003142,20.0,20.0,3,4,539
4537,2023-09-26,Standard Class,Home Office,Office Supplies,Binders,OFF-BI-10001543,90.0,90.0,3,4,2494
4538,2022-11-12,Standard Class,Home Office,Office Supplies,Art,OFF-AR-10003560,20.0,20.0,3,2,1353
4539,2023-08-28,Standard Class,Home Office,Office Supplies,Art,OFF-AR-10004757,10.0,10.0,4,5,3690
4540,2023-02-07,Standard Class,Corporate,Technology,Phones,TEC-PH-10003800,100.0,110.0,2,4,4598
4541,2023-08-20,Standard Class,Corporate,Furniture,Tables,FUR-TA-10004152,430.0,490.0,7,5,2016
4542,2022-11-22,Standard Class,Corporate,Office Supplies,Binders,OFF-BI-10000756,10.0,10.0,7,3,2030
4543,2022-02-02,First Class,Consumer,Office Supplies,Envelopes,OFF-EN-10004206,280.0,330.0,2,2,3382
4544,2022-12-21,Second Class,Consumer,Furniture,Chairs,FUR-CH-10004477,350.0,380.0,9,4,2865
4545,2022-04-10,Second Class,Consumer,Technology,Phones,TEC-PH-10003505,120.0,150.0,2,3,4927
4546,2022-04-22,Second Class,Consumer,Technology,Phones,TEC-PH-10000526,510.0,540.0,7,4,1723
4547,2022-08-23,Second Class,Consumer,Office Supplies,Binders,OFF-BI-10003314,10.0,10.0,2,2,739
4548,2023-05-07,Second Class,Consumer,Office Supplies,Art,OFF-AR-10003190,10.0,10.0,3,2,238
4549,2023-08-18,Second Class,Consumer,Furniture,Furnishings,FUR-FU-10001861,10.0,10.0,1,3,3221
4550,2022-07-21,Second Class,Consumer,Technology,Phones,TEC-PH-10003963,560.0,660.0,4,5,3139
4551,2023-01-30,First Class,Consumer,Office Supplies,Labels,OFF-LA-10003388,10.0,10.0,2,5,459
4552,2023-03-18,Standard Class,Corporate,Furniture,Tables,FUR-TA-10002855,300.0,350.0,3,3,1037
4553,2022-08-30,Standard Class,Consumer,Furniture,Chairs,FUR-CH-10004886,200.0,230.0,3,4,321
4554,2023-06-09,Standard Class,Consumer,Office Supplies,Paper,OFF-PA-10003657,10.0,10.0,3,3,1366
4555,2022-11-20,Second Class,Consumer,Office Supplies,Binders,OFF-BI-10004738,50.0,60.0,3,4,722
4556,2023-06-01,First Class,Consumer,Office Supplies,Fasteners,OFF-FA-10003112,20.0,30.0,4,5,3249
4557,2022-07-20,First Class,Consumer,Office Supplies,Storage,OFF-ST-10002486,20.0,30.0,4,4,110
4558,2022-11-17,Standard Class,Consumer,Office Supplies,Binders,OFF-BI-10003984,10.0,10.0,1,4,3317
4559,2023-01-18,Standard Class,Corporate,Office Supplies,Envelopes,OFF-EN-10004773,40.0,50.0,2,4,4835
4560,2023-12-07,First Class,Consumer,Furniture,Chairs,FUR-CH-10001146,120.0,130.0,3,3,2386
4561,2022-05-18,Second Class,Corporate,Office Supplies,Envelopes,OFF-EN-10003296,260.0,270.0,3,5,1347
4562,2023-01-05,Second Class,Corporate,Technology,Phones,TEC-PH-10000193,90.0,110.0,3,4,263
4563,2023-11-08,Second Class,Corporate,Furniture,Furnishings,FUR-FU-10002111,40.0,40.0,5,5,714
4564,2023-12-06,Standard Class,Home Office,Furniture,Chairs,FUR-CH-10003298,390.0,420.0,4,5,3107
4565,2022-07-30,Standard Class,Corporate,Office Supplies,Storage,OFF-ST-10004950,90.0,100.0,6,3,1008
4566,2022-08-26,Standard Class,Consumer,Office Supplies,Appliances,OFF-AP-10002350,40.0,50.0,3,2,3338
4567,2022-03-28,Standard Class,Consumer,Office Supplies,Binders,OFF-BI-10004233,30.0,30.0,6,2,1180
4568,2022-04-14,Standard Class,Consumer,Office Supplies,Paper,OFF-PA-10001892,20.0,20.0,4,3,1721
4569,2023-12-22,Standard Class,Consumer,Office Supplies,Binders,OFF-BI-10003291,10.0,10.0,6,2,4880
4570,2022-04-26,Second Class,Home Office,Furniture,Furnishings,FUR-FU-10004017,80.0,80.0,3,3,1897
4571,2022-05-02,Second Class,Home Office,Office Supplies,Art,OFF-AR-10002445,20.0,20.0,3,3,2720
4572,2023-01-26,Second Class,Home Office,Office Supplies,Binders,OFF-BI-10001718,110.0,130.0,2,3,990
4573,2022-12-11,Standard Class,Home Office,Technology,Copiers,TEC-CO-10004202,420.0,480.0,2,5,1545
4574,2022-12-19,Standard Class,Home Office,Technology,Phones,TEC-PH-10002103,580.0,660.0,7,2,2382
4575,2022-03-15,Standard Class,Home Office,Furniture,Furnishings,FUR-FU-10003724,30.0,30.0,4,3,4465
4576,2022-12-03,Standard Class,Home Office,Office Supplies,Art,OFF-AR-10003732,10.0,10.0,5,3,4865
4577,2023-12-13,Standard Class,Home Office,Office Supplies,Storage,OFF-ST-10000885,30.0,30.0,2,3,2401
4578,2022-02-17,Standard Class,Consumer,Office Supplies,Binders,OFF-BI-10004817,10.0,10.0,1,3,1644
4579,2022-12-05,Standard Class,Home Office,Office Supplies,Binders,OFF-BI-10001670,100.0,110.0,3,4,3616
4580,2023-07-06,Standard Class,Corporate,Office Supplies,Paper,OFF-PA-10002709,70.0,70.0,11,4,2824
4581,2023-02-23,Standard Class,Corporate,Technology,Accessories,TEC-AC-10004469,220.0,240.0,6,5,2321
4582,2023-10-17,First Class,Home Office,Furniture,Furnishings,FUR-FU-10003424,30.0,30.0,3,3,486
4583,2023-07-20,First Class,Consumer,Office Supplies,Labels,OFF-LA-10003720,20.0,20.0,8,4,2343
4584,2023-10-07,Second Class,Corporate,Office Supplies,Art,OFF-AR-10000390,10.0,10.0,2,4,1737
4585,2022-05-17,Second Class,Home Office,Office Supplies,Envelopes,OFF-EN-10001335,70.0,80.0,7,3,2788
4586,2022-12-17,Second Class,Home Office,Office Supplies,Art,OFF-AR-10003469,10.0,10.0,5,2,3037
4587,2022-04-28,Second Class,Home Office,Office Supplies,Binders,OFF-BI-10003718,500.0,590.0,6,5,2920
4588,2023-03-23,Second Class,Home Office,Office Supplies,Fasteners,OFF-FA-10004838,10.0,10.0,3,5,2332
4589,2023-04-13,Second Class,Home Office,Furniture,Furnishings,FUR-FU-10002508,30.0,30.0,3,3,4109
4590,2022-05-28,Second Class,Home Office,Office Supplies,Storage,OFF-ST-10001511,380.0,450.0,7,5,669
4591,2022-09-13,Standard Class,Corporate,Office Supplies,Supplies,OFF-SU-10000952,20.0,20.0,2,2,1194
4592,2022-06-17,Standard Class,Corporate,Technology,Phones,TEC-PH-10002275,270.0,300.0,2,4,1517
4593,2023-08-03,Standard Class,Corporate,Furniture,Chairs,FUR-CH-10003535,130.0,150.0,3,3,3792
4594,2022-09-30,Standard Class,Corporate,Office Supplies,Appliances,OFF-AP-10004052,10.0,10.0,2,2,5012
4595,2023-11-02,Standard Class,Corporate,Furniture,Tables,FUR-TA-10003473,790.0,900.0,3,5,2024
4596,2022-12-10,Standard Class,Corporate,Office Supplies,Art,OFF-AR-10001897,40.0,50.0,3,5,1040
4597,2022-05-16,Second Class,Home Office,Office Supplies,Art,OFF-AR-10000034,20.0,30.0,8,2,3280
4598,2022-02-07,Standard Class,Home Office,Office Supplies,Supplies,OFF-SU-10004115,20.0,20.0,3,5,583
4599,2022-06-03,Standard Class,Home Office,Office Supplies,Appliances,OFF-AP-10001947,80.0,90.0,5,2,3771
4600,2023-01-23,Standard Class,Home Office,Furniture,Chairs,FUR-CH-10004853,130.0,150.0,1,3,294
4601,2022-10-08,Standard Class,Home Office,Office Supplies,Envelopes,OFF-EN-10000483,130.0,140.0,9,5,3064
4602,2022-01-12,Standard Class,Home Office,Office Supplies,Fasteners,OFF-FA-10001332,10.0,10.0,4,2,3547
4603,2023-09-02,Second Class,Home Office,Office Supplies,Paper,OFF-PA-10003790,20.0,20.0,1,5,1963
4604,2023-02-23,Second Class,Home Office,Office Supplies,Paper,OFF-PA-10003134,140.0,150.0,4,3,4217
4605,2023-11-20,Second Class,Home Office,Office Supplies,Envelopes,OFF-EN-10004459,10.0,10.0,2,2,579
4606,2023-07-11,Second Class,Home Office,Technology,Accessories,TEC-AC-10003628,160.0,170.0,7,4,636
4607,2022-09-25,Standard Class,Consumer,Technology,Phones,TEC-PH-10004093,40.0,50.0,1,3,1873
4608,2023-06-06,Standard Class,Consumer,Office Supplies,Storage,OFF-ST-10001490,440.0,540.0,3,2,3862
4609,2023-12-11,Standard Class,Consumer,Office Supplies,Binders,OFF-BI-10000605,10.0,10.0,2,5,3525
4610,2023-10-31,Standard Class,Consumer,Office Supplies,Paper,OFF-PA-10004255,40.0,50.0,7,3,4165
4611,2023-10-03,Standard Class,Consumer,Furniture,Furnishings,FUR-FU-10000023,50.0,50.0,8,5,4115
4612,2022-10-28,Second Class,Corporate,Office Supplies,Binders,OFF-BI-10000285,30.0,30.0,4,5,1025
4613,2023-12-15,Standard Class,Consumer,Office Supplies,Art,OFF-AR-10000588,40.0,50.0,3,2,3028
4614,2023-11-19,Standard Class,Consumer,Office Supplies,Paper,OFF-PA-10002250,20.0,20.0,5,2,4904
4615,2022-04-10,Standard Class,Home Office,Office Supplies,Appliances,OFF-AP-10002457,50.0,60.0,3,5,593
4616,2022-04-23,Standard Class,Home Office,Office Supplies,Fasteners,OFF-FA-10002763,20.0,30.0,9,3,1605
4617,2023-12-17,Second Class,Corporate,Technology,Accessories,TEC-AC-10000109,110.0,130.0,3,2,1893
4618,2023-10-26,Standard Class,Home Office,Technology,Phones,TEC-PH-10002415,510.0,590.0,2,4,3249
4619,2022-10-15,Standard Class,Home Office,Furniture,Chairs,FUR-CH-10000785,490.0,540.0,3,5,65
4620,2023-10-14,First Class,Home Office,Technology,Copiers,TEC-CO-10001449,2560.0,2880.0,6,2,4815
4621,2023-08-01,First Class,Home Office,Office Supplies,Binders,OFF-BI-10001670,80.0,90.0,3,5,2632
4622,2022-07-04,Second Class,Corporate,Office Supplies,Storage,OFF-ST-10001328,70.0,80.0,5,3,3470
4623,2022-04-16,Standard Class,Consumer,Office Supplies,Supplies,OFF-SU-10001225,10.0,10.0,3,4,1418
4624,2022-10-18,Standard Class,Consumer,Office Supplies,Paper,OFF-PA-10000357,170.0,180.0,4,4,4741
4625,2022-02-08,Standard Class,Consumer,Office Supplies,Storage,OFF-ST-10000046,210.0,260.0,2,2,3094
4626,2023-05-20,Standard Class,Consumer,Furniture,Furnishings,FUR-FU-10000023,10.0,10.0,3,5,353
4627,2023-10-17,Standard Class,Corporate,Office Supplies,Storage,OFF-ST-10003455,70.0,80.0,5,5,4616
4628,2022-08-26,Standard Class,Corporate,Office Supplies,Storage,OFF-ST-10000876,20.0,20.0,2,3,3473
4629,2023-04-28,Standard Class,Corporate,Office Supplies,Art,OFF-AR-10003582,130.0,140.0,5,3,1941
4630,2023-03-09,Standard Class,Corporate,Office Supplies,Storage,OFF-ST-10004258,40.0,40.0,3,5,3503
4631,2022-02-02,Same Day,Consumer,Furniture,Furnishings,FUR-FU-10000719,20.0,20.0,2,3,4094
4632,2023-02-09,Second Class,Consumer,Office Supplies,Labels,OFF-LA-10001297,40.0,50.0,5,2,3664
4633,2023-07-14,Second Class,Consumer,Furniture,Furnishings,FUR-FU-10000723,100.0,120.0,3,4,3335
4634,2022-10-27,Standard Class,Corporate,Furniture,Bookcases,FUR-BO-10003893,470.0,590.0,6,5,1067
4635,2022-03-10,Standard Class,Corporate,Office Supplies,Storage,OFF-ST-10000736,60.0,80.0,1,5,4748
4636,2022-06-05,Standard Class,Corporate,Office Supplies,Storage,OFF-ST-10000736,210.0,240.0,3,2,4997
4637,2023-10-25,First Class,Consumer,Office Supplies,Art,OFF-AR-10003373,100.0,120.0,4,2,1837
4638,2022-06-20,First Class,Consumer,Office Supplies,Art,OFF-AR-10000390,10.0,10.0,3,4,1045
4639,2023-08-07,First Class,Consumer,Office Supplies,Art,OFF-AR-10001725,40.0,50.0,2,5,3619
4640,2022-05-30,Standard Class,Consumer,Technology,Copiers,TEC-CO-10001943,1410.0,1600.0,8,2,3281
4641,2022-12-10,Standard Class,Consumer,Office Supplies,Envelopes,OFF-EN-10002312,10.0,10.0,1,2,60
4642,2022-02-04,Second Class,Consumer,Office Supplies,Binders,OFF-BI-10000831,10.0,10.0,4,5,4693
4643,2022-02-09,Second Class,Consumer,Furniture,Chairs,FUR-CH-10000749,510.0,580.0,4,5,1484
4644,2022-01-05,Standard Class,Consumer,Office Supplies,Binders,OFF-BI-10002003,10.0,10.0,2,3,4183
4645,2022-10-21,Standard Class,Consumer,Technology,Machines,TEC-MA-10001972,500.0,560.0,2,5,1645
4646,2023-05-03,Standard Class,Home Office,Furniture,Chairs,FUR-CH-10000225,140.0,150.0,2,3,4632
4647,2022-05-23,Standard Class,Corporate,Office Supplies,Paper,OFF-PA-10001622,10.0,10.0,3,5,3305
4648,2023-12-06,Standard Class,Home Office,Furniture,Chairs,FUR-CH-10004983,340.0,430.0,3,3,4334
4649,2023-10-26,Standard Class,Corporate,Office Supplies,Paper,OFF-PA-10003228,410.0,440.0,9,3,1617
4650,2023-12-08,Standard Class,Corporate,Office Supplies,Supplies,OFF-SU-10004498,50.0,60.0,5,2,4612
4651,2022-12-05,Standard Class,Home Office,Office Supplies,Paper,OFF-PA-10001878,190.0,240.0,5,3,2780
4652,2023-08-05,Standard Class,Home Office,Office Supplies,Paper,OFF-PA-10002923,160.0,200.0,4,3,2242
4653,2022-10-06,Standard Class,Home Office,Office Supplies,Paper,OFF-PA-10001838,10.0,10.0,2,3,4449
4654,2023-01-29,Standard Class,Home Office,Office Supplies,Storage,OFF-ST-10003123,140.0,170.0,5,3,2966
4655,2023-05-27,Second Class,Consumer,Office Supplies,Fasteners,OFF-FA-10001332,10.0,10.0,1,4,1355
4656,2023-12-15,Standard Class,Corporate,Office Supplies,Storage,OFF-ST-10003442,40.0,50.0,2,3,2062
4657,2022-08-06,Standard Class,Consumer,Office Supplies,Art,OFF-AR-10001468,50.0,60.0,2,2,3235
4658,2023-07-15,Standard Class,Consumer,Office Supplies,Appliances,OFF-AP-10003266,20.0,20.0,2,4,3492
4659,2023-09-07,Standard Class,Consumer,Office Supplies,Paper,OFF-PA-10002230,10.0,10.0,2,3,39
4660,2022-01-30,Standard Class,Consumer,Office Supplies,Appliances,OFF-AP-10003622,20.0,20.0,7,3,2387
4661,2022-05-19,Standard Class,Consumer,Technology,Accessories,TEC-AC-10001542,30.0,30.0,3,5,4768
4662,2022-01-19,Standard Class,Consumer,Furniture,Chairs,FUR-CH-10002965,720.0,840.0,6,3,123
4663,2022-10-28,Standard Class,Consumer,Office Supplies,Storage,OFF-ST-10000563,70.0,80.0,3,3,2036
4664,2022-08-28,Standard Class,Consumer,Office Supplies,Labels,OFF-LA-10002787,20.0,20.0,1,5,3150
4665,2022-03-18,Standard Class,Consumer,Office Supplies,Binders,OFF-BI-10004022,10.0,10.0,9,2,5040
4666,2022-03-28,Standard Class,Consumer,Office Supplies,Labels,OFF-LA-10001158,20.0,20.0,2,5,2468
4667,2022-09-15,Standard Class,Corporate,Furniture,Furnishings,FUR-FU-10000076,70.0,80.0,4,4,4858
4668,2023-12-03,Standard Class,Corporate,Technology,Accessories,TEC-AC-10002335,70.0,70.0,2,3,4917
4669,2022-08-04,Standard Class,Corporate,Office Supplies,Binders,OFF-BI-10002827,10.0,10.0,10,2,4937
4670,2022-08-06,Standard Class,Corporate,Furniture,Bookcases,FUR-BO-10001601,500.0,620.0,7,4,2784
4671,2023-09-02,Standard Class,Corporate,Office Supplies,Storage,OFF-ST-10001932,700.0,770.0,5,3,1939
4672,2023-08-06,Standard Class,Consumer,Office Supplies,Appliances,OFF-AP-10001005,240.0,280.0,4,2,2490
4673,2023-01-30,Standard Class,Consumer,Technology,Phones,TEC-PH-10004042,580.0,640.0,4,2,1647
4674,2023-11-17,Standard Class,Consumer,Technology,Phones,TEC-PH-10001079,110.0,120.0,1,3,2520
4675,2023-10-24,Standard Class,Consumer,Furniture,Furnishings,FUR-FU-10002918,220.0,270.0,3,2,2931
4676,2023-12-30,Second Class,Consumer,Furniture,Furnishings,FUR-FU-10003832,20.0,20.0,2,5,1671
4677,2022-04-11,Standard Class,Consumer,Office Supplies,Binders,OFF-BI-10001617,30.0,30.0,4,2,1026
4678,2023-10-22,Standard Class,Consumer,Office Supplies,Storage,OFF-ST-10000736,70.0,80.0,1,3,3854
4679,2022-08-24,Standard Class,Consumer,Technology,Accessories,TEC-AC-10004877,70.0,80.0,12,2,2463
4680,2023-01-27,Standard Class,Consumer,Office Supplies,Storage,OFF-ST-10003221,20.0,20.0,2,4,848
4681,2023-03-17,Standard Class,Consumer,Office Supplies,Binders,OFF-BI-10003007,50.0,60.0,2,4,3457
4682,2022-11-09,Second Class,Consumer,Office Supplies,Fasteners,OFF-FA-10000936,30.0,30.0,9,3,2537
4683,2023-04-06,Same Day,Consumer,Technology,Phones,TEC-PH-10003811,810.0,860.0,9,4,2843
4684,2023-04-13,Standard Class,Corporate,Furniture,Tables,FUR-TA-10004152,230.0,240.0,4,3,574
4685,2023-07-06,Standard Class,Corporate,Furniture,Bookcases,FUR-BO-10002853,140.0,160.0,4,2,1054
4686,2022-08-20,Standard Class,Corporate,Office Supplies,Binders,OFF-BI-10002071,10.0,10.0,2,4,4145
4687,2023-10-13,Standard Class,Corporate,Office Supplies,Fasteners,OFF-FA-10000053,10.0,10.0,7,3,2318
4688,2023-03-10,Standard Class,Consumer,Technology,Phones,TEC-PH-10001305,390.0,440.0,9,3,3255
4689,2023-07-10,Standard Class,Consumer,Office Supplies,Binders,OFF-BI-10001525,10.0,10.0,5,4,271
4690,2022-07-23,First Class,Consumer,Furniture,Furnishings,FUR-FU-10001876,50.0,50.0,2,2,4554
4691,2023-09-07,First Class,Consumer,Technology,Accessories,TEC-AC-10003628,60.0,70.0,3,3,2466
4692,2023-07-24,First Class,Consumer,Furniture,Chairs,FUR-CH-10004860,210.0,240.0,3,2,1501
4693,2023-02-12,First Class,Consumer,Office Supplies,Paper,OFF-PA-10000357,180.0,220.0,5,3,5015
4694,2023-11-29,First Class,Consumer,Office Supplies,Paper,OFF-PA-10003270,10.0,10.0,2,4,3403
4695,2023-01-11,Same Day,Consumer,Office Supplies,Binders,OFF-BI-10000320,30.0,30.0,4,4,1189
4696,2022-03-27,Same Day,Consumer,Furniture,Chairs,FUR-CH-10003846,260.0,300.0,3,5,185
4697,2022-03-17,Same Day,Consumer,Furniture,Chairs,FUR-CH-10004875,130.0,140.0,2,4,4247
4698,2023-04-03,Same Day,Consumer,Furniture,Chairs,FUR-CH-10003817,520.0,550.0,9,4,4932
4699,2023-11-22,Same Day,Consumer,Furniture,Furnishings,FUR-FU-10002116,200.0,210.0,3,5,4142
4700,2023-11-29,Standard Class,Home Office,Office Supplies,Art,OFF-AR-10003481,10.0,10.0,2,5,5001
4701,2023-08-25,Standard Class,Home Office,Office Supplies,Storage,OFF-ST-10004180,60.0,70.0,2,2,401
4702,2023-11-19,Standard Class,Home Office,Office Supplies,Paper,OFF-PA-10003657,10.0,10.0,2,3,2840
4703,2023-12-17,Standard Class,Home Office,Furniture,Furnishings,FUR-FU-10001967,10.0,10.0,1,4,367
4704,2022-04-03,Standard Class,Corporate,Office Supplies,Appliances,OFF-AP-10002082,10.0,10.0,2,5,4473
4705,2022-03-16,First Class,Consumer,Office Supplies,Supplies,OFF-SU-10000381,60.0,70.0,7,5,2317
4706,2023-08-04,First Class,Consumer,Office Supplies,Labels,OFF-LA-10002475,10.0,10.0,2,3,2324
4707,2022-05-05,First Class,Consumer,Furniture,Furnishings,FUR-FU-10003975,140.0,170.0,4,2,4718
4708,2022-01-03,First Class,Consumer,Office Supplies,Binders,OFF-BI-10003091,840.0,900.0,5,5,2047
4709,2022-09-27,First Class,Consumer,Office Supplies,Storage,OFF-ST-10002974,120.0,130.0,3,3,4199
4710,2023-06-08,First Class,Consumer,Office Supplies,Art,OFF-AR-10000255,10.0,10.0,2,5,4031
4711,2022-02-10,First Class,Consumer,Technology,Accessories,TEC-AC-10001284,60.0,60.0,3,3,2797
4712,2022-03-18,Same Day,Consumer,Office Supplies,Binders,OFF-BI-10003529,10.0,10.0,1,4,270
4713,2023-09-19,Standard Class,Consumer,Office Supplies,Paper,OFF-PA-10000029,30.0,40.0,7,5,1080
4714,2023-10-10,Standard Class,Consumer,Furniture,Furnishings,FUR-FU-10002116,50.0,60.0,2,2,177
4715,2023-10-04,First Class,Consumer,Technology,Phones,TEC-PH-10002200,280.0,340.0,2,3,1339
4716,2023-01-22,Standard Class,Consumer,Technology,Phones,TEC-PH-10000441,190.0,200.0,2,4,548
4717,2022-01-28,Second Class,Home Office,Furniture,Tables,FUR-TA-10002958,440.0,520.0,2,4,3208
4718,2023-06-07,Standard Class,Consumer,Office Supplies,Art,OFF-AR-10001662,10.0,10.0,3,2,2629
4719,2022-01-08,First Class,Corporate,Office Supplies,Paper,OFF-PA-10004101,40.0,50.0,7,5,2359
4720,2023-12-24,Second Class,Home Office,Office Supplies,Storage,OFF-ST-10002756,890.0,950.0,7,2,4332
4721,2023-12-12,Second Class,Home Office,Office Supplies,Paper,OFF-PA-10000483,60.0,60.0,2,2,1319
4722,2022-12-13,Second Class,Consumer,Furniture,Tables,FUR-TA-10002041,220.0,270.0,3,5,540
4723,2023-04-15,Standard Class,Home Office,Office Supplies,Art,OFF-AR-10001166,10.0,10.0,1,3,161
4724,2022-03-17,Same Day,Consumer,Office Supplies,Labels,OFF-LA-10004345,10.0,10.0,3,5,2454
4725,2023-01-28,Standard Class,Home Office,Office Supplies,Binders,OFF-BI-10002852,10.0,10.0,2,3,1157
4726,2022-06-08,Standard Class,Home Office,Office Supplies,Appliances,OFF-AP-10001058,540.0,670.0,3,5,1009
4727,2022-09-13,Second Class,Home Office,Office Supplies,Storage,OFF-ST-10003470,1050.0,1120.0,4,4,4108
4728,2023-04-18,Second Class,Home Office,Furniture,Bookcases,FUR-BO-10003159,220.0,280.0,3,3,3788
4729,2023-02-11,Standard Class,Consumer,Office Supplies,Binders,OFF-BI-10003684,100.0,120.0,7,3,218
4730,2023-06-07,Second Class,Consumer,Technology,Accessories,TEC-AC-10000487,20.0,20.0,3,3,4275
4731,2023-04-19,Second Class,Consumer,Office Supplies,Paper,OFF-PA-10001736,180.0,210.0,6,2,2899
4732,2022-01-17,Second Class,Consumer,Office Supplies,Paper,OFF-PA-10001609,10.0,10.0,3,5,1232
4733,2023-01-23,Second Class,Consumer,Technology,Accessories,TEC-AC-10003116,40.0,50.0,3,2,4042
4734,2023-02-24,Second Class,Consumer,Furniture,Furnishings,FUR-FU-10004586,20.0,20.0,3,2,892
4735,2022-11-26,Standard Class,Corporate,Furniture,Chairs,FUR-CH-10000454,570.0,660.0,3,3,856
4736,2023-06-12,Standard Class,Home Office,Office Supplies,Binders,OFF-BI-10004970,10.0,10.0,2,3,650
4737,2023-03-05,Standard Class,Home Office,Office Supplies,Binders,OFF-BI-10002824,20.0,30.0,2,5,5065
4738,2023-12-05,Standard Class,Home Office,Technology,Accessories,TEC-AC-10003657,60.0,70.0,2,5,2066
4739,2023-09-23,Standard Class,Consumer,Office Supplies,Labels,OFF-LA-10003510,50.0,60.0,2,3,2282
4740,2022-03-28,Standard Class,Consumer,Furniture,Tables,FUR-TA-10001676,30.0,40.0,1,4,538
4741,2022-11-23,Standard Class,Consumer,Office Supplies,Labels,OFF-LA-10004853,10.0,10.0,2,3,4611
4742,2023-06-02,Standard Class,Consumer,Office Supplies,Art,OFF-AR-10000315,10.0,10.0,3,5,388
4743,2023-12-05,Standard Class,Consumer,Office Supplies,Supplies,OFF-SU-10000381,30.0,30.0,3,2,388
4744,2022-03-20,Same Day,Consumer,Office Supplies,Fasteners,OFF-FA-10002763,10.0,10.0,2,4,3144
4745,2023-12-28,Same Day,Consumer,Office Supplies,Storage,OFF-ST-10000877,190.0,220.0,4,5,1831
4746,2022-01-11,Same Day,Consumer,Office Supplies,Binders,OFF-BI-10001071,110.0,130.0,2,4,1976
4747,2022-05-26,Same Day,Consumer,Office Supplies,Binders,OFF-BI-10001097,20.0,20.0,3,4,3614
4748,2023-02-19,Same Day,Corporate,Office Supplies,Supplies,OFF-SU-10004782,30.0,30.0,3,3,977
4749,2023-07-23,Same Day,Corporate,Furniture,Furnishings,FUR-FU-10000672,30.0,40.0,3,5,4013
4750,2022-01-04,First Class,Corporate,Office Supplies,Paper,OFF-PA-10002986,30.0,30.0,5,4,915
4751,2023-06-19,First Class,Corporate,Technology,Machines,TEC-MA-10001972,720.0,840.0,3,5,5059
4752,2022-08-25,Standard Class,Consumer,Technology,Phones,TEC-PH-10000169,30.0,40.0,3,3,2939
4753,2023-02-14,Standard Class,Consumer,Furniture,Chairs,FUR-CH-10001482,190.0,210.0,2,5,3711
4754,2023-02-09,Standard Class,Consumer,Technology,Accessories,TEC-AC-10002018,20.0,20.0,4,4,1090
4755,2022-12-22,Standard Class,Consumer,Office Supplies,Binders,OFF-BI-10000301,10.0,10.0,2,2,4050
4756,2022-12-11,Standard Class,Consumer,Office Supplies,Paper,OFF-PA-10004381,110.0,120.0,3,5,5041
4757,2022-04-15,Standard Class,Consumer,Office Supplies,Binders,OFF-BI-10004141,10.0,10.0,2,2,1234
4758,2022-02-02,Standard Class,Home Office,Office Supplies,Binders,OFF-BI-10001575,40.0,40.0,7,3,2414
4759,2023-09-27,Standard Class,Consumer,Technology,Phones,TEC-PH-10000984,620.0,780.0,4,2,1690
4760,2023-08-31,Standard Class,Consumer,Office Supplies,Binders,OFF-BI-10000666,40.0,50.0,2,2,3405
4761,2023-05-02,Standard Class,Consumer,Office Supplies,Binders,OFF-BI-10003712,10.0,10.0,2,4,332
4762,2022-10-22,Standard Class,Consumer,Office Supplies,Labels,OFF-LA-10003720,10.0,10.0,2,3,2927
4763,2022-12-16,Standard Class,Consumer,Office Supplies,Supplies,OFF-SU-10001664,10.0,10.0,2,5,3861
4764,2023-06-05,Standard Class,Consumer,Office Supplies,Envelopes,OFF-EN-10001453,150.0,180.0,3,2,1543
4765,2022-02-09,First Class,Consumer,Office Supplies,Art,OFF-AR-10001860,20.0,30.0,4,5,2336
4766,2023-12-09,Standard Class,Home Office,Office Supplies,Art,OFF-AR-10001044,30.0,30.0,1,3,4199
4767,2022-03-07,First Class,Corporate,Technology,Accessories,TEC-AC-10002473,100.0,110.0,5,3,3154
4768,2023-12-15,First Class,Corporate,Technology,Phones,TEC-PH-10001809,310.0,360.0,3,5,117
4769,2022-09-22,Same Day,Consumer,Office Supplies,Paper,OFF-PA-10004733,30.0,30.0,4,5,3369
4770,2023-02-18,Second Class,Home Office,Office Supplies,Binders,OFF-BI-10003355,10.0,10.0,3,2,206
4771,2023-12-07,Second Class,Home Office,Office Supplies,Supplies,OFF-SU-10001212,10.0,10.0,3,4,621
4772,2022-11-03,Second Class,Consumer,Technology,Phones,TEC-PH-10000486,650.0,740.0,8,3,1213
4773,2023-07-14,Standard Class,Consumer,Furniture,Furnishings,FUR-FU-10004909,10.0,10.0,1,3,2020
4774,2023-01-16,Standard Class,Consumer,Office Supplies,Labels,OFF-LA-10001613,10.0,10.0,5,5,1811
4775,2022-04-05,Standard Class,Consumer,Technology,Phones,TEC-PH-10004447,180.0,220.0,2,4,1886
4776,2023-02-20,Standard Class,Home Office,Office Supplies,Art,OFF-AR-10000255,20.0,20.0,4,5,2308
4777,2023-05-03,Second Class,Corporate,Office Supplies,Labels,OFF-LA-10004425,10.0,10.0,3,2,241
4778,2023-10-18,Second Class,Corporate,Office Supplies,Supplies,OFF-SU-10001664,20.0,30.0,3,3,3102
4779,2023-11-10,Standard Class,Consumer,Office Supplies,Appliances,OFF-AP-10000696,80.0,100.0,7,3,4650
4780,2022-05-11,First Class,Consumer,Furniture,Chairs,FUR-CH-10002647,50.0,60.0,1,5,4375
4781,2023-02-25,Standard Class,Consumer,Furniture,Chairs,FUR-CH-10002758,580.0,680.0,4,3,343
4782,2023-04-09,Standard Class,Consumer,Office Supplies,Binders,OFF-BI-10000201,10.0,10.0,3,2,2172
4783,2023-06-24,Standard Class,Consumer,Office Supplies,Supplies,OFF-SU-10004115,40.0,40.0,7,5,4610
4784,2023-09-01,Standard Class,Consumer,Office Supplies,Paper,OFF-PA-10000806,240.0,280.0,5,3,272
4785,2023-09-24,Standard Class,Consumer,Office Supplies,Art,OFF-AR-10001473,10.0,10.0,5,3,454
4786,2022-12-05,Standard Class,Consumer,Furniture,Bookcases,FUR-BO-10003450,70.0,70.0,4,3,1069
4787,2023-04-08,Standard Class,Consumer,Office Supplies,Art,OFF-AR-10001545,10.0,10.0,3,3,1281
4788,2023-03-15,Standard Class,Consumer,Technology,Accessories,TEC-AC-10004396,50.0,60.0,4,2,3418
4789,2022-01-26,Standard Class,Consumer,Furniture,Furnishings,FUR-FU-10002456,40.0,50.0,9,4,4682
4790,2023-09-12,Standard Class,Consumer,Furniture,Furnishings,FUR-FU-10001473,40.0,50.0,5,4,1669
4791,2022-07-04,Standard Class,Consumer,Furniture,Tables,FUR-TA-10000849,330.0,360.0,5,5,1782
4792,2022-01-16,Standard Class,Consumer,Office Supplies,Paper,OFF-PA-10001166,80.0,90.0,3,3,3360
4793,2023-11-03,Standard Class,Consumer,Office Supplies,Paper,OFF-PA-10003256,20.0,30.0,3,5,1035
4794,2022-04-04,Standard Class,Consumer,Office Supplies,Paper,OFF-PA-10002870,20.0,20.0,4,3,1811
4795,2023-12-02,Standard Class,Corporate,Furniture,Furnishings,FUR-FU-10001215,40.0,40.0,1,5,2814
4796,2022-09-06,Standard Class,Consumer,Office Supplies,Binders,OFF-BI-10004187,10.0,10.0,3,2,4197
4797,2022-04-30,Standard Class,Corporate,Office Supplies,Binders,OFF-BI-10001718,50.0,60.0,3,2,759
4798,2023-04-04,Standard Class,Corporate,Office Supplies,Paper,OFF-PA-10004983,20.0,30.0,6,3,1701
4799,2022-04-11,Standard Class,Corporate,Furniture,Furnishings,FUR-FU-10002396,30.0,30.0,3,4,3329
4800,2023-11-10,Standard Class,Corporate,Technology,Phones,TEC-PH-10003988,40.0,40.0,5,3,120
4801,2022-02-17,Standard Class,Corporate,Office Supplies,Art,OFF-AR-10002467,15.0,15.0,2,3,4203
4802,2022-07-11,Standard Class,Corporate,Office Supplies,Binders,OFF-BI-10004002,10.0,10.0,2,3,3791
4803,2023-10-21,Standard Class,Corporate,Office Supplies,Binders,OFF-BI-10002309,10.0,10.0,8,3,543
4804,2023-11-25,Second Class,Consumer,Technology,Phones,TEC-PH-10003885,40.0,40.0,1,4,4106
4805,2023-12-21,Second Class,Consumer,Furniture,Furnishings,FUR-FU-10002501,70.0,90.0,9,3,1933
4806,2022-03-26,Second Class,Consumer,Office Supplies,Paper,OFF-PA-10000176,40.0,40.0,2,4,2219
4807,2022-02-25,Second Class,Consumer,Office Supplies,Paper,OFF-PA-10000327,30.0,40.0,10,4,2020
4808,2023-09-05,Second Class,Consumer,Office Supplies,Storage,OFF-ST-10004634,30.0,30.0,3,5,162
4809,2023-10-29,Standard Class,Corporate,Office Supplies,Envelopes,OFF-EN-10003040,50.0,60.0,3,4,2634
4810,2023-09-17,First Class,Consumer,Office Supplies,Paper,OFF-PA-10003228,180.0,200.0,4,4,4062
4811,2022-06-09,First Class,Consumer,Technology,Phones,TEC-PH-10004345,200.0,240.0,2,2,3151
4812,2022-04-25,Second Class,Consumer,Furniture,Chairs,FUR-CH-10000785,360.0,380.0,3,3,2730
4813,2022-06-27,Second Class,Consumer,Technology,Copiers,TEC-CO-10004115,1080.0,1200.0,4,2,1616
4814,2023-05-04,Second Class,Consumer,Furniture,Furnishings,FUR-FU-10002813,50.0,50.0,3,5,238
4815,2023-03-01,First Class,Consumer,Office Supplies,Paper,OFF-PA-10002751,20.0,20.0,3,3,1303
4816,2022-01-30,Standard Class,Consumer,Office Supplies,Paper,OFF-PA-10004569,20.0,20.0,3,2,3366
4817,2022-10-02,Standard Class,Consumer,Office Supplies,Appliances,OFF-AP-10002998,20.0,30.0,2,3,3482
4818,2023-05-06,Standard Class,Consumer,Office Supplies,Appliances,OFF-AP-10003287,70.0,80.0,2,2,1857
4819,2023-08-23,Standard Class,Consumer,Office Supplies,Storage,OFF-ST-10001370,200.0,230.0,4,5,4388
4820,2023-12-29,Standard Class,Consumer,Office Supplies,Binders,OFF-BI-10004040,10.0,10.0,2,3,3332
4821,2023-03-09,Standard Class,Consumer,Office Supplies,Appliances,OFF-AP-10002651,380.0,460.0,8,3,2430
4822,2022-06-06,Standard Class,Consumer,Technology,Accessories,TEC-AC-10002402,340.0,380.0,6,3,3634
4823,2023-11-23,Same Day,Home Office,Office Supplies,Binders,OFF-BI-10001658,30.0,40.0,6,3,2714
4824,2022-07-11,Standard Class,Consumer,Technology,Machines,TEC-MA-10000752,30.0,30.0,7,5,1833
4825,2023-08-16,Standard Class,Consumer,Furniture,Chairs,FUR-CH-10003817,120.0,130.0,3,5,4078
4826,2022-01-05,Standard Class,Consumer,Furniture,Furnishings,FUR-FU-10001876,70.0,80.0,3,3,15
4827,2023-05-02,First Class,Corporate,Office Supplies,Binders,OFF-BI-10003460,10.0,10.0,4,2,2546
4828,2023-02-06,Standard Class,Corporate,Office Supplies,Storage,OFF-ST-10000464,70.0,70.0,2,3,4551
4829,2022-08-26,Standard Class,Corporate,Office Supplies,Art,OFF-AR-10001919,10.0,10.0,3,2,4066
4830,2022-07-11,Standard Class,Consumer,Office Supplies,Binders,OFF-BI-10002393,10.0,10.0,3,4,4318
4831,2023-07-11,Standard Class,Consumer,Office Supplies,Appliances,OFF-AP-10001293,210.0,250.0,6,3,286
4832,2023-04-02,Standard Class,Consumer,Office Supplies,Storage,OFF-ST-10004258,40.0,40.0,3,4,2185
4833,2022-05-27,Standard Class,Consumer,Office Supplies,Storage,OFF-ST-10002214,20.0,20.0,2,2,1923
4834,2022-10-02,Standard Class,Consumer,Office Supplies,Binders,OFF-BI-10004970,10.0,10.0,3,5,665
4835,2022-07-19,Standard Class,Home Office,Office Supplies,Binders,OFF-BI-10002571,30.0,40.0,5,2,3820
4836,2023-05-01,Standard Class,Home Office,Office Supplies,Paper,OFF-PA-10002581,50.0,60.0,2,3,342
4837,2022-12-28,Standard Class,Home Office,Office Supplies,Binders,OFF-BI-10001097,20.0,20.0,4,5,3826
4838,2022-10-18,First Class,Consumer,Office Supplies,Binders,OFF-BI-10003429,20.0,20.0,2,2,102
4839,2022-04-10,First Class,Consumer,Office Supplies,Paper,OFF-PA-10000682,30.0,30.0,6,2,1706
4840,2022-08-30,First Class,Consumer,Technology,Phones,TEC-PH-10001700,140.0,160.0,4,5,4077
4841,2023-04-15,Standard Class,Home Office,Furniture,Furnishings,FUR-FU-10000629,30.0,30.0,2,2,4857
4842,2023-02-27,Standard Class,Consumer,Office Supplies,Binders,OFF-BI-10001267,10.0,10.0,3,2,606
4843,2023-09-23,Standard Class,Consumer,Office Supplies,Storage,OFF-ST-10001418,200.0,240.0,5,5,1062
4844,2023-01-03,First Class,Consumer,Office Supplies,Fasteners,OFF-FA-10004968,10.0,10.0,4,5,3522
4845,2022-05-08,First Class,Corporate,Office Supplies,Binders,OFF-BI-10004140,10.0,10.0,2,4,712
4846,2022-03-09,Second Class,Consumer,Office Supplies,Binders,OFF-BI-10003460,10.0,10.0,3,5,3238
4847,2023-01-22,Second Class,Corporate,Technology,Phones,TEC-PH-10002115,220.0,260.0,5,4,3462
4848,2022-10-18,Second Class,Corporate,Office Supplies,Art,OFF-AR-10003478,70.0,70.0,11,3,4082
4849,2023-11-30,Second Class,Corporate,Office Supplies,Art,OFF-AR-10000475,10.0,10.0,1,5,1085
4850,2023-10-10,Standard Class,Consumer,Office Supplies,Art,OFF-AR-10003045,10.0,10.0,2,3,130
4851,2023-01-01,Standard Class,Consumer,Furniture,Chairs,FUR-CH-10000454,860.0,980.0,5,2,469
4852,2023-01-03,Standard Class,Consumer,Office Supplies,Art,OFF-AR-10000380,270.0,300.0,8,2,3513
4853,2023-09-03,Standard Class,Consumer,Office Supplies,Storage,OFF-ST-10000736,470.0,490.0,6,4,3411
4854,2022-06-14,Second Class,Consumer,Furniture,Furnishings,FUR-FU-10004270,10.0,10.0,3,4,2508
4855,2023-07-08,Second Class,Consumer,Office Supplies,Storage,OFF-ST-10000617,10.0,10.0,3,5,404
4856,2022-11-10,Second Class,Consumer,Furniture,Furnishings,FUR-FU-10001706,10.0,10.0,3,2,1046
4857,2023-03-10,Standard Class,Consumer,Office Supplies,Binders,OFF-BI-10003364,60.0,70.0,3,4,3496
4858,2022-04-03,Standard Class,Consumer,Furniture,Furnishings,FUR-FU-10001861,60.0,80.0,4,3,4926
4859,2022-05-26,Standard Class,Consumer,Furniture,Furnishings,FUR-FU-10004845,390.0,460.0,9,4,1671
4860,2022-03-13,Standard Class,Corporate,Office Supplies,Art,OFF-AR-10000823,10.0,10.0,7,4,4358
4861,2023-02-09,Standard Class,Corporate,Office Supplies,Binders,OFF-BI-10001359,1490.0,1790.0,2,5,1464
4862,2023-07-15,Second Class,Home Office,Technology,Phones,TEC-PH-10001835,670.0,760.0,6,2,144
4863,2023-09-20,Standard Class,Corporate,Office Supplies,Binders,OFF-BI-10001191,20.0,20.0,1,5,3313
4864,2023-12-28,Standard Class,Corporate,Office Supplies,Binders,OFF-BI-10003982,40.0,50.0,3,3,523
4865,2022-09-04,Standard Class,Consumer,Technology,Phones,TEC-PH-10001425,190.0,240.0,3,2,4189
4866,2022-09-28,Standard Class,Consumer,Furniture,Chairs,FUR-CH-10001215,2260.0,2400.0,6,4,54
4867,2022-07-07,Standard Class,Consumer,Office Supplies,Binders,OFF-BI-10001718,500.0,560.0,11,3,3297
4868,2022-11-12,Standard Class,Consumer,Office Supplies,Storage,OFF-ST-10000991,310.0,340.0,3,5,4303
4869,2023-12-23,Standard Class,Consumer,Office Supplies,Labels,OFF-LA-10001613,10.0,10.0,3,4,4437
4870,2022-09-27,Standard Class,Corporate,Technology,Phones,TEC-PH-10003437,80.0,90.0,2,5,107
4871,2023-06-09,Standard Class,Corporate,Office Supplies,Paper,OFF-PA-10000675,220.0,230.0,7,5,650
4872,2023-01-17,Standard Class,Consumer,Office Supplies,Fasteners,OFF-FA-10000840,10.0,10.0,2,3,3205
4873,2022-12-06,Standard Class,Consumer,Office Supplies,Appliances,OFF-AP-10001947,20.0,20.0,5,5,4206
4874,2022-06-06,Standard Class,Consumer,Office Supplies,Storage,OFF-ST-10002301,50.0,50.0,3,4,3212
4875,2022-02-19,Standard Class,Consumer,Office Supplies,Binders,OFF-BI-10001922,40.0,50.0,1,4,3770
4876,2022-02-05,Standard Class,Corporate,Technology,Accessories,TEC-AC-10001267,110.0,120.0,5,3,1155
4877,2022-12-10,Standard Class,Home Office,Office Supplies,Storage,OFF-ST-10000532,60.0,60.0,2,2,1492
4878,2023-06-23,Standard Class,Home Office,Office Supplies,Art,OFF-AR-10002335,10.0,10.0,3,5,4933
4879,2022-09-23,First Class,Consumer,Office Supplies,Binders,OFF-BI-10000201,10.0,10.0,3,4,4594
4880,2022-04-20,Second Class,Corporate,Office Supplies,Envelopes,OFF-EN-10004846,10.0,10.0,2,2,4324
4881,2022-06-24,Second Class,Corporate,Furniture,Chairs,FUR-CH-10000454,850.0,980.0,4,5,4356
4882,2022-10-28,Second Class,Corporate,Technology,Accessories,TEC-AC-10004145,1870.0,2250.0,9,5,1543
4883,2022-08-16,Second Class,Corporate,Office Supplies,Storage,OFF-ST-10001580,50.0,60.0,4,2,4535
4884,2022-09-25,Standard Class,Consumer,Office Supplies,Binders,OFF-BI-10003876,140.0,170.0,5,4,1397
4885,2022-08-02,Standard Class,Consumer,Office Supplies,Art,OFF-AR-10001972,10.0,10.0,2,2,2188
4886,2023-03-26,Standard Class,Corporate,Office Supplies,Paper,OFF-PA-10000595,100.0,110.0,5,5,2957
4887,2022-02-23,Second Class,Corporate,Furniture,Chairs,FUR-CH-10004477,160.0,180.0,3,4,71
4888,2023-03-13,Second Class,Corporate,Technology,Accessories,TEC-AC-10003441,90.0,100.0,6,4,3036
4889,2023-01-31,Second Class,Corporate,Office Supplies,Storage,OFF-ST-10004459,990.0,1130.0,3,4,2790
4890,2023-03-17,Second Class,Corporate,Office Supplies,Storage,OFF-ST-10003805,1070.0,1260.0,6,2,1704
4891,2022-05-11,Standard Class,Corporate,Office Supplies,Art,OFF-AR-10001246,10.0,10.0,3,5,256
4892,2023-03-15,Standard Class,Corporate,Office Supplies,Paper,OFF-PA-10001295,40.0,40.0,2,4,4915
4893,2023-03-11,Standard Class,Corporate,Office Supplies,Art,OFF-AR-10001231,10.0,10.0,2,5,4546
4894,2023-03-05,Standard Class,Corporate,Office Supplies,Storage,OFF-ST-10002743,210.0,230.0,2,2,1765
4895,2023-11-06,Standard Class,Corporate,Office Supplies,Paper,OFF-PA-10004327,50.0,50.0,1,5,538
4896,2022-12-14,Standard Class,Corporate,Office Supplies,Envelopes,OFF-EN-10004773,50.0,60.0,2,3,3638
4897,2023-05-31,Standard Class,Corporate,Office Supplies,Storage,OFF-ST-10003470,930.0,1120.0,4,4,992
4898,2023-03-04,First Class,Consumer,Furniture,Chairs,FUR-CH-10003761,150.0,180.0,2,2,5058
4899,2023-07-27,First Class,Consumer,Office Supplies,Paper,OFF-PA-10002230,10.0,10.0,2,4,4431
4900,2022-11-01,Standard Class,Consumer,Office Supplies,Binders,OFF-BI-10000088,20.0,30.0,8,5,4033
4901,2023-07-27,Standard Class,Corporate,Office Supplies,Storage,OFF-ST-10001526,410.0,480.0,4,2,3617
4902,2022-09-22,Standard Class,Corporate,Office Supplies,Supplies,OFF-SU-10002557,10.0,10.0,1,3,3778
4903,2023-02-15,Standard Class,Consumer,Office Supplies,Binders,OFF-BI-10003669,20.0,30.0,6,2,2346
4904,2023-10-02,Standard Class,Consumer,Office Supplies,Labels,OFF-LA-10003510,80.0,90.0,3,3,174
4905,2023-05-29,Second Class,Corporate,Furniture,Chairs,FUR-CH-10003746,570.0,670.0,3,3,3147
4906,2023-12-07,Second Class,Corporate,Office Supplies,Binders,OFF-BI-10003476,20.0,20.0,4,4,4965
4907,2023-08-11,Second Class,Corporate,Office Supplies,Storage,OFF-ST-10001469,240.0,270.0,5,2,3511
4908,2023-01-22,Second Class,Consumer,Office Supplies,Binders,OFF-BI-10001757,10.0,10.0,8,4,693
4909,2023-01-04,Second Class,Consumer,Technology,Phones,TEC-PH-10004875,10.0,10.0,2,3,3853
4910,2023-09-22,Standard Class,Consumer,Office Supplies,Envelopes,OFF-EN-10001219,20.0,20.0,3,3,495
4911,2023-10-18,Standard Class,Consumer,Office Supplies,Paper,OFF-PA-10000019,40.0,40.0,7,3,4407
4912,2023-02-09,Standard Class,Consumer,Technology,Phones,TEC-PH-10001924,90.0,110.0,2,4,4460
4913,2023-07-25,Standard Class,Consumer,Office Supplies,Binders,OFF-BI-10002003,10.0,10.0,5,5,1215
4914,2022-05-27,Standard Class,Consumer,Office Supplies,Binders,OFF-BI-10003727,10.0,10.0,2,3,626
4915,2023-09-15,Second Class,Consumer,Office Supplies,Art,OFF-AR-10004042,40.0,40.0,2,4,38
4916,2023-09-25,Second Class,Consumer,Office Supplies,Binders,OFF-BI-10001097,10.0,10.0,3,4,584
4917,2022-09-25,Second Class,Consumer,Office Supplies,Art,OFF-AR-10004344,60.0,70.0,7,3,2870
4918,2023-04-20,Second Class,Consumer,Furniture,Chairs,FUR-CH-10001802,220.0,250.0,3,5,2853
4919,2022-08-23,Standard Class,Corporate,Furniture,Bookcases,FUR-BO-10004709,160.0,170.0,3,4,2147
4920,2022-09-18,Standard Class,Corporate,Technology,Phones,TEC-PH-10000455,190.0,230.0,2,3,2374
4921,2023-12-29,Standard Class,Consumer,Office Supplies,Binders,OFF-BI-10002393,20.0,20.0,2,2,4656
4922,2022-12-21,Second Class,Home Office,Office Supplies,Paper,OFF-PA-10004381,100.0,100.0,2,3,4483
4923,2022-01-07,Second Class,Home Office,Office Supplies,Fasteners,OFF-FA-10003059,10.0,10.0,2,3,1986
4924,2023-06-10,Second Class,Home Office,Office Supplies,Paper,OFF-PA-10000994,540.0,630.0,6,3,3128
4925,2022-10-14,Second Class,Home Office,Technology,Phones,TEC-PH-10002890,70.0,90.0,2,2,1765
4926,2023-08-24,First Class,Corporate,Office Supplies,Art,OFF-AR-10003338,10.0,10.0,2,5,2350
4927,2022-01-09,Standard Class,Consumer,Furniture,Tables,FUR-TA-10003008,70.0,90.0,1,5,1958
4928,2022-02-21,Standard Class,Home Office,Office Supplies,Paper,OFF-PA-10001972,20.0,20.0,3,5,1806
4929,2023-03-16,Standard Class,Home Office,Furniture,Chairs,FUR-CH-10000155,810.0,900.0,3,5,1928
4930,2022-02-09,First Class,Consumer,Office Supplies,Art,OFF-AR-10000658,50.0,60.0,5,3,1409
4931,2022-03-08,First Class,Consumer,Office Supplies,Paper,OFF-PA-10000349,10.0,10.0,3,4,922
4932,2023-11-23,Standard Class,Corporate,Office Supplies,Art,OFF-AR-10001446,20.0,20.0,2,4,524
4933,2022-09-09,Standard Class,Consumer,Office Supplies,Envelopes,OFF-EN-10004483,10.0,10.0,1,4,4126
4934,2022-04-15,Standard Class,Consumer,Office Supplies,Binders,OFF-BI-10002012,10.0,10.0,2,4,715
4935,2022-05-27,Standard Class,Consumer,Office Supplies,Fasteners,OFF-FA-10003021,10.0,10.0,3,5,4916
4936,2022-06-24,Standard Class,Corporate,Technology,Phones,TEC-PH-10003356,20.0,20.0,3,2,3152
4937,2023-08-29,Standard Class,Home Office,Office Supplies,Binders,OFF-BI-10004728,20.0,30.0,7,2,2476
4938,2023-09-10,Standard Class,Consumer,Office Supplies,Storage,OFF-ST-10000078,1220.0,1330.0,5,2,1492
4939,2022-11-23,Standard Class,Consumer,Furniture,Bookcases,FUR-BO-10003034,310.0,330.0,3,2,2041
4940,2023-06-19,Standard Class,Consumer,Office Supplies,Art,OFF-AR-10003514,20.0,20.0,5,5,7
4941,2023-02-08,Standard Class,Consumer,Furniture,Chairs,FUR-CH-10001708,1160.0,1270.0,9,2,1402
4942,2022-04-21,Standard Class,Consumer,Furniture,Bookcases,FUR-BO-10002598,220.0,280.0,4,2,1139
4943,2023-03-29,Standard Class,Consumer,Office Supplies,Art,OFF-AR-10001022,10.0,10.0,2,2,3093
4944,2022-12-28,Standard Class,Consumer,Office Supplies,Storage,OFF-ST-10004459,320.0,380.0,1,2,4501
4945,2023-05-28,First Class,Consumer,Office Supplies,Paper,OFF-PA-10004381,90.0,100.0,2,5,4448
4946,2022-06-14,First Class,Consumer,Office Supplies,Binders,OFF-BI-10000050,10.0,10.0,2,5,1621
4947,2022-11-24,First Class,Consumer,Office Supplies,Fasteners,OFF-FA-10000304,10.0,10.0,2,3,491
4948,2022-04-03,Standard Class,Consumer,Office Supplies,Labels,OFF-LA-10002475,30.0,30.0,4,2,1554
4949,2023-03-09,Standard Class,Consumer,Office Supplies,Binders,OFF-BI-10001989,100.0,120.0,7,5,5087
4950,2023-11-29,Standard Class,Consumer,Furniture,Furnishings,FUR-FU-10000732,20.0,20.0,3,4,832
4951,2023-06-25,Second Class,Consumer,Office Supplies,Art,OFF-AR-10004441,10.0,10.0,3,3,4581
4952,2022-11-20,Standard Class,Consumer,Office Supplies,Paper,OFF-PA-10000304,10.0,10.0,2,2,2973
4953,2023-08-20,Second Class,Corporate,Office Supplies,Appliances,OFF-AP-10002670,60.0,70.0,1,4,1145
4954,2022-04-18,Standard Class,Corporate,Technology,Phones,TEC-PH-10001527,80.0,90.0,2,3,1876
4955,2022-06-10,Second Class,Corporate,Office Supplies,Art,OFF-AR-10002335,20.0,20.0,7,2,4297
4956,2022-05-01,Second Class,Corporate,Office Supplies,Paper,OFF-PA-10003641,70.0,80.0,3,5,1166
4957,2022-01-31,Second Class,Corporate,Furniture,Furnishings,FUR-FU-10002685,30.0,40.0,2,4,4482
4958,2022-03-29,Standard Class,Consumer,Office Supplies,Binders,OFF-BI-10001308,10.0,10.0,2,2,1383
4959,2022-08-16,Standard Class,Consumer,Office Supplies,Fasteners,OFF-FA-10003485,20.0,20.0,9,2,4543
4960,2023-03-09,Standard Class,Home Office,Technology,Phones,TEC-PH-10003357,50.0,60.0,1,3,1532
4961,2023-08-07,Standard Class,Home Office,Office Supplies,Appliances,OFF-AP-10002867,60.0,70.0,1,2,1194
4962,2022-08-08,First Class,Consumer,Furniture,Chairs,FUR-CH-10004477,40.0,50.0,1,3,1235
4963,2023-06-06,First Class,Consumer,Office Supplies,Art,OFF-AR-10001427,20.0,20.0,3,5,2930
4964,2023-08-27,First Class,Consumer,Office Supplies,Storage,OFF-ST-10002344,210.0,240.0,3,4,1054
4965,2023-04-14,Second Class,Consumer,Office Supplies,Binders,OFF-BI-10000301,10.0,10.0,4,5,2024
4966,2023-01-01,Second Class,Corporate,Technology,Phones,TEC-PH-10001944,430.0,470.0,4,2,2278
4967,2022-09-24,Second Class,Home Office,Technology,Phones,TEC-PH-10001527,110.0,130.0,3,2,257
4968,2022-08-30,Second Class,Home Office,Office Supplies,Paper,OFF-PA-10001307,10.0,10.0,2,4,1552
4969,2023-11-19,Second Class,Home Office,Technology,Accessories,TEC-AC-10004571,190.0,200.0,2,5,1958
4970,2022-09-25,Second Class,Home Office,Furniture,Chairs,FUR-CH-10001973,100.0,110.0,1,3,175
4971,2023-02-23,First Class,Corporate,Furniture,Chairs,FUR-CH-10000513,170.0,210.0,2,4,1005
4972,2023-12-22,First Class,Corporate,Office Supplies,Paper,OFF-PA-10002421,40.0,40.0,2,5,3415
4973,2022-11-01,First Class,Corporate,Furniture,Furnishings,FUR-FU-10004090,30.0,40.0,2,3,2886
4974,2022-01-15,First Class,Corporate,Office Supplies,Paper,OFF-PA-10004071,70.0,90.0,2,3,3186
4975,2023-09-06,Standard Class,Home Office,Office Supplies,Paper,OFF-PA-10002246,10.0,10.0,2,2,4726
4976,2023-06-17,Second Class,Corporate,Technology,Accessories,TEC-AC-10003198,630.0,720.0,9,2,3135
4977,2023-06-11,First Class,Consumer,Office Supplies,Binders,OFF-BI-10001031,20.0,20.0,5,3,2797
4978,2022-07-07,First Class,Consumer,Office Supplies,Binders,OFF-BI-10003727,10.0,10.0,2,5,2621
4979,2022-09-01,First Class,Consumer,Technology,Phones,TEC-PH-10001336,700.0,770.0,6,4,88
4980,2023-06-19,Second Class,Corporate,Office Supplies,Supplies,OFF-SU-10001664,20.0,20.0,3,4,2359
4981,2023-07-06,Second Class,Corporate,Office Supplies,Appliances,OFF-AP-10003971,20.0,30.0,2,3,2192
4982,2023-10-02,Second Class,Corporate,Technology,Accessories,TEC-AC-10000199,20.0,20.0,4,3,1933
4983,2022-07-03,Standard Class,Corporate,Office Supplies,Labels,OFF-LA-10001045,10.0,10.0,2,4,3296
4984,2023-07-02,Second Class,Consumer,Office Supplies,Storage,OFF-ST-10003442,70.0,80.0,3,4,1518
4985,2023-08-26,Standard Class,Corporate,Office Supplies,Fasteners,OFF-FA-10003059,10.0,10.0,5,3,4128
4986,2022-03-26,Same Day,Consumer,Office Supplies,Labels,OFF-LA-10001175,10.0,10.0,5,4,4530
4987,2023-09-02,Standard Class,Home Office,Office Supplies,Paper,OFF-PA-10003441,20.0,20.0,3,5,4548
4988,2022-12-07,Standard Class,Home Office,Furniture,Chairs,FUR-CH-10004287,1080.0,1330.0,6,3,4192
4989,2022-04-25,Standard Class,Home Office,Office Supplies,Binders,OFF-BI-10004040,10.0,10.0,2,5,3790
4990,2023-03-13,Standard Class,Home Office,Office Supplies,Binders,OFF-BI-10004022,10.0,10.0,3,2,4743
4991,2022-05-11,Standard Class,Home Office,Technology,Phones,TEC-PH-10002200,590.0,690.0,4,4,1804
4992,2022-08-09,Standard Class,Corporate,Office Supplies,Binders,OFF-BI-10001120,1630.0,1890.0,5,5,1844
4993,2023-11-27,Standard Class,Corporate,Office Supplies,Envelopes,OFF-EN-10000461,60.0,60.0,8,3,4602
4994,2023-04-09,Standard Class,Corporate,Office Supplies,Labels,OFF-LA-10004008,20.0,20.0,8,3,941
4995,2022-10-30,Standard Class,Corporate,Furniture,Furnishings,FUR-FU-10000221,20.0,20.0,5,3,2795
4996,2022-02-14,Standard Class,Home Office,Office Supplies,Binders,OFF-BI-10000962,40.0,50.0,4,3,1738
4997,2023-01-05,Standard Class,Corporate,Office Supplies,Appliances,OFF-AP-10000390,40.0,50.0,1,3,2939
4998,2022-10-01,Standard Class,Corporate,Office Supplies,Binders,OFF-BI-10000014,10.0,10.0,4,4,4731
4999,2023-05-27,Standard Class,Home Office,Technology,Phones,TEC-PH-10004120,100.0,110.0,1,3,3433
5000,2022-01-10,Standard Class,Home Office,Office Supplies,Paper,OFF-PA-10002764,50.0,60.0,5,3,2337
5001,2023-01-02,Standard Class,Home Office,Technology,Accessories,TEC-AC-10000736,70.0,80.0,1,2,108
5002,2023-05-02,Same Day,Home Office,Office Supplies,Supplies,OFF-SU-10000898,60.0,70.0,5,3,3205
5003,2023-09-22,Same Day,Home Office,Office Supplies,Paper,OFF-PA-10004327,150.0,190.0,4,4,2867
5004,2023-01-10,Standard Class,Consumer,Office Supplies,Paper,OFF-PA-10000143,10.0,10.0,2,3,1643
5005,2022-03-10,Second Class,Consumer,Technology,Accessories,TEC-AC-10002550,50.0,50.0,3,2,1453
5006,2023-10-29,Second Class,Corporate,Office Supplies,Storage,OFF-ST-10003306,610.0,710.0,5,5,2368
5007,2022-02-28,Standard Class,Home Office,Technology,Machines,TEC-MA-10000045,1930.0,2320.0,2,5,3281
5008,2023-12-11,Standard Class,Home Office,Office Supplies,Storage,OFF-ST-10001505,20.0,20.0,3,4,1728
5009,2023-05-23,Standard Class,Corporate,Office Supplies,Binders,OFF-BI-10004781,10.0,10.0,1,3,884
5010,2023-04-17,Standard Class,Corporate,Technology,Phones,TEC-PH-10002680,750.0,790.0,6,5,2867
5011,2022-02-07,Standard Class,Corporate,Office Supplies,Binders,OFF-BI-10000848,10.0,10.0,3,4,3120
5012,2022-10-21,First Class,Corporate,Furniture,Bookcases,FUR-BO-10004467,190.0,210.0,7,5,2628
5013,2022-06-23,Standard Class,Home Office,Office Supplies,Binders,OFF-BI-10001670,30.0,30.0,3,4,947
5014,2022-10-25,Standard Class,Home Office,Office Supplies,Storage,OFF-ST-10000136,200.0,220.0,7,3,378
5015,2023-07-03,Standard Class,Home Office,Technology,Phones,TEC-PH-10004522,190.0,210.0,6,3,2987
5016,2022-08-21,Standard Class,Consumer,Furniture,Furnishings,FUR-FU-10002960,30.0,40.0,7,2,2373
5017,2022-04-16,Standard Class,Consumer,Technology,Phones,TEC-PH-10002584,1250.0,1500.0,4,5,2267
5018,2023-07-18,First Class,Consumer,Furniture,Furnishings,FUR-FU-10002505,10.0,10.0,3,2,1203
5019,2023-09-04,First Class,Consumer,Technology,Accessories,TEC-AC-10003832,640.0,770.0,3,2,2596
5020,2022-04-20,First Class,Consumer,Office Supplies,Supplies,OFF-SU-10002537,20.0,20.0,2,5,4415
5021,2022-01-12,Second Class,Corporate,Office Supplies,Supplies,OFF-SU-10003505,330.0,350.0,3,3,442
5022,2022-06-07,Standard Class,Consumer,Technology,Accessories,TEC-AC-10001465,60.0,70.0,2,4,2885
5023,2023-03-17,Standard Class,Consumer,Technology,Accessories,TEC-AC-10003832,690.0,770.0,3,2,3129
5024,2022-03-01,Standard Class,Consumer,Furniture,Furnishings,FUR-FU-10003731,30.0,40.0,4,2,1115
5025,2022-08-22,Standard Class,Consumer,Office Supplies,Binders,OFF-BI-10004828,30.0,30.0,2,3,2203
5026,2023-12-06,Standard Class,Consumer,Technology,Phones,TEC-PH-10003012,390.0,460.0,3,3,2602
5027,2023-04-06,Standard Class,Consumer,Office Supplies,Appliances,OFF-AP-10002311,120.0,140.0,2,2,1319
5028,2023-08-19,Standard Class,Consumer,Furniture,Chairs,FUR-CH-10004626,280.0,300.0,3,2,4476
5029,2023-06-07,Second Class,Consumer,Technology,Accessories,TEC-AC-10001606,210.0,240.0,3,2,2822
5030,2022-05-17,Standard Class,Consumer,Office Supplies,Art,OFF-AR-10001216,10.0,10.0,3,4,3292
5031,2023-01-02,Standard Class,Consumer,Office Supplies,Supplies,OFF-SU-10001664,10.0,10.0,1,4,4159
5032,2023-03-31,Standard Class,Consumer,Office Supplies,Binders,OFF-BI-10002498,110.0,120.0,8,3,1661
5033,2023-01-17,Standard Class,Corporate,Furniture,Chairs,FUR-CH-10003968,180.0,210.0,3,4,4165
5034,2023-06-14,Standard Class,Corporate,Office Supplies,Appliances,OFF-AP-10002765,30.0,30.0,1,2,2387
5035,2023-07-27,Second Class,Home Office,Furniture,Bookcases,FUR-BO-10004690,610.0,690.0,5,5,79
5036,2023-01-27,Standard Class,Corporate,Furniture,Tables,FUR-TA-10000688,530.0,650.0,3,3,3746
5037,2023-01-10,Standard Class,Corporate,Technology,Accessories,TEC-AC-10003441,30.0,30.0,2,4,3659
5038,2023-08-20,Second Class,Consumer,Technology,Accessories,TEC-AC-10003610,220.0,240.0,5,3,2622
5039,2023-10-12,First Class,Corporate,Furniture,Tables,FUR-TA-10001520,190.0,200.0,4,4,3176
5040,2022-09-23,First Class,Corporate,Technology,Phones,TEC-PH-10001817,680.0,720.0,2,2,4115
5041,2023-10-11,First Class,Corporate,Office Supplies,Binders,OFF-BI-10004492,200.0,220.0,7,5,320
5042,2022-11-03,Second Class,Consumer,Office Supplies,Paper,OFF-PA-10002421,60.0,70.0,3,3,4535
5043,2022-10-04,Second Class,Consumer,Office Supplies,Appliances,OFF-AP-10000055,120.0,130.0,4,5,1063
5044,2022-09-22,Second Class,Consumer,Furniture,Furnishings,FUR-FU-10000965,410.0,470.0,9,4,1291
5045,2023-11-22,Second Class,Consumer,Office Supplies,Paper,OFF-PA-10001363,50.0,60.0,5,2,3109
5046,2022-03-21,Second Class,Consumer,Office Supplies,Storage,OFF-ST-10001496,680.0,720.0,4,3,4963
5047,2022-04-03,Second Class,Consumer,Office Supplies,Binders,OFF-BI-10004656,10.0,10.0,3,2,2663
5048,2023-07-27,Second Class,Consumer,Office Supplies,Art,OFF-AR-10001227,10.0,10.0,5,2,4410
5049,2023-06-30,Standard Class,Consumer,Office Supplies,Binders,OFF-BI-10002071,10.0,10.0,7,5,1022
5050,2022-02-02,Standard Class,Consumer,Technology,Accessories,TEC-AC-10004901,80.0,80.0,2,2,2221
5051,2022-09-01,Standard Class,Home Office,Office Supplies,Paper,OFF-PA-10001776,20.0,20.0,2,3,505
5052,2022-03-28,Standard Class,Corporate,Office Supplies,Envelopes,OFF-EN-10000483,20.0,20.0,2,3,156
5053,2022-05-21,Same Day,Consumer,Office Supplies,Paper,OFF-PA-10003129,180.0,200.0,4,4,2725
5054,2023-10-14,Second Class,Consumer,Technology,Accessories,TEC-AC-10003198,360.0,400.0,5,2,1185
5055,2023-01-03,Second Class,Consumer,Office Supplies,Art,OFF-AR-10001246,10.0,10.0,3,3,4669
5056,2023-06-22,Second Class,Consumer,Furniture,Bookcases,FUR-BO-10003272,1170.0,1350.0,9,3,246
5057,2023-12-27,First Class,Consumer,Office Supplies,Paper,OFF-PA-10002606,30.0,30.0,5,5,4127
5058,2023-10-20,First Class,Consumer,Office Supplies,Storage,OFF-ST-10002486,40.0,40.0,6,3,4698
5059,2022-08-06,Standard Class,Consumer,Office Supplies,Binders,OFF-BI-10004330,80.0,100.0,9,2,1198
5060,2023-10-28,Second Class,Consumer,Technology,Phones,TEC-PH-10000560,600.0,700.0,2,2,1387
5061,2023-11-03,Second Class,Consumer,Office Supplies,Storage,OFF-ST-10000060,530.0,580.0,9,4,308
5062,2022-03-29,Standard Class,Consumer,Office Supplies,Binders,OFF-BI-10003684,40.0,40.0,2,3,4613
5063,2022-10-07,Standard Class,Consumer,Technology,Phones,TEC-PH-10000441,310.0,380.0,3,2,1087
5064,2022-01-09,Standard Class,Consumer,Furniture,Furnishings,FUR-FU-10000723,100.0,120.0,3,5,4580
5065,2023-01-17,First Class,Consumer,Technology,Phones,TEC-PH-10004977,350.0,390.0,2,3,2316
5066,2022-01-06,Standard Class,Consumer,Technology,Accessories,TEC-AC-10002001,350.0,380.0,3,3,1903
5067,2022-10-13,Standard Class,Consumer,Furniture,Tables,FUR-TA-10001889,1510.0,1780.0,7,2,3457
5068,2022-03-24,Standard Class,Home Office,Office Supplies,Art,OFF-AR-10003504,20.0,20.0,5,5,424
5069,2022-09-13,Standard Class,Home Office,Technology,Copiers,TEC-CO-10001571,500.0,550.0,1,3,3704
5070,2022-06-08,Standard Class,Home Office,Office Supplies,Appliances,OFF-AP-10002495,150.0,170.0,3,5,3363
5071,2022-07-20,Standard Class,Home Office,Office Supplies,Envelopes,OFF-EN-10002500,40.0,40.0,3,3,3239
5072,2023-08-19,Standard Class,Home Office,Furniture,Furnishings,FUR-FU-10002088,50.0,50.0,6,3,191
5073,2023-05-28,Standard Class,Home Office,Technology,Phones,TEC-PH-10001128,270.0,300.0,2,3,2527
5074,2022-10-21,Same Day,Consumer,Office Supplies,Storage,OFF-ST-10000649,50.0,60.0,4,3,2863
5075,2022-07-18,Second Class,Consumer,Office Supplies,Binders,OFF-BI-10002103,10.0,10.0,2,2,3423
5076,2022-11-10,Second Class,Consumer,Furniture,Tables,FUR-TA-10001705,610.0,740.0,5,2,4814
5077,2023-05-31,Second Class,Consumer,Office Supplies,Storage,OFF-ST-10004634,30.0,40.0,5,5,3374
5078,2023-01-30,Second Class,Consumer,Furniture,Tables,FUR-TA-10004442,380.0,400.0,2,5,756
5079,2022-07-13,Standard Class,Home Office,Office Supplies,Binders,OFF-BI-10002949,20.0,20.0,3,5,2139
5080,2022-05-17,Standard Class,Consumer,Furniture,Bookcases,FUR-BO-10002213,300.0,360.0,3,2,378
5081,2022-01-14,Standard Class,Consumer,Office Supplies,Storage,OFF-ST-10001325,10.0,10.0,1,5,2811
5082,2023-03-28,Same Day,Home Office,Office Supplies,Paper,OFF-PA-10003441,20.0,20.0,4,5,2625
5083,2023-07-24,Standard Class,Consumer,Technology,Accessories,TEC-AC-10004209,30.0,40.0,4,2,283
5084,2023-12-05,Standard Class,Consumer,Office Supplies,Paper,OFF-PA-10000501,50.0,60.0,3,5,2240
5085,2022-08-23,Second Class,Corporate,Office Supplies,Paper,OFF-PA-10003656,100.0,110.0,4,3,403
5086,2023-05-02,Standard Class,Home Office,Office Supplies,Binders,OFF-BI-10001107,10.0,10.0,2,5,1083
5087,2023-12-01,Standard Class,Corporate,Technology,Phones,TEC-PH-10000562,390.0,470.0,7,4,2642
5088,2022-04-30,Standard Class,Corporate,Technology,Accessories,TEC-AC-10001101,10.0,10.0,1,4,2807
5089,2023-07-03,Standard Class,Corporate,Office Supplies,Binders,OFF-BI-10003529,10.0,10.0,3,2,1378
5090,2023-04-07,First Class,Corporate,Office Supplies,Paper,OFF-PA-10001752,10.0,10.0,2,2,3677
5091,2023-03-24,First Class,Corporate,Office Supplies,Envelopes,OFF-EN-10001141,10.0,10.0,1,5,3428
5092,2023-04-06,Standard Class,Consumer,Office Supplies,Fasteners,OFF-FA-10003472,10.0,10.0,3,3,4502
5093,2022-11-10,Standard Class,Corporate,Office Supplies,Storage,OFF-ST-10004507,50.0,50.0,3,2,2768
5094,2022-06-16,Standard Class,Consumer,Office Supplies,Appliances,OFF-AP-10004036,10.0,10.0,4,2,3643
5095,2023-07-19,Standard Class,Consumer,Furniture,Tables,FUR-TA-10004086,170.0,210.0,5,5,5044
5096,2022-12-15,Standard Class,Consumer,Technology,Phones,TEC-PH-10000307,30.0,40.0,4,4,223
5097,2023-11-25,Standard Class,Consumer,Furniture,Furnishings,FUR-FU-10002088,10.0,10.0,3,3,3878
5098,2022-03-08,Standard Class,Consumer,Office Supplies,Binders,OFF-BI-10004965,30.0,30.0,2,2,5065
5099,2022-03-26,Standard Class,Consumer,Office Supplies,Storage,OFF-ST-10002485,30.0,40.0,2,3,3813
5100,2023-09-05,Standard Class,Home Office,Office Supplies,Binders,OFF-BI-10002194,20.0,20.0,3,4,4314
5101,2023-10-19,Same Day,Consumer,Office Supplies,Art,OFF-AR-10003732,10.0,10.0,2,3,4920
5102,2022-09-10,Same Day,Consumer,Office Supplies,Paper,OFF-PA-10002195,10.0,10.0,1,5,1838
5103,2022-05-03,Same Day,Consumer,Office Supplies,Paper,OFF-PA-10002365,20.0,20.0,3,3,1872
5104,2022-07-12,Second Class,Consumer,Office Supplies,Paper,OFF-PA-10001950,40.0,40.0,6,5,1424
5105,2023-12-11,Second Class,Consumer,Technology,Accessories,TEC-AC-10004633,20.0,20.0,3,2,1238
5106,2023-05-14,Standard Class,Consumer,Furniture,Chairs,FUR-CH-10002439,170.0,190.0,4,4,4091
5107,2023-01-15,Standard Class,Corporate,Technology,Accessories,TEC-AC-10000682,70.0,70.0,4,2,3485
5108,2022-02-11,First Class,Home Office,Office Supplies,Art,OFF-AR-10004078,30.0,40.0,9,5,4332
5109,2023-09-13,First Class,Home Office,Office Supplies,Art,OFF-AR-10001958,70.0,70.0,5,4,389
5110,2023-02-24,Standard Class,Corporate,Office Supplies,Envelopes,OFF-EN-10001335,50.0,50.0,6,4,4330
5111,2023-12-23,Standard Class,Corporate,Office Supplies,Storage,OFF-ST-10003479,170.0,190.0,6,2,3607
5112,2023-08-31,Standard Class,Corporate,Office Supplies,Paper,OFF-PA-10003016,10.0,10.0,4,2,381
5113,2023-05-19,Same Day,Consumer,Furniture,Furnishings,FUR-FU-10001025,20.0,20.0,9,5,2529
5114,2022-04-10,Second Class,Consumer,Office Supplies,Paper,OFF-PA-10003936,20.0,20.0,3,4,4050
5115,2022-07-11,Standard Class,Consumer,Office Supplies,Binders,OFF-BI-10004140,10.0,10.0,3,5,1318
5116,2023-02-25,Standard Class,Consumer,Office Supplies,Labels,OFF-LA-10004178,20.0,20.0,1,2,4657
5117,2023-09-04,Standard Class,Consumer,Office Supplies,Storage,OFF-ST-10003324,30.0,40.0,1,3,3729
5118,2023-04-18,Standard Class,Consumer,Office Supplies,Fasteners,OFF-FA-10004854,20.0,30.0,3,5,3243
5119,2023-10-09,Standard Class,Consumer,Technology,Machines,TEC-MA-10002859,570.0,630.0,7,4,2497
5120,2022-02-10,Standard Class,Consumer,Office Supplies,Binders,OFF-BI-10000088,80.0,80.0,9,4,214
5121,2023-06-16,Standard Class,Corporate,Office Supplies,Storage,OFF-ST-10004180,210.0,230.0,5,5,3284
5122,2023-08-17,Standard Class,Corporate,Technology,Accessories,TEC-AC-10002926,90.0,100.0,2,3,159
5123,2023-11-04,Standard Class,Corporate,Office Supplies,Paper,OFF-PA-10003797,20.0,20.0,3,3,2829
5124,2022-04-02,Standard Class,Corporate,Office Supplies,Paper,OFF-PA-10002195,10.0,10.0,2,4,2650
5125,2023-07-14,Same Day,Consumer,Furniture,Tables,FUR-TA-10001039,370.0,460.0,9,5,2482
5126,2022-09-24,Same Day,Consumer,Office Supplies,Envelopes,OFF-EN-10001099,60.0,70.0,7,5,509
5127,2023-02-14,Same Day,Consumer,Technology,Machines,TEC-MA-10003979,2300.0,2800.0,4,4,5057
5128,2023-07-18,Same Day,Consumer,Office Supplies,Appliances,OFF-AP-10002945,500.0,600.0,2,3,414
5129,2022-04-23,Same Day,Consumer,Technology,Phones,TEC-PH-10001536,20.0,20.0,1,3,896
5130,2023-11-22,Same Day,Consumer,Technology,Phones,TEC-PH-10000526,260.0,290.0,3,4,2858
5131,2023-08-26,Same Day,Consumer,Office Supplies,Paper,OFF-PA-10000213,30.0,40.0,9,5,4296
5132,2022-12-07,Standard Class,Corporate,Furniture,Furnishings,FUR-FU-10002501,90.0,100.0,8,3,2867
5133,2022-04-19,Standard Class,Consumer,Technology,Phones,TEC-PH-10001819,90.0,110.0,3,2,2496
5134,2022-12-14,Standard Class,Home Office,Office Supplies,Appliances,OFF-AP-10001962,50.0,60.0,7,4,3788
5135,2023-08-16,Standard Class,Home Office,Office Supplies,Binders,OFF-BI-10003364,80.0,90.0,4,4,2983
5136,2022-10-28,Standard Class,Home Office,Office Supplies,Fasteners,OFF-FA-10002983,20.0,20.0,5,4,4632
5137,2023-06-10,Standard Class,Consumer,Office Supplies,Binders,OFF-BI-10002432,10.0,10.0,2,5,4039
5138,2023-03-12,Standard Class,Corporate,Furniture,Furnishings,FUR-FU-10003096,30.0,30.0,4,2,2933
5139,2023-09-30,Standard Class,Consumer,Office Supplies,Envelopes,OFF-EN-10001539,20.0,20.0,3,2,4835
5140,2022-10-13,Standard Class,Consumer,Office Supplies,Paper,OFF-PA-10004996,40.0,50.0,5,5,3525
5141,2023-05-12,Standard Class,Consumer,Technology,Accessories,TEC-AC-10001956,110.0,120.0,2,3,2722
5142,2022-04-15,Standard Class,Consumer,Furniture,Chairs,FUR-CH-10000454,1250.0,1320.0,6,5,2944
5143,2023-11-24,Standard Class,Consumer,Office Supplies,Supplies,OFF-SU-10000946,50.0,60.0,8,2,3052
5144,2022-04-18,Standard Class,Consumer,Office Supplies,Binders,OFF-BI-10004140,10.0,10.0,1,5,703
5145,2022-05-07,Standard Class,Consumer,Furniture,Furnishings,FUR-FU-10003039,90.0,90.0,2,2,3002
5146,2023-10-21,Standard Class,Consumer,Office Supplies,Storage,OFF-ST-10000464,110.0,140.0,4,3,1629
5147,2022-02-15,Standard Class,Consumer,Office Supplies,Appliances,OFF-AP-10000252,40.0,50.0,4,5,2702
5148,2022-10-04,Standard Class,Home Office,Furniture,Furnishings,FUR-FU-10001731,10.0,10.0,4,5,586
5149,2023-12-10,Standard Class,Home Office,Furniture,Chairs,FUR-CH-10001394,730.0,840.0,3,5,3175
5150,2023-11-12,Same Day,Consumer,Technology,Phones,TEC-PH-10001578,970.0,1210.0,3,2,711
5151,2022-01-22,Second Class,Corporate,Office Supplies,Storage,OFF-ST-10000675,60.0,70.0,2,5,2071
5152,2023-05-10,First Class,Corporate,Office Supplies,Storage,OFF-ST-10002352,30.0,40.0,5,4,1010
5153,2022-08-24,Standard Class,Consumer,Office Supplies,Binders,OFF-BI-10004528,15.0,15.0,1,4,4461
5154,2023-11-22,Standard Class,Consumer,Office Supplies,Art,OFF-AR-10001026,10.0,10.0,3,4,4542
5155,2022-08-29,First Class,Consumer,Office Supplies,Binders,OFF-BI-10002215,30.0,30.0,4,5,2626
5156,2022-07-26,First Class,Consumer,Furniture,Furnishings,FUR-FU-10000305,190.0,210.0,3,2,1061
5157,2023-09-29,Second Class,Home Office,Technology,Phones,TEC-PH-10002584,940.0,1000.0,2,3,2135
5158,2023-12-04,Second Class,Home Office,Furniture,Chairs,FUR-CH-10000229,510.0,570.0,3,4,3537
5159,2023-02-24,Second Class,Home Office,Furniture,Furnishings,FUR-FU-10003799,10.0,10.0,2,2,3255
5160,2022-10-10,Second Class,Corporate,Technology,Phones,TEC-PH-10001700,90.0,110.0,2,5,4911
5161,2022-06-09,Second Class,Corporate,Technology,Phones,TEC-PH-10001527,60.0,70.0,2,5,1589
5162,2022-04-25,Standard Class,Corporate,Furniture,Bookcases,FUR-BO-10002916,1290.0,1370.0,8,3,2127
5163,2023-05-11,Second Class,Consumer,Furniture,Chairs,FUR-CH-10000863,270.0,300.0,2,2,188
5164,2023-11-19,Standard Class,Consumer,Furniture,Chairs,FUR-CH-10003968,150.0,170.0,3,2,529
5165,2023-11-18,Standard Class,Consumer,Office Supplies,Art,OFF-AR-10001149,10.0,10.0,2,2,4195
5166,2023-12-21,Standard Class,Consumer,Office Supplies,Paper,OFF-PA-10000130,10.0,10.0,3,4,1371
5167,2022-01-14,Standard Class,Consumer,Office Supplies,Paper,OFF-PA-10002479,20.0,20.0,3,3,4105
5168,2022-09-17,Standard Class,Consumer,Furniture,Chairs,FUR-CH-10004997,500.0,560.0,3,3,2276
5169,2023-07-06,Standard Class,Consumer,Office Supplies,Storage,OFF-ST-10004950,50.0,60.0,3,3,4063
5170,2022-10-19,Standard Class,Consumer,Office Supplies,Storage,OFF-ST-10001490,500.0,540.0,3,4,1656
5171,2022-02-18,Second Class,Corporate,Furniture,Chairs,FUR-CH-10002024,3010.0,3500.0,5,2,3833
5172,2023-09-21,Second Class,Corporate,Office Supplies,Paper,OFF-PA-10001790,110.0,140.0,3,2,1644
5173,2022-02-12,Second Class,Corporate,Office Supplies,Paper,OFF-PA-10000994,280.0,310.0,3,4,336
5174,2022-02-03,First Class,Corporate,Office Supplies,Art,OFF-AR-10002399,20.0,20.0,1,5,5040
5175,2023-03-17,Standard Class,Consumer,Office Supplies,Binders,OFF-BI-10002799,10.0,10.0,2,4,1692
5176,2022-06-14,Standard Class,Consumer,Furniture,Bookcases,FUR-BO-10004360,300.0,330.0,3,5,4226
5177,2022-07-02,First Class,Consumer,Office Supplies,Binders,OFF-BI-10002082,50.0,50.0,2,5,51
5178,2022-03-14,Standard Class,Corporate,Office Supplies,Binders,OFF-BI-10004967,10.0,10.0,3,2,2055
5179,2023-05-09,Standard Class,Corporate,Furniture,Furnishings,FUR-FU-10004973,40.0,40.0,2,3,3041
5180,2022-10-02,Standard Class,Corporate,Technology,Phones,TEC-PH-10003645,210.0,260.0,2,4,1398
5181,2023-11-23,Standard Class,Corporate,Office Supplies,Appliances,OFF-AP-10004980,70.0,80.0,2,2,857
5182,2023-07-03,First Class,Corporate,Office Supplies,Paper,OFF-PA-10003797,40.0,50.0,7,5,3356
5183,2023-11-02,First Class,Corporate,Office Supplies,Binders,OFF-BI-10003707,50.0,50.0,3,2,1191
5184,2023-08-17,First Class,Consumer,Office Supplies,Storage,OFF-ST-10000885,30.0,40.0,3,5,4006
5185,2022-08-09,First Class,Consumer,Office Supplies,Binders,OFF-BI-10002827,40.0,40.0,7,5,2599
5186,2023-01-22,Standard Class,Consumer,Office Supplies,Storage,OFF-ST-10004459,1690.0,1800.0,6,2,3084
5187,2023-08-02,Standard Class,Home Office,Technology,Phones,TEC-PH-10002789,640.0,750.0,8,5,989
5188,2023-11-28,Standard Class,Consumer,Technology,Accessories,TEC-AC-10001314,170.0,200.0,4,5,1518
5189,2023-03-09,Standard Class,Consumer,Furniture,Chairs,FUR-CH-10000015,1280.0,1520.0,7,2,129
5190,2023-12-16,Standard Class,Consumer,Technology,Accessories,TEC-AC-10004855,140.0,170.0,6,2,838
5191,2022-01-18,Standard Class,Consumer,Office Supplies,Art,OFF-AR-10003582,50.0,50.0,2,3,1454
5192,2023-06-16,Standard Class,Consumer,Office Supplies,Envelopes,OFF-EN-10003448,20.0,20.0,2,4,3859
5193,2022-11-22,Second Class,Corporate,Furniture,Furnishings,FUR-FU-10003773,380.0,400.0,5,5,4366
5194,2023-10-31,Second Class,Corporate,Office Supplies,Paper,OFF-PA-10001363,80.0,90.0,7,2,2651
5195,2022-04-29,Second Class,Corporate,Office Supplies,Art,OFF-AR-10004757,10.0,10.0,4,2,3007
5196,2023-11-21,Second Class,Corporate,Office Supplies,Binders,OFF-BI-10000309,50.0,50.0,3,4,4214
5197,2023-08-05,Standard Class,Consumer,Office Supplies,Envelopes,OFF-EN-10001434,150.0,160.0,3,5,1594
5198,2023-12-13,Standard Class,Consumer,Technology,Phones,TEC-PH-10003988,30.0,40.0,5,5,2128
5199,2023-10-09,Standard Class,Consumer,Office Supplies,Supplies,OFF-SU-10000151,3420.0,3930.0,3,5,1849
5200,2023-07-08,Standard Class,Consumer,Office Supplies,Fasteners,OFF-FA-10001332,10.0,10.0,1,3,3149
5201,2023-02-02,Standard Class,Consumer,Technology,Phones,TEC-PH-10000895,370.0,430.0,3,2,1404
5202,2023-11-06,Standard Class,Consumer,Technology,Accessories,TEC-AC-10002857,30.0,40.0,7,5,3521
5203,2023-01-23,Standard Class,Consumer,Furniture,Furnishings,FUR-FU-10004018,100.0,100.0,7,4,4245
5204,2022-09-05,Standard Class,Consumer,Office Supplies,Storage,OFF-ST-10003638,60.0,70.0,3,4,4745
5205,2022-07-22,Standard Class,Consumer,Office Supplies,Art,OFF-AR-10004685,10.0,10.0,2,3,1335
5206,2023-05-19,Standard Class,Consumer,Office Supplies,Storage,OFF-ST-10001713,100.0,110.0,2,3,1093
5207,2023-07-26,Standard Class,Consumer,Office Supplies,Fasteners,OFF-FA-10000490,,,1,4,3853
5208,2022-03-31,Standard Class,Consumer,Office Supplies,Labels,OFF-LA-10002043,20.0,20.0,2,4,1659
5209,2022-07-21,Standard Class,Consumer,Office Supplies,Paper,OFF-PA-10002464,30.0,30.0,5,3,562
5210,2022-10-29,Standard Class,Consumer,Office Supplies,Envelopes,OFF-EN-10002504,30.0,30.0,1,2,4785
5211,2022-04-13,Standard Class,Corporate,Office Supplies,Storage,OFF-ST-10002615,440.0,470.0,3,3,2518
5212,2022-10-07,Second Class,Consumer,Office Supplies,Storage,OFF-ST-10004258,40.0,40.0,3,2,710
5213,2022-02-03,Same Day,Consumer,Office Supplies,Storage,OFF-ST-10004507,50.0,50.0,3,5,2524
5214,2022-06-12,Same Day,Consumer,Office Supplies,Labels,OFF-LA-10000262,10.0,10.0,3,2,1400
5215,2023-07-30,Same Day,Consumer,Office Supplies,Art,OFF-AR-10002445,30.0,40.0,5,2,4005
5216,2023-03-24,Same Day,Consumer,Office Supplies,Paper,OFF-PA-10001667,20.0,30.0,5,2,4341
5217,2022-10-05,Standard Class,Consumer,Office Supplies,Envelopes,OFF-EN-10000461,20.0,20.0,2,3,375
5218,2023-07-13,Second Class,Corporate,Office Supplies,Paper,OFF-PA-10002254,70.0,80.0,3,3,2847
5219,2022-11-18,Standard Class,Corporate,Office Supplies,Art,OFF-AR-10001868,10.0,10.0,5,3,1580
5220,2023-06-30,Same Day,Consumer,Furniture,Chairs,FUR-CH-10004875,430.0,500.0,7,2,2370
5221,2023-07-31,Standard Class,Home Office,Furniture,Bookcases,FUR-BO-10000711,200.0,210.0,3,3,3732
5222,2023-03-28,Second Class,Home Office,Office Supplies,Appliances,OFF-AP-10000938,640.0,710.0,7,3,4309
5223,2023-05-14,Second Class,Home Office,Technology,Phones,TEC-PH-10003555,100.0,110.0,5,5,3214
5224,2022-07-15,Second Class,Home Office,Office Supplies,Binders,OFF-BI-10001267,40.0,40.0,7,5,2498
5225,2023-04-12,Second Class,Consumer,Office Supplies,Paper,OFF-PA-10004071,140.0,170.0,3,3,4574
5226,2022-03-29,Standard Class,Consumer,Office Supplies,Binders,OFF-BI-10001553,30.0,40.0,5,3,847
5227,2022-03-22,Standard Class,Consumer,Office Supplies,Binders,OFF-BI-10003007,160.0,190.0,6,5,418
5228,2023-05-27,Standard Class,Consumer,Furniture,Bookcases,FUR-BO-10003272,330.0,350.0,2,3,1431
5229,2022-12-20,Standard Class,Home Office,Office Supplies,Paper,OFF-PA-10001033,60.0,80.0,2,2,1904
5230,2022-10-03,Second Class,Consumer,Office Supplies,Binders,OFF-BI-10001553,10.0,10.0,2,2,4868
5231,2022-04-03,Second Class,Consumer,Furniture,Tables,FUR-TA-10001095,570.0,700.0,5,4,4949
5232,2023-10-07,Second Class,Consumer,Furniture,Furnishings,FUR-FU-10001185,30.0,30.0,1,4,4756
5233,2023-05-04,Second Class,Consumer,Office Supplies,Binders,OFF-BI-10000343,30.0,30.0,7,5,739
5234,2023-06-09,Standard Class,Corporate,Furniture,Chairs,FUR-CH-10004626,530.0,610.0,6,3,2042
5235,2023-06-22,First Class,Consumer,Furniture,Tables,FUR-TA-10001768,200.0,210.0,1,5,3853
5236,2023-02-08,First Class,Corporate,Office Supplies,Appliances,OFF-AP-10001947,40.0,50.0,3,4,2856
5237,2022-02-09,Standard Class,Consumer,Furniture,Furnishings,FUR-FU-10004952,130.0,160.0,3,4,4736
5238,2023-03-09,Standard Class,Consumer,Furniture,Bookcases,FUR-BO-10001337,310.0,360.0,3,2,3791
5239,2022-02-25,Standard Class,Consumer,Technology,Accessories,TEC-AC-10003628,50.0,60.0,2,5,107
5240,2022-12-11,Standard Class,Consumer,Office Supplies,Storage,OFF-ST-10004186,270.0,330.0,3,2,512
5241,2022-12-05,Standard Class,Consumer,Office Supplies,Binders,OFF-BI-10001658,40.0,40.0,2,3,821
5242,2023-12-14,Second Class,Corporate,Office Supplies,Supplies,OFF-SU-10004737,10.0,10.0,2,5,914
5243,2022-10-01,Standard Class,Corporate,Office Supplies,Binders,OFF-BI-10002827,10.0,10.0,3,2,3844
5244,2023-02-11,First Class,Home Office,Office Supplies,Binders,OFF-BI-10003694,10.0,10.0,1,3,4355
5245,2022-02-15,Second Class,Corporate,Furniture,Tables,FUR-TA-10001691,130.0,140.0,2,4,2727
5246,2022-03-15,Second Class,Corporate,Technology,Phones,TEC-PH-10001918,300.0,330.0,3,5,3586
5247,2023-03-14,Second Class,Corporate,Office Supplies,Binders,OFF-BI-10000285,10.0,10.0,2,4,4555
5248,2023-08-28,Standard Class,Consumer,Office Supplies,Appliances,OFF-AP-10000358,20.0,20.0,8,2,390
5249,2022-08-26,Second Class,Consumer,Technology,Accessories,TEC-AC-10002345,30.0,40.0,3,3,4757
5250,2023-04-21,Standard Class,Corporate,Office Supplies,Fasteners,OFF-FA-10001229,10.0,10.0,4,4,4433
5251,2023-10-30,Standard Class,Consumer,Technology,Accessories,TEC-AC-10001314,220.0,250.0,5,2,3203
5252,2023-11-25,Standard Class,Consumer,Office Supplies,Paper,OFF-PA-10004438,40.0,50.0,4,2,2412
5253,2022-03-17,First Class,Consumer,Office Supplies,Appliances,OFF-AP-10000026,150.0,180.0,3,5,1744
5254,2022-10-08,Second Class,Home Office,Office Supplies,Binders,OFF-BI-10004224,90.0,110.0,2,2,803
5255,2023-08-28,Second Class,Corporate,Furniture,Chairs,FUR-CH-10002647,90.0,100.0,2,2,1403
5256,2022-07-10,Second Class,Corporate,Furniture,Furnishings,FUR-FU-10003247,30.0,30.0,2,3,196
5257,2023-11-02,Standard Class,Consumer,Office Supplies,Paper,OFF-PA-10003270,10.0,10.0,2,5,255
5258,2022-03-08,Standard Class,Consumer,Office Supplies,Paper,OFF-PA-10004735,30.0,40.0,6,3,129
5259,2022-01-10,First Class,Consumer,Office Supplies,Paper,OFF-PA-10001745,30.0,40.0,5,4,3528
5260,2022-05-25,Standard Class,Home Office,Office Supplies,Paper,OFF-PA-10000176,50.0,50.0,3,3,1130
5261,2022-07-30,First Class,Home Office,Technology,Phones,TEC-PH-10000675,170.0,200.0,3,3,4043
5262,2022-05-01,First Class,Home Office,Office Supplies,Binders,OFF-BI-10000050,10.0,10.0,2,5,2526
5263,2022-03-24,First Class,Home Office,Furniture,Tables,FUR-TA-10004154,170.0,200.0,1,4,4348
5264,2023-07-14,First Class,Home Office,Technology,Accessories,TEC-AC-10002718,40.0,50.0,4,2,4803
5265,2022-03-15,First Class,Home Office,Office Supplies,Art,OFF-AR-10003179,20.0,20.0,3,2,4725
5266,2023-09-23,First Class,Corporate,Office Supplies,Paper,OFF-PA-10001838,10.0,10.0,2,3,1689
5267,2023-09-30,First Class,Corporate,Office Supplies,Paper,OFF-PA-10004039,150.0,170.0,3,3,1191
5268,2022-07-17,First Class,Corporate,Office Supplies,Appliances,OFF-AP-10001626,10.0,10.0,1,5,1475
5269,2022-07-13,Standard Class,Home Office,Technology,Machines,TEC-MA-10003173,40.0,50.0,4,3,3649
5270,2022-01-18,Same Day,Consumer,Furniture,Furnishings,FUR-FU-10000260,30.0,30.0,4,5,2220
5271,2023-11-24,Same Day,Consumer,Office Supplies,Appliances,OFF-AP-10004487,360.0,410.0,5,4,3185
5272,2022-10-11,Same Day,Corporate,Furniture,Furnishings,FUR-FU-10001487,30.0,30.0,4,3,4062
5273,2022-03-20,Same Day,Corporate,Furniture,Tables,FUR-TA-10001520,370.0,400.0,7,3,2675
5274,2023-06-09,First Class,Home Office,Office Supplies,Binders,OFF-BI-10000145,10.0,10.0,4,2,4434
5275,2023-09-12,Second Class,Consumer,Furniture,Chairs,FUR-CH-10000595,670.0,720.0,3,4,3830
5276,2022-11-03,Standard Class,Corporate,Technology,Accessories,TEC-AC-10004469,150.0,160.0,4,2,4786
5277,2023-11-02,Standard Class,Corporate,Technology,Accessories,TEC-AC-10003038,30.0,40.0,5,5,3863
5278,2023-10-22,Standard Class,Home Office,Furniture,Chairs,FUR-CH-10004698,310.0,340.0,6,4,67
5279,2022-04-06,Standard Class,Consumer,Office Supplies,Paper,OFF-PA-10003641,90.0,110.0,4,3,3227
5280,2023-02-13,Standard Class,Consumer,Technology,Accessories,TEC-AC-10002134,10.0,10.0,1,3,1216
5281,2023-11-04,Standard Class,Consumer,Office Supplies,Storage,OFF-ST-10001837,80.0,90.0,2,3,4284
5282,2023-05-02,Standard Class,Corporate,Furniture,Furnishings,FUR-FU-10001706,10.0,10.0,2,4,4994
5283,2022-06-23,Standard Class,Corporate,Office Supplies,Paper,OFF-PA-10001970,40.0,40.0,3,3,2496
5284,2023-08-27,Standard Class,Corporate,Office Supplies,Storage,OFF-ST-10002957,20.0,20.0,3,5,523
5285,2023-11-26,Standard Class,Corporate,Office Supplies,Labels,OFF-LA-10002312,40.0,40.0,3,3,197
5286,2022-02-02,First Class,Consumer,Office Supplies,Envelopes,OFF-EN-10002600,20.0,20.0,9,2,4475
5287,2023-05-25,First Class,Consumer,Office Supplies,Binders,OFF-BI-10003274,10.0,10.0,8,5,1661
5288,2022-05-29,First Class,Consumer,Furniture,Bookcases,FUR-BO-10004467,80.0,90.0,3,2,3596
5289,2022-12-05,Standard Class,Home Office,Office Supplies,Paper,OFF-PA-10000675,150.0,160.0,4,3,4644
5290,2023-07-23,Standard Class,Consumer,Office Supplies,Paper,OFF-PA-10002259,20.0,20.0,2,4,2334
5291,2022-12-22,Standard Class,Consumer,Furniture,Chairs,FUR-CH-10004287,830.0,970.0,5,5,1459
5292,2022-09-01,Standard Class,Consumer,Office Supplies,Paper,OFF-PA-10000482,170.0,180.0,6,2,4955
5293,2022-09-05,First Class,Consumer,Office Supplies,Storage,OFF-ST-10004835,10.0,10.0,1,3,4246
5294,2023-05-13,Standard Class,Consumer,Furniture,Tables,FUR-TA-10004086,40.0,50.0,1,4,4680
5295,2023-01-10,Standard Class,Corporate,Office Supplies,Labels,OFF-LA-10000305,50.0,50.0,8,2,4859
5296,2023-07-27,Standard Class,Consumer,Office Supplies,Paper,OFF-PA-10000806,70.0,90.0,2,3,3852
5297,2023-09-02,Standard Class,Consumer,Furniture,Furnishings,FUR-FU-10004018,10.0,10.0,1,4,3357
5298,2022-05-10,Standard Class,Consumer,Technology,Phones,TEC-PH-10002660,460.0,540.0,8,2,4325
5299,2023-11-25,First Class,Corporate,Office Supplies,Envelopes,OFF-EN-10001509,10.0,10.0,2,3,357
5300,2022-07-02,First Class,Corporate,Office Supplies,Labels,OFF-LA-10003148,20.0,20.0,3,3,4535
5301,2022-03-30,Standard Class,Corporate,Furniture,Tables,FUR-TA-10002645,2030.0,2280.0,10,2,3219
5302,2023-07-26,Standard Class,Corporate,Technology,Accessories,TEC-AC-10003033,1620.0,1980.0,6,2,3285
5303,2023-09-02,Standard Class,Corporate,Office Supplies,Labels,OFF-LA-10001297,50.0,60.0,6,5,686
5304,2023-06-29,Standard Class,Consumer,Furniture,Chairs,FUR-CH-10002017,30.0,40.0,2,3,3331
5305,2023-12-24,First Class,Home Office,Furniture,Furnishings,FUR-FU-10001546,10.0,10.0,2,2,3447
5306,2023-10-16,Standard Class,Corporate,Furniture,Furnishings,FUR-FU-10000629,60.0,70.0,5,3,340
5307,2023-02-16,Standard Class,Corporate,Office Supplies,Storage,OFF-ST-10000036,270.0,300.0,3,3,3725
5308,2022-03-18,Standard Class,Corporate,Technology,Phones,TEC-PH-10002583,30.0,40.0,2,2,4462
5309,2023-02-09,First Class,Consumer,Furniture,Chairs,FUR-CH-10003774,160.0,190.0,3,4,3608
5310,2022-03-13,First Class,Consumer,Office Supplies,Art,OFF-AR-10003876,10.0,10.0,5,3,108
5311,2023-06-16,First Class,Consumer,Office Supplies,Binders,OFF-BI-10003527,1420.0,1530.0,6,4,3046
5312,2023-09-23,Standard Class,Home Office,Office Supplies,Labels,OFF-LA-10004559,10.0,10.0,4,4,4377
5313,2023-08-15,Standard Class,Home Office,Office Supplies,Supplies,OFF-SU-10002573,30.0,30.0,2,5,753
5314,2022-02-10,Standard Class,Corporate,Furniture,Furnishings,FUR-FU-10000222,50.0,60.0,2,2,1285
5315,2023-03-31,Standard Class,Corporate,Office Supplies,Envelopes,OFF-EN-10001219,20.0,30.0,4,4,2132
5316,2022-11-29,Standard Class,Consumer,Furniture,Chairs,FUR-CH-10002304,170.0,190.0,9,3,2835
5317,2023-11-19,First Class,Home Office,Furniture,Furnishings,FUR-FU-10002364,10.0,10.0,2,5,4165
5318,2023-05-06,First Class,Home Office,Furniture,Furnishings,FUR-FU-10004864,10.0,10.0,1,3,3222
5319,2022-03-23,First Class,Home Office,Office Supplies,Paper,OFF-PA-10003172,20.0,20.0,4,4,2175
5320,2022-06-04,First Class,Home Office,Office Supplies,Binders,OFF-BI-10000977,30.0,30.0,3,2,2377
5321,2023-09-01,First Class,Home Office,Furniture,Tables,FUR-TA-10000198,2030.0,2310.0,7,3,837
5322,2023-07-11,First Class,Home Office,Office Supplies,Binders,OFF-BI-10003984,20.0,30.0,4,2,1673
5323,2022-04-20,First Class,Home Office,Furniture,Furnishings,FUR-FU-10003691,20.0,20.0,2,5,3214
5324,2022-08-09,Second Class,Consumer,Office Supplies,Paper,OFF-PA-10004082,20.0,20.0,2,3,3325
5325,2023-06-06,Standard Class,Consumer,Office Supplies,Art,OFF-AR-10003723,20.0,20.0,5,4,423
5326,2023-07-18,Standard Class,Consumer,Furniture,Furnishings,FUR-FU-10004270,30.0,30.0,6,5,583
5327,2022-03-09,Standard Class,Corporate,Office Supplies,Art,OFF-AR-10003183,10.0,10.0,2,3,3882
5328,2023-08-08,Second Class,Consumer,Office Supplies,Paper,OFF-PA-10002005,20.0,20.0,3,3,5019
5329,2022-03-01,Standard Class,Consumer,Technology,Phones,TEC-PH-10000149,30.0,30.0,2,3,99
5330,2023-09-21,Second Class,Consumer,Office Supplies,Binders,OFF-BI-10001524,30.0,30.0,2,2,3142
5331,2023-08-21,Standard Class,Consumer,Furniture,Furnishings,FUR-FU-10004748,50.0,60.0,1,2,2111
5332,2023-06-04,Standard Class,Consumer,Office Supplies,Binders,OFF-BI-10001460,60.0,60.0,5,2,3183
5333,2023-01-06,Standard Class,Consumer,Office Supplies,Supplies,OFF-SU-10002503,20.0,20.0,4,5,2533
5334,2023-03-09,Standard Class,Consumer,Furniture,Furnishings,FUR-FU-10001731,10.0,10.0,4,5,2032
5335,2023-03-22,Standard Class,Consumer,Office Supplies,Paper,OFF-PA-10002160,20.0,20.0,3,4,219
5336,2023-05-03,Standard Class,Consumer,Office Supplies,Paper,OFF-PA-10002659,15.0,15.0,1,2,4351
5337,2023-01-23,Standard Class,Corporate,Office Supplies,Binders,OFF-BI-10001636,30.0,30.0,4,4,1005
5338,2022-12-19,Standard Class,Corporate,Office Supplies,Paper,OFF-PA-10000062,290.0,310.0,7,4,1647
5339,2023-10-12,Second Class,Consumer,Office Supplies,Storage,OFF-ST-10002554,210.0,240.0,5,5,1193
5340,2022-06-19,Second Class,Consumer,Office Supplies,Envelopes,OFF-EN-10001509,10.0,10.0,6,5,293
5341,2023-03-23,Second Class,Consumer,Technology,Accessories,TEC-AC-10002018,10.0,10.0,2,3,1392
5342,2023-12-31,Second Class,Consumer,Technology,Accessories,TEC-AC-10002637,770.0,900.0,5,4,4598
5343,2022-07-04,Standard Class,Corporate,Office Supplies,Envelopes,OFF-EN-10001509,10.0,10.0,1,2,2664
5344,2023-03-16,Standard Class,Corporate,Technology,Phones,TEC-PH-10004922,260.0,270.0,5,2,2905
5345,2023-08-25,Second Class,Consumer,Technology,Accessories,TEC-AC-10002550,30.0,30.0,1,2,957
5346,2023-08-26,Second Class,Consumer,Office Supplies,Storage,OFF-ST-10003208,610.0,730.0,4,2,5015
5347,2023-06-25,Second Class,Consumer,Office Supplies,Binders,OFF-BI-10003981,10.0,10.0,3,4,3411
5348,2022-12-09,Second Class,Consumer,Office Supplies,Binders,OFF-BI-10001031,10.0,10.0,2,4,269
5349,2023-07-12,Standard Class,Corporate,Office Supplies,Binders,OFF-BI-10003676,30.0,30.0,3,5,5030
5350,2022-07-08,Standard Class,Corporate,Office Supplies,Paper,OFF-PA-10004082,40.0,40.0,5,2,2896
5351,2022-11-24,Standard Class,Consumer,Office Supplies,Paper,OFF-PA-10001019,120.0,140.0,9,3,3734
5352,2022-08-09,Standard Class,Corporate,Office Supplies,Paper,OFF-PA-10004665,30.0,40.0,4,5,1903
5353,2023-12-16,Standard Class,Corporate,Technology,Phones,TEC-PH-10002447,300.0,330.0,2,4,3689
5354,2023-09-22,First Class,Corporate,Office Supplies,Binders,OFF-BI-10000014,70.0,90.0,8,2,1592
5355,2022-11-25,Standard Class,Corporate,Furniture,Chairs,FUR-CH-10002439,230.0,280.0,6,4,3336
5356,2022-06-07,Standard Class,Corporate,Office Supplies,Paper,OFF-PA-10003063,10.0,10.0,2,5,2390
5357,2022-11-10,Standard Class,Consumer,Office Supplies,Binders,OFF-BI-10002982,30.0,30.0,5,5,2671
5358,2022-10-01,Standard Class,Consumer,Technology,Accessories,TEC-AC-10004510,20.0,20.0,1,2,3134
5359,2022-03-09,Standard Class,Consumer,Office Supplies,Storage,OFF-ST-10000321,20.0,20.0,2,4,406
5360,2023-11-21,Standard Class,Consumer,Office Supplies,Art,OFF-AR-10004602,50.0,50.0,2,2,1302
5361,2022-01-22,Standard Class,Corporate,Furniture,Bookcases,FUR-BO-10003433,170.0,200.0,8,2,4199
5362,2023-09-24,First Class,Corporate,Office Supplies,Storage,OFF-ST-10001496,620.0,720.0,5,5,4960
5363,2023-07-13,Standard Class,Consumer,Furniture,Furnishings,FUR-FU-10000672,60.0,70.0,6,5,3835
5364,2022-11-22,Standard Class,Consumer,Office Supplies,Appliances,OFF-AP-10001293,80.0,80.0,2,5,589
5365,2023-10-18,Second Class,Corporate,Office Supplies,Appliances,OFF-AP-10000692,50.0,60.0,4,5,2625
5366,2023-01-23,Standard Class,Consumer,Technology,Phones,TEC-PH-10004539,130.0,150.0,1,4,364
5367,2023-11-14,Standard Class,Consumer,Technology,Phones,TEC-PH-10002923,80.0,90.0,3,5,2456
5368,2023-03-15,Standard Class,Consumer,Office Supplies,Labels,OFF-LA-10004689,10.0,10.0,4,4,2275
5369,2023-08-05,Standard Class,Consumer,Office Supplies,Storage,OFF-ST-10001228,20.0,20.0,1,5,4196
5370,2023-03-11,First Class,Corporate,Office Supplies,Paper,OFF-PA-10003302,80.0,90.0,3,4,2826
5371,2023-08-18,Standard Class,Corporate,Furniture,Furnishings,FUR-FU-10004665,240.0,270.0,2,2,2020
5372,2022-03-16,Standard Class,Corporate,Furniture,Furnishings,FUR-FU-10004188,260.0,310.0,3,4,2114
5373,2023-01-14,Standard Class,Corporate,Office Supplies,Paper,OFF-PA-10003177,20.0,20.0,3,3,4761
5374,2023-08-17,Standard Class,Corporate,Furniture,Tables,FUR-TA-10002607,290.0,350.0,7,2,4546
5375,2022-01-13,Standard Class,Corporate,Office Supplies,Paper,OFF-PA-10001166,10.0,10.0,2,2,2885
5376,2022-01-22,Standard Class,Corporate,Technology,Accessories,TEC-AC-10004510,90.0,100.0,6,5,3300
5377,2023-03-23,Standard Class,Corporate,Office Supplies,Art,OFF-AR-10004062,30.0,30.0,3,3,2918
5378,2023-02-23,First Class,Corporate,Office Supplies,Envelopes,OFF-EN-10000056,310.0,350.0,7,2,3115
5379,2022-01-21,First Class,Corporate,Office Supplies,Storage,OFF-ST-10001469,160.0,170.0,4,4,4564
5380,2022-09-08,Standard Class,Consumer,Office Supplies,Paper,OFF-PA-10000551,20.0,20.0,3,4,1609
5381,2023-04-28,Standard Class,Consumer,Technology,Machines,TEC-MA-10000423,100.0,110.0,6,4,2519
5382,2023-08-06,Second Class,Corporate,Office Supplies,Paper,OFF-PA-10001870,30.0,30.0,5,4,1374
5383,2022-06-18,Second Class,Corporate,Office Supplies,Fasteners,OFF-FA-10001843,20.0,20.0,8,5,3221
5384,2023-09-06,Second Class,Corporate,Office Supplies,Paper,OFF-PA-10002036,10.0,10.0,2,3,2360
5385,2022-03-01,Standard Class,Consumer,Technology,Phones,TEC-PH-10001760,330.0,360.0,3,3,1058
5386,2022-11-11,Standard Class,Consumer,Technology,Phones,TEC-PH-10000673,470.0,550.0,14,5,209
5387,2022-06-16,Standard Class,Consumer,Office Supplies,Binders,OFF-BI-10000829,30.0,40.0,9,2,1133
5388,2022-03-11,Second Class,Corporate,Technology,Phones,TEC-PH-10001924,140.0,170.0,3,3,3256
5389,2022-12-18,Second Class,Corporate,Technology,Accessories,TEC-AC-10004864,90.0,110.0,3,5,1926
5390,2023-07-02,Second Class,Corporate,Office Supplies,Labels,OFF-LA-10004345,10.0,10.0,2,4,1960
5391,2023-02-15,Second Class,Corporate,Office Supplies,Binders,OFF-BI-10000088,20.0,30.0,3,2,4888
5392,2023-06-15,Standard Class,Corporate,Office Supplies,Labels,OFF-LA-10002787,20.0,20.0,6,4,1762
5393,2022-11-14,Standard Class,Corporate,Office Supplies,Labels,OFF-LA-10001569,10.0,10.0,2,3,1460
5394,2022-12-02,Standard Class,Corporate,Office Supplies,Binders,OFF-BI-10002429,190.0,210.0,7,4,4918
5395,2023-02-03,Standard Class,Corporate,Furniture,Bookcases,FUR-BO-10000362,940.0,1030.0,6,3,3264
5396,2023-03-19,Second Class,Corporate,Office Supplies,Paper,OFF-PA-10003016,20.0,20.0,7,5,1503
5397,2023-04-15,Same Day,Corporate,Furniture,Furnishings,FUR-FU-10002501,50.0,60.0,5,2,3506
5398,2023-02-21,Standard Class,Corporate,Office Supplies,Appliances,OFF-AP-10003622,40.0,40.0,12,4,4157
5399,2023-01-16,Standard Class,Corporate,Office Supplies,Binders,OFF-BI-10002764,10.0,10.0,3,5,3496
5400,2023-08-23,Standard Class,Consumer,Furniture,Bookcases,FUR-BO-10001798,500.0,560.0,5,5,2574
5401,2022-02-14,First Class,Consumer,Technology,Accessories,TEC-AC-10000158,60.0,70.0,2,5,2444
5402,2022-02-01,First Class,Consumer,Technology,Accessories,TEC-AC-10000303,70.0,80.0,2,4,4484
5403,2022-05-01,Standard Class,Corporate,Office Supplies,Binders,OFF-BI-10003910,20.0,20.0,4,5,152
5404,2023-07-19,Standard Class,Corporate,Office Supplies,Binders,OFF-BI-10000138,10.0,10.0,1,4,1716
5405,2023-12-16,Standard Class,Consumer,Technology,Phones,TEC-PH-10002398,410.0,450.0,5,2,5028
5406,2022-07-11,Standard Class,Consumer,Technology,Accessories,TEC-AC-10003399,30.0,40.0,1,3,156
5407,2023-04-01,Standard Class,Consumer,Office Supplies,Fasteners,OFF-FA-10000992,10.0,10.0,3,5,32
5408,2022-04-25,Standard Class,Corporate,Office Supplies,Paper,OFF-PA-10003022,70.0,90.0,4,2,3604
5409,2022-08-01,Standard Class,Corporate,Office Supplies,Binders,OFF-BI-10002854,20.0,20.0,1,3,1059
5410,2023-12-11,Standard Class,Corporate,Office Supplies,Binders,OFF-BI-10001670,80.0,90.0,3,4,4215
5411,2022-12-02,Standard Class,Corporate,Office Supplies,Storage,OFF-ST-10001837,30.0,40.0,1,4,3004
5412,2023-06-15,Standard Class,Consumer,Office Supplies,Binders,OFF-BI-10002012,10.0,10.0,7,3,4733
5413,2023-11-05,Standard Class,Consumer,Technology,Accessories,TEC-AC-10004992,80.0,100.0,3,2,2595
5414,2023-10-11,First Class,Consumer,Technology,Phones,TEC-PH-10003171,200.0,220.0,5,5,4787
5415,2023-01-07,Standard Class,Consumer,Office Supplies,Appliances,OFF-AP-10000390,60.0,70.0,6,5,3433
5416,2022-01-20,Standard Class,Consumer,Office Supplies,Paper,OFF-PA-10004888,20.0,20.0,4,5,3656
5417,2022-08-30,Standard Class,Consumer,Technology,Phones,TEC-PH-10004188,30.0,40.0,2,2,553
5418,2023-08-12,Second Class,Corporate,Office Supplies,Binders,OFF-BI-10004099,20.0,20.0,2,5,2992
5419,2023-02-12,First Class,Consumer,Office Supplies,Paper,OFF-PA-10004621,30.0,40.0,7,4,1008
5420,2023-07-31,First Class,Consumer,Technology,Phones,TEC-PH-10002103,140.0,150.0,2,2,3793
5421,2022-01-01,Second Class,Consumer,Technology,Phones,TEC-PH-10002789,260.0,280.0,3,4,4343
5422,2023-09-03,Second Class,Consumer,Technology,Accessories,TEC-AC-10003289,30.0,30.0,2,3,1188
5423,2022-02-11,Standard Class,Consumer,Office Supplies,Binders,OFF-BI-10000138,10.0,10.0,3,4,588
5424,2022-05-02,Second Class,Corporate,Office Supplies,Paper,OFF-PA-10001215,30.0,30.0,5,4,2812
5425,2022-12-11,Standard Class,Consumer,Office Supplies,Art,OFF-AR-10001545,10.0,10.0,2,2,1686
5426,2022-12-23,First Class,Consumer,Technology,Accessories,TEC-AC-10003870,1450.0,1650.0,5,3,3411
5427,2023-04-14,First Class,Consumer,Furniture,Furnishings,FUR-FU-10001085,90.0,110.0,6,3,2592
5428,2023-04-21,Same Day,Home Office,Furniture,Bookcases,FUR-BO-10004218,560.0,600.0,5,2,5092
5429,2022-06-29,First Class,Home Office,Office Supplies,Storage,OFF-ST-10003455,50.0,50.0,3,4,3227
5430,2023-08-22,First Class,Consumer,Furniture,Furnishings,FUR-FU-10001967,30.0,30.0,2,3,2485
5431,2023-11-07,Standard Class,Home Office,Office Supplies,Appliances,OFF-AP-10000938,130.0,160.0,2,2,453
5432,2023-12-24,Standard Class,Home Office,Office Supplies,Paper,OFF-PA-10002195,10.0,10.0,1,3,314
5433,2023-01-24,Standard Class,Home Office,Office Supplies,Binders,OFF-BI-10002799,10.0,10.0,4,5,1743
5434,2022-07-14,Standard Class,Consumer,Office Supplies,Art,OFF-AR-10000246,10.0,10.0,4,4,1499
5435,2022-04-17,Standard Class,Home Office,Office Supplies,Appliances,OFF-AP-10000275,1390.0,1640.0,5,4,2801
5436,2022-05-05,Standard Class,Home Office,Technology,Accessories,TEC-AC-10000892,260.0,270.0,3,5,43
5437,2022-07-30,First Class,Corporate,Furniture,Furnishings,FUR-FU-10001591,20.0,20.0,2,4,3746
5438,2023-07-03,First Class,Corporate,Office Supplies,Binders,OFF-BI-10001787,10.0,10.0,5,4,663
5439,2022-01-27,First Class,Corporate,Furniture,Furnishings,FUR-FU-10003192,170.0,210.0,3,2,863
5440,2023-04-27,Standard Class,Consumer,Office Supplies,Binders,OFF-BI-10004600,470.0,590.0,2,3,2803
5441,2023-07-10,Second Class,Consumer,Office Supplies,Art,OFF-AR-10002335,10.0,10.0,1,2,4695
5442,2023-06-13,Standard Class,Consumer,Office Supplies,Paper,OFF-PA-10000859,10.0,10.0,2,5,4360
5443,2022-01-05,Standard Class,Consumer,Technology,Accessories,TEC-AC-10003198,90.0,100.0,1,3,859
5444,2022-04-22,Standard Class,Consumer,Office Supplies,Binders,OFF-BI-10001900,50.0,60.0,13,2,1058
5445,2022-08-18,Standard Class,Consumer,Office Supplies,Art,OFF-AR-10000614,10.0,10.0,3,3,609
5446,2023-08-30,Standard Class,Home Office,Office Supplies,Envelopes,OFF-EN-10003040,20.0,20.0,1,2,3265
5447,2023-11-30,Standard Class,Corporate,Technology,Phones,TEC-PH-10003442,30.0,30.0,6,4,1519
5448,2023-02-13,Standard Class,Corporate,Technology,Accessories,TEC-AC-10002800,220.0,250.0,5,4,2370
5449,2023-07-24,Standard Class,Home Office,Office Supplies,Supplies,OFF-SU-10000157,340.0,360.0,3,4,4096
5450,2022-06-11,Standard Class,Home Office,Technology,Accessories,TEC-AC-10001542,50.0,60.0,5,4,2139
5451,2022-03-06,Standard Class,Home Office,Office Supplies,Binders,OFF-BI-10004519,310.0,330.0,2,2,2916
5452,2022-03-21,Standard Class,Home Office,Furniture,Furnishings,FUR-FU-10003464,30.0,40.0,2,2,2995
5453,2023-10-22,Standard Class,Home Office,Office Supplies,Supplies,OFF-SU-10004261,80.0,90.0,5,5,1679
5454,2022-04-10,Standard Class,Corporate,Office Supplies,Paper,OFF-PA-10004733,40.0,40.0,6,4,4403
5455,2022-04-08,Standard Class,Corporate,Office Supplies,Storage,OFF-ST-10001325,10.0,10.0,1,5,2969
5456,2022-06-24,Standard Class,Corporate,Office Supplies,Art,OFF-AR-10003056,10.0,10.0,2,5,471
5457,2023-08-01,Standard Class,Consumer,Office Supplies,Fasteners,OFF-FA-10000089,20.0,20.0,5,2,1317
5458,2022-09-18,Standard Class,Consumer,Furniture,Furnishings,FUR-FU-10004093,60.0,70.0,2,3,2143
5459,2023-02-26,Second Class,Consumer,Office Supplies,Binders,OFF-BI-10004022,10.0,10.0,6,4,1926
5460,2023-03-11,Second Class,Consumer,Furniture,Tables,FUR-TA-10001771,1320.0,1480.0,8,5,328
5461,2022-12-10,Standard Class,Corporate,Office Supplies,Storage,OFF-ST-10002301,20.0,20.0,1,3,320
5462,2022-01-16,Standard Class,Consumer,Furniture,Furnishings,FUR-FU-10001706,10.0,10.0,3,4,4003
5463,2023-03-17,First Class,Consumer,Office Supplies,Binders,OFF-BI-10003676,30.0,30.0,10,3,4223
5464,2022-01-26,First Class,Consumer,Office Supplies,Paper,OFF-PA-10000659,60.0,60.0,4,3,3040
5465,2022-05-28,First Class,Consumer,Office Supplies,Envelopes,OFF-EN-10002504,90.0,110.0,5,3,785
5466,2023-03-12,First Class,Consumer,Furniture,Bookcases,FUR-BO-10001972,170.0,180.0,5,2,4399
5467,2022-04-17,Second Class,Consumer,Office Supplies,Paper,OFF-PA-10000466,20.0,20.0,3,4,4605
5468,2022-08-11,Standard Class,Consumer,Furniture,Chairs,FUR-CH-10002774,110.0,120.0,3,4,1038
5469,2022-03-27,First Class,Home Office,Furniture,Chairs,FUR-CH-10000454,510.0,590.0,3,2,5062
5470,2023-05-01,First Class,Home Office,Office Supplies,Paper,OFF-PA-10004888,20.0,20.0,3,3,32
5471,2022-05-07,Standard Class,Consumer,Office Supplies,Appliances,OFF-AP-10003842,110.0,120.0,5,3,2316
5472,2023-12-31,Standard Class,Consumer,Furniture,Furnishings,FUR-FU-10000320,10.0,10.0,5,5,1297
5473,2023-03-20,Standard Class,Consumer,Office Supplies,Storage,OFF-ST-10002554,70.0,80.0,2,2,930
5474,2023-10-21,Standard Class,Consumer,Furniture,Bookcases,FUR-BO-10000468,80.0,100.0,7,2,4668
5475,2022-04-03,Same Day,Corporate,Office Supplies,Storage,OFF-ST-10004459,630.0,750.0,2,5,2066
5476,2022-11-14,First Class,Home Office,Office Supplies,Labels,OFF-LA-10002312,30.0,40.0,3,3,584
5477,2022-05-05,First Class,Home Office,Office Supplies,Storage,OFF-ST-10001291,70.0,80.0,5,5,4006
5478,2022-12-14,First Class,Home Office,Office Supplies,Paper,OFF-PA-10003022,20.0,20.0,3,4,4543
5479,2023-08-23,Standard Class,Consumer,Office Supplies,Binders,OFF-BI-10002133,120.0,130.0,3,4,4204
5480,2022-06-11,Standard Class,Corporate,Office Supplies,Binders,OFF-BI-10001097,15.0,15.0,1,4,3213
5481,2022-01-22,Standard Class,Corporate,Technology,Phones,TEC-PH-10001336,90.0,100.0,1,3,1584
5482,2022-11-10,Standard Class,Corporate,Technology,Accessories,TEC-AC-10002305,30.0,40.0,2,5,3000
5483,2023-08-21,Standard Class,Corporate,Technology,Accessories,TEC-AC-10003610,190.0,240.0,4,2,1855
5484,2022-01-06,Standard Class,Corporate,Office Supplies,Storage,OFF-ST-10002301,30.0,40.0,2,5,4112
5485,2022-12-25,Standard Class,Consumer,Furniture,Chairs,FUR-CH-10002044,360.0,420.0,4,4,973
5486,2022-03-23,Standard Class,Consumer,Office Supplies,Envelopes,OFF-EN-10001099,20.0,20.0,3,5,2806
5487,2022-12-01,Standard Class,Home Office,Office Supplies,Binders,OFF-BI-10004140,10.0,10.0,4,4,2503
5488,2022-04-28,Second Class,Corporate,Technology,Phones,TEC-PH-10004897,20.0,20.0,3,5,564
5489,2023-01-30,Second Class,Corporate,Office Supplies,Labels,OFF-LA-10000262,10.0,10.0,3,4,1047
5490,2022-08-08,Second Class,Corporate,Office Supplies,Appliances,OFF-AP-10002222,20.0,20.0,3,5,3074
5491,2023-06-25,Second Class,Corporate,Furniture,Chairs,FUR-CH-10003774,210.0,220.0,3,5,4151
5492,2023-02-24,First Class,Consumer,Office Supplies,Storage,OFF-ST-10000615,20.0,20.0,2,4,4812
5493,2022-12-14,Same Day,Home Office,Office Supplies,Supplies,OFF-SU-10001225,10.0,10.0,2,5,4495
5494,2022-05-20,Same Day,Home Office,Office Supplies,Labels,OFF-LA-10002043,30.0,40.0,4,5,2394
5495,2022-12-02,Same Day,Home Office,Furniture,Bookcases,FUR-BO-10000330,330.0,410.0,4,2,993
5496,2022-05-16,Standard Class,Corporate,Office Supplies,Binders,OFF-BI-10001249,10.0,10.0,4,4,3679
5497,2022-02-27,Standard Class,Consumer,Technology,Accessories,TEC-AC-10004469,50.0,60.0,2,5,4681
5498,2023-12-16,Second Class,Consumer,Office Supplies,Art,OFF-AR-10001177,10.0,10.0,2,2,1225
5499,2023-10-29,Second Class,Consumer,Office Supplies,Labels,OFF-LA-10000634,10.0,10.0,3,5,186
5500,2022-08-17,Second Class,Consumer,Technology,Accessories,TEC-AC-10004708,40.0,40.0,2,3,5044
5501,2023-12-12,Second Class,Consumer,Furniture,Chairs,FUR-CH-10002084,630.0,660.0,6,3,2012
5502,2022-02-23,Second Class,Consumer,Office Supplies,Paper,OFF-PA-10004519,10.0,10.0,2,3,2869
5503,2022-09-26,Standard Class,Corporate,Furniture,Furnishings,FUR-FU-10001847,10.0,10.0,1,3,209
5504,2023-05-26,Standard Class,Corporate,Office Supplies,Appliances,OFF-AP-10001962,20.0,20.0,3,3,137
5505,2022-06-15,Standard Class,Corporate,Office Supplies,Envelopes,OFF-EN-10003845,10.0,10.0,3,3,2352
5506,2023-01-09,Standard Class,Corporate,Technology,Phones,TEC-PH-10001817,800.0,860.0,4,3,1924
5507,2022-06-25,Same Day,Consumer,Office Supplies,Paper,OFF-PA-10000167,50.0,60.0,2,5,5054
5508,2023-05-28,Standard Class,Consumer,Office Supplies,Envelopes,OFF-EN-10002973,20.0,20.0,4,3,2352
5509,2023-03-12,Standard Class,Consumer,Furniture,Furnishings,FUR-FU-10001588,130.0,150.0,5,4,1468
5510,2023-05-03,Standard Class,Consumer,Office Supplies,Paper,OFF-PA-10001736,50.0,60.0,2,3,886
5511,2022-10-16,Standard Class,Consumer,Technology,Phones,TEC-PH-10002185,10.0,10.0,2,3,4383
5512,2022-01-15,Standard Class,Consumer,Office Supplies,Paper,OFF-PA-10000174,30.0,30.0,4,5,3416
5513,2023-01-18,Standard Class,Consumer,Office Supplies,Paper,OFF-PA-10000069,20.0,20.0,3,3,1928
5514,2023-07-27,First Class,Consumer,Technology,Phones,TEC-PH-10001795,200.0,240.0,3,5,1455
5515,2023-05-02,First Class,Consumer,Office Supplies,Appliances,OFF-AP-10004540,150.0,160.0,2,2,2770
5516,2022-08-23,First Class,Consumer,Technology,Phones,TEC-PH-10001527,110.0,130.0,3,5,607
5517,2022-06-21,Second Class,Corporate,Technology,Accessories,TEC-AC-10003870,1080.0,1320.0,4,4,4040
5518,2022-09-01,Standard Class,Corporate,Furniture,Chairs,FUR-CH-10004540,190.0,240.0,10,2,2881
5519,2022-07-11,Standard Class,Corporate,Furniture,Furnishings,FUR-FU-10004093,50.0,50.0,2,2,858
5520,2022-09-20,Standard Class,Corporate,Office Supplies,Art,OFF-AR-10000716,10.0,10.0,3,4,2160
5521,2022-11-04,Standard Class,Corporate,Office Supplies,Paper,OFF-PA-10002709,20.0,20.0,5,2,4867
5522,2022-03-19,Standard Class,Corporate,Technology,Accessories,TEC-AC-10000580,210.0,260.0,4,4,1575
5523,2023-05-08,First Class,Consumer,Office Supplies,Binders,OFF-BI-10000829,20.0,20.0,6,2,1579
5524,2023-02-14,First Class,Consumer,Office Supplies,Appliances,OFF-AP-10004859,50.0,60.0,4,2,820
5525,2023-01-25,First Class,Home Office,Office Supplies,Paper,OFF-PA-10000575,70.0,80.0,12,3,4098
5526,2023-03-09,Standard Class,Corporate,Office Supplies,Art,OFF-AR-10002804,10.0,10.0,2,3,4671
5527,2022-07-23,Standard Class,Home Office,Office Supplies,Fasteners,OFF-FA-10002676,10.0,10.0,1,2,4481
5528,2023-06-23,First Class,Home Office,Office Supplies,Paper,OFF-PA-10003465,40.0,40.0,2,4,1824
5529,2023-01-23,Standard Class,Corporate,Technology,Phones,TEC-PH-10000011,70.0,80.0,5,4,525
5530,2023-06-30,Standard Class,Corporate,Office Supplies,Paper,OFF-PA-10004381,110.0,120.0,3,3,3711
5531,2023-05-18,Standard Class,Consumer,Technology,Phones,TEC-PH-10001795,2210.0,2480.0,4,3,556
5532,2022-02-27,First Class,Consumer,Technology,Accessories,TEC-AC-10001109,160.0,180.0,6,3,1117
5533,2023-07-25,First Class,Consumer,Technology,Accessories,TEC-AC-10003038,30.0,30.0,3,5,3247
5534,2022-02-22,First Class,Consumer,Technology,Accessories,TEC-AC-10003174,260.0,320.0,3,3,1365
5535,2023-10-26,First Class,Consumer,Office Supplies,Paper,OFF-PA-10000157,60.0,60.0,3,5,2258
5536,2022-04-26,First Class,Consumer,Office Supplies,Binders,OFF-BI-10001721,50.0,60.0,3,2,3448
5537,2022-05-08,First Class,Consumer,Office Supplies,Binders,OFF-BI-10000591,10.0,10.0,3,5,4314
5538,2023-07-13,First Class,Consumer,Office Supplies,Paper,OFF-PA-10001534,10.0,10.0,2,4,3875
5539,2023-01-17,Standard Class,Consumer,Office Supplies,Binders,OFF-BI-10002071,20.0,20.0,3,4,2535
5540,2023-07-21,Standard Class,Consumer,Furniture,Chairs,FUR-CH-10000513,150.0,180.0,2,2,416
5541,2022-06-25,Standard Class,Consumer,Office Supplies,Binders,OFF-BI-10003274,20.0,20.0,2,5,4728
5542,2022-12-04,Standard Class,Consumer,Office Supplies,Supplies,OFF-SU-10000381,20.0,20.0,3,2,2279
5543,2022-09-03,Standard Class,Corporate,Furniture,Tables,FUR-TA-10001086,430.0,460.0,6,5,4267
5544,2023-11-07,Standard Class,Corporate,Office Supplies,Binders,OFF-BI-10000174,10.0,10.0,6,5,4384
5545,2022-03-10,Standard Class,Corporate,Office Supplies,Binders,OFF-BI-10002103,10.0,10.0,2,4,223
5546,2022-10-11,Standard Class,Home Office,Office Supplies,Storage,OFF-ST-10001590,60.0,70.0,5,5,3552
5547,2022-01-27,First Class,Consumer,Furniture,Furnishings,FUR-FU-10002396,30.0,30.0,2,4,159
5548,2022-11-07,First Class,Consumer,Technology,Phones,TEC-PH-10002807,110.0,130.0,4,3,4291
5549,2023-08-22,First Class,Consumer,Office Supplies,Appliances,OFF-AP-10004859,40.0,40.0,3,3,506
5550,2023-01-06,First Class,Consumer,Technology,Accessories,TEC-AC-10003447,120.0,140.0,7,5,1323
5551,2022-09-09,Standard Class,Corporate,Office Supplies,Art,OFF-AR-10003183,10.0,10.0,1,5,957
5552,2023-05-23,Standard Class,Corporate,Office Supplies,Supplies,OFF-SU-10000432,20.0,20.0,6,4,4364
5553,2023-05-22,Standard Class,Corporate,Technology,Accessories,TEC-AC-10003832,70.0,80.0,3,2,2307
5554,2023-12-02,Standard Class,Corporate,Office Supplies,Paper,OFF-PA-10004100,30.0,40.0,7,5,4908
5555,2023-09-27,Standard Class,Corporate,Furniture,Bookcases,FUR-BO-10004467,60.0,70.0,1,4,2583
5556,2023-11-13,Second Class,Corporate,Furniture,Furnishings,FUR-FU-10002963,10.0,10.0,2,4,4341
5557,2023-09-08,Standard Class,Corporate,Furniture,Furnishings,FUR-FU-10003829,10.0,10.0,2,5,1408
5558,2023-06-22,Standard Class,Corporate,Office Supplies,Art,OFF-AR-10003582,60.0,60.0,2,5,1457
5559,2022-08-12,Standard Class,Consumer,Office Supplies,Paper,OFF-PA-10000048,10.0,10.0,1,3,3369
5560,2023-02-17,Standard Class,Consumer,Office Supplies,Storage,OFF-ST-10000078,1090.0,1330.0,5,3,3338
5561,2023-02-10,Standard Class,Consumer,Office Supplies,Labels,OFF-LA-10004853,10.0,10.0,3,2,1465
5562,2023-08-28,Second Class,Corporate,Office Supplies,Binders,OFF-BI-10001153,20.0,30.0,1,2,3447
5563,2022-12-12,Second Class,Corporate,Technology,Copiers,TEC-CO-10001449,2460.0,3000.0,5,4,4701
5564,2023-11-23,Second Class,Corporate,Office Supplies,Binders,OFF-BI-10000474,60.0,60.0,4,4,1996
5565,2023-03-24,Same Day,Home Office,Office Supplies,Art,OFF-AR-10000799,20.0,20.0,4,4,1518
5566,2022-05-17,Same Day,Home Office,Technology,Machines,TEC-MA-10002109,170.0,210.0,2,3,4396
5567,2022-02-06,Same Day,Home Office,Office Supplies,Art,OFF-AR-10003338,30.0,30.0,5,2,131
5568,2023-05-16,Same Day,Home Office,Furniture,Chairs,FUR-CH-10003606,80.0,90.0,1,5,23
5569,2023-11-01,Same Day,Home Office,Technology,Copiers,TEC-CO-10001449,830.0,960.0,2,5,2453
5570,2022-12-17,Same Day,Home Office,Office Supplies,Paper,OFF-PA-10001934,20.0,20.0,3,2,2370
5571,2023-10-17,Same Day,Home Office,Technology,Phones,TEC-PH-10001527,30.0,30.0,1,2,1243
5572,2023-09-06,Standard Class,Corporate,Office Supplies,Paper,OFF-PA-10001033,90.0,100.0,3,3,2650
5573,2022-10-24,Standard Class,Corporate,Office Supplies,Binders,OFF-BI-10003719,30.0,30.0,4,4,564
5574,2022-02-08,Standard Class,Corporate,Office Supplies,Paper,OFF-PA-10003036,20.0,20.0,3,4,1397
5575,2022-12-29,Standard Class,Corporate,Technology,Phones,TEC-PH-10001870,40.0,40.0,1,4,4222
5576,2023-10-31,Standard Class,Corporate,Technology,Phones,TEC-PH-10001809,170.0,180.0,2,2,1617
5577,2022-04-26,Standard Class,Consumer,Furniture,Furnishings,FUR-FU-10004864,320.0,380.0,6,3,2997
5578,2022-04-16,Standard Class,Consumer,Office Supplies,Appliances,OFF-AP-10002350,50.0,60.0,3,3,2100
5579,2022-05-11,Second Class,Consumer,Office Supplies,Art,OFF-AR-10003829,10.0,10.0,2,2,3193
5580,2022-07-08,Second Class,Consumer,Furniture,Chairs,FUR-CH-10003833,220.0,240.0,5,4,127
5581,2023-07-22,Second Class,Consumer,Office Supplies,Paper,OFF-PA-10000143,50.0,50.0,9,5,4826
5582,2022-11-04,Standard Class,Home Office,Furniture,Furnishings,FUR-FU-10000076,20.0,20.0,1,3,225
5583,2023-02-16,Standard Class,Home Office,Office Supplies,Art,OFF-AR-10000462,10.0,10.0,5,2,3065
5584,2022-05-06,Second Class,Consumer,Furniture,Furnishings,FUR-FU-10003829,10.0,10.0,2,3,370
5585,2023-02-05,Standard Class,Home Office,Office Supplies,Storage,OFF-ST-10002182,60.0,80.0,4,3,839
5586,2022-10-14,Standard Class,Home Office,Technology,Phones,TEC-PH-10001468,450.0,550.0,3,5,2739
5587,2023-10-13,Standard Class,Home Office,Office Supplies,Storage,OFF-ST-10001809,220.0,270.0,3,5,2869
5588,2022-01-06,First Class,Consumer,Office Supplies,Fasteners,OFF-FA-10001561,10.0,10.0,5,2,3475
5589,2023-03-05,Standard Class,Home Office,Office Supplies,Binders,OFF-BI-10001759,10.0,10.0,2,3,1402
5590,2023-04-21,Second Class,Consumer,Office Supplies,Storage,OFF-ST-10000615,20.0,30.0,3,2,4368
5591,2022-01-13,Second Class,Consumer,Office Supplies,Storage,OFF-ST-10003816,300.0,350.0,2,3,1059
5592,2023-03-14,Second Class,Corporate,Furniture,Chairs,FUR-CH-10002880,220.0,250.0,2,5,100
5593,2022-03-05,Second Class,Corporate,Office Supplies,Binders,OFF-BI-10004738,20.0,20.0,1,2,272
5594,2023-10-12,Standard Class,Consumer,Office Supplies,Binders,OFF-BI-10003984,50.0,60.0,7,3,3394
5595,2023-08-23,Same Day,Corporate,Technology,Phones,TEC-PH-10000984,320.0,390.0,2,3,2521
5596,2023-07-24,Same Day,Corporate,Technology,Phones,TEC-PH-10001944,390.0,440.0,3,3,3142
5597,2023-04-24,Standard Class,Consumer,Office Supplies,Binders,OFF-BI-10002735,70.0,70.0,2,4,2086
5598,2023-08-14,Standard Class,Consumer,Office Supplies,Supplies,OFF-SU-10001165,30.0,30.0,3,2,2774
5599,2022-04-04,Standard Class,Consumer,Office Supplies,Art,OFF-AR-10000614,10.0,10.0,3,4,196
5600,2023-04-02,Same Day,Consumer,Office Supplies,Art,OFF-AR-10004010,60.0,60.0,2,4,2981
5601,2022-04-28,Same Day,Consumer,Office Supplies,Envelopes,OFF-EN-10004030,10.0,10.0,5,5,2253
5602,2022-11-03,Same Day,Consumer,Technology,Accessories,TEC-AC-10003023,130.0,140.0,3,2,1479
5603,2022-04-04,Second Class,Corporate,Office Supplies,Storage,OFF-ST-10003572,10.0,10.0,1,2,3074
5604,2022-07-18,Second Class,Corporate,Office Supplies,Paper,OFF-PA-10004353,70.0,80.0,5,4,3189
5605,2022-09-12,Standard Class,Corporate,Office Supplies,Binders,OFF-BI-10003718,510.0,590.0,6,2,4042
5606,2022-03-25,Standard Class,Corporate,Furniture,Furnishings,FUR-FU-10001546,20.0,20.0,2,2,4762
5607,2023-06-29,Standard Class,Corporate,Furniture,Chairs,FUR-CH-10002880,90.0,100.0,1,5,1698
5608,2023-12-22,Standard Class,Consumer,Office Supplies,Art,OFF-AR-10001547,10.0,10.0,5,5,4381
5609,2023-07-24,Standard Class,Consumer,Office Supplies,Appliances,OFF-AP-10001626,10.0,10.0,2,4,2609
5610,2022-07-29,Standard Class,Consumer,Technology,Accessories,TEC-AC-10003033,620.0,660.0,2,4,2385
5611,2023-02-17,First Class,Consumer,Technology,Accessories,TEC-AC-10002323,40.0,50.0,3,5,1843
5612,2022-05-11,Standard Class,Corporate,Technology,Accessories,TEC-AC-10002049,720.0,840.0,2,5,3168
5613,2022-04-30,Standard Class,Corporate,Technology,Accessories,TEC-AC-10002253,1400.0,1500.0,9,4,1980
5614,2022-09-01,Standard Class,Consumer,Office Supplies,Storage,OFF-ST-10003994,110.0,120.0,2,5,3615
5615,2023-06-28,Standard Class,Corporate,Office Supplies,Art,OFF-AR-10002399,20.0,20.0,5,2,61
5616,2022-03-16,Standard Class,Corporate,Office Supplies,Appliances,OFF-AP-10002118,900.0,1040.0,5,2,1938
5617,2022-02-09,Standard Class,Corporate,Office Supplies,Art,OFF-AR-10001954,20.0,30.0,6,4,1537
5618,2022-04-10,Standard Class,Corporate,Furniture,Furnishings,FUR-FU-10001591,20.0,20.0,2,5,2367
5619,2022-06-28,First Class,Consumer,Office Supplies,Storage,OFF-ST-10004186,400.0,440.0,4,4,1479
5620,2022-09-05,Standard Class,Corporate,Technology,Accessories,TEC-AC-10001908,430.0,500.0,5,3,3650
5621,2023-12-21,Standard Class,Corporate,Office Supplies,Art,OFF-AR-10000817,10.0,10.0,1,2,3719
5622,2022-12-10,Standard Class,Corporate,Furniture,Chairs,FUR-CH-10004218,180.0,200.0,2,5,3188
5623,2023-03-08,Standard Class,Corporate,Furniture,Furnishings,FUR-FU-10000755,60.0,70.0,11,3,618
5624,2023-03-08,Second Class,Corporate,Technology,Accessories,TEC-AC-10003063,90.0,100.0,4,4,548
5625,2022-12-18,Second Class,Corporate,Technology,Accessories,TEC-AC-10002637,310.0,360.0,2,2,715
5626,2023-02-25,Second Class,Home Office,Furniture,Furnishings,FUR-FU-10001706,10.0,10.0,2,3,174
5627,2023-08-10,Second Class,Home Office,Furniture,Tables,FUR-TA-10002958,2120.0,2350.0,9,2,4834
5628,2023-02-14,Standard Class,Corporate,Office Supplies,Labels,OFF-LA-10004689,10.0,10.0,6,4,1426
5629,2023-09-05,Standard Class,Corporate,Furniture,Chairs,FUR-CH-10001545,260.0,270.0,3,3,2123
5630,2023-08-01,Second Class,Home Office,Furniture,Tables,FUR-TA-10002530,700.0,820.0,9,3,4139
5631,2022-11-26,Standard Class,Consumer,Technology,Accessories,TEC-AC-10001432,200.0,230.0,3,5,4558
5632,2022-06-09,Standard Class,Consumer,Furniture,Tables,FUR-TA-10003715,1020.0,1260.0,6,3,2085
5633,2023-10-27,Standard Class,Consumer,Office Supplies,Binders,OFF-BI-10003291,20.0,20.0,2,5,49
5634,2023-05-09,Second Class,Home Office,Office Supplies,Binders,OFF-BI-10004187,10.0,10.0,7,4,466
5635,2023-03-29,First Class,Home Office,Office Supplies,Binders,OFF-BI-10000666,130.0,150.0,5,3,3897
5636,2022-09-06,Standard Class,Home Office,Office Supplies,Binders,OFF-BI-10002225,70.0,80.0,5,5,3732
5637,2022-05-08,Standard Class,Home Office,Technology,Accessories,TEC-AC-10000474,230.0,280.0,3,3,3014
5638,2022-12-25,Standard Class,Corporate,Furniture,Furnishings,FUR-FU-10004245,60.0,60.0,3,5,68
5639,2023-12-23,Standard Class,Consumer,Furniture,Chairs,FUR-CH-10004287,1180.0,1330.0,6,5,1219
5640,2022-05-02,Standard Class,Consumer,Furniture,Chairs,FUR-CH-10000595,540.0,570.0,3,4,3167
5641,2022-11-28,Standard Class,Home Office,Office Supplies,Paper,OFF-PA-10003063,30.0,30.0,9,2,2961
5642,2023-11-02,First Class,Home Office,Office Supplies,Art,OFF-AR-10000246,10.0,10.0,4,5,1657
5643,2022-05-19,Second Class,Home Office,Furniture,Furnishings,FUR-FU-10003274,10.0,10.0,4,2,2904
5644,2023-08-10,Second Class,Corporate,Office Supplies,Envelopes,OFF-EN-10004147,20.0,20.0,3,4,4068
5645,2022-02-17,First Class,Home Office,Office Supplies,Binders,OFF-BI-10002103,20.0,30.0,5,5,209
5646,2023-09-29,Standard Class,Corporate,Furniture,Furnishings,FUR-FU-10004018,60.0,70.0,5,5,1628
5647,2023-08-25,Standard Class,Corporate,Furniture,Furnishings,FUR-FU-10001473,170.0,190.0,14,2,298
5648,2023-05-22,Standard Class,Consumer,Office Supplies,Paper,OFF-PA-10001800,20.0,20.0,3,5,2385
5649,2023-03-21,Second Class,Corporate,Office Supplies,Paper,OFF-PA-10004609,30.0,30.0,5,3,2093
5650,2023-03-25,Second Class,Corporate,Office Supplies,Envelopes,OFF-EN-10002592,50.0,60.0,5,5,527
5651,2023-07-29,Second Class,Corporate,Office Supplies,Storage,OFF-ST-10002957,10.0,10.0,2,5,4943
5652,2022-01-18,Second Class,Corporate,Furniture,Bookcases,FUR-BO-10002613,1070.0,1190.0,5,2,3401
5653,2023-06-23,Standard Class,Corporate,Office Supplies,Paper,OFF-PA-10001033,40.0,40.0,1,3,3131
5654,2023-05-01,Standard Class,Corporate,Office Supplies,Art,OFF-AR-10000940,10.0,10.0,1,5,2520
5655,2023-06-22,First Class,Home Office,Office Supplies,Binders,OFF-BI-10001670,40.0,50.0,4,5,1020
5656,2023-02-09,First Class,Home Office,Office Supplies,Art,OFF-AR-10004078,20.0,20.0,4,5,158
5657,2023-07-31,First Class,Home Office,Office Supplies,Paper,OFF-PA-10003036,10.0,10.0,2,4,554
5658,2022-09-07,First Class,Home Office,Technology,Accessories,TEC-AC-10000991,90.0,110.0,3,2,1390
5659,2023-04-13,First Class,Home Office,Furniture,Tables,FUR-TA-10002530,310.0,380.0,5,3,3860
5660,2023-09-28,First Class,Home Office,Office Supplies,Labels,OFF-LA-10000407,20.0,20.0,4,4,578
5661,2022-02-11,First Class,Home Office,Technology,Phones,TEC-PH-10004833,30.0,30.0,3,5,2901
5662,2022-05-30,Standard Class,Home Office,Furniture,Furnishings,FUR-FU-10002671,20.0,20.0,2,3,1591
5663,2022-05-23,Standard Class,Home Office,Office Supplies,Storage,OFF-ST-10001370,460.0,510.0,9,4,1202
5664,2022-12-26,Same Day,Corporate,Office Supplies,Art,OFF-AR-10000914,20.0,20.0,2,4,2157
5665,2022-02-25,Same Day,Corporate,Office Supplies,Binders,OFF-BI-10001116,10.0,10.0,7,4,2340
5666,2023-10-07,Same Day,Corporate,Office Supplies,Storage,OFF-ST-10002276,60.0,70.0,1,2,3639
5667,2022-10-20,Same Day,Corporate,Office Supplies,Storage,OFF-ST-10004340,80.0,100.0,2,2,4627
5668,2022-06-03,Standard Class,Consumer,Office Supplies,Labels,OFF-LA-10004093,10.0,10.0,2,2,1000
5669,2023-11-04,Standard Class,Consumer,Office Supplies,Binders,OFF-BI-10004728,50.0,50.0,14,3,3072
5670,2022-05-23,Standard Class,Consumer,Technology,Accessories,TEC-AC-10003095,330.0,390.0,3,4,3734
5671,2023-10-16,Second Class,Consumer,Furniture,Furnishings,FUR-FU-10003192,310.0,360.0,4,2,3135
5672,2022-08-10,Second Class,Consumer,Technology,Phones,TEC-PH-10004522,120.0,140.0,3,2,4378
5673,2022-06-06,Standard Class,Corporate,Office Supplies,Envelopes,OFF-EN-10003068,20.0,20.0,2,4,5050
5674,2023-03-09,Standard Class,Corporate,Office Supplies,Paper,OFF-PA-10001204,10.0,10.0,2,4,1945
5675,2022-04-15,Standard Class,Consumer,Office Supplies,Paper,OFF-PA-10003953,10.0,10.0,2,5,2767
5676,2023-12-15,Standard Class,Corporate,Technology,Phones,TEC-PH-10001552,50.0,60.0,6,5,230
5677,2022-11-05,Standard Class,Corporate,Technology,Accessories,TEC-AC-10004877,30.0,30.0,4,4,2868
5678,2022-04-27,Standard Class,Consumer,Furniture,Furnishings,FUR-FU-10000193,40.0,40.0,3,4,4521
5679,2023-03-21,Standard Class,Home Office,Office Supplies,Fasteners,OFF-FA-10000735,20.0,20.0,7,2,1231
5680,2023-09-02,Standard Class,Home Office,Office Supplies,Paper,OFF-PA-10002120,90.0,110.0,2,4,41
5681,2022-10-21,Standard Class,Consumer,Office Supplies,Binders,OFF-BI-10001249,10.0,10.0,1,3,3365
5682,2023-02-10,Standard Class,Consumer,Office Supplies,Paper,OFF-PA-10001569,10.0,10.0,1,5,300
5683,2022-04-30,Standard Class,Consumer,Office Supplies,Paper,OFF-PA-10004248,20.0,20.0,3,4,3246
5684,2022-06-09,Standard Class,Consumer,Technology,Phones,TEC-PH-10001128,1000.0,1050.0,7,3,4433
5685,2022-07-11,Standard Class,Consumer,Office Supplies,Appliances,OFF-AP-10003842,140.0,150.0,5,4,1879
5686,2023-02-15,Same Day,Consumer,Office Supplies,Binders,OFF-BI-10002794,100.0,100.0,3,3,2102
5687,2022-06-22,Same Day,Consumer,Office Supplies,Fasteners,OFF-FA-10000621,10.0,10.0,5,4,3761
5688,2023-06-04,Same Day,Consumer,Furniture,Furnishings,FUR-FU-10003623,110.0,130.0,6,3,3441
5689,2022-08-17,Same Day,Consumer,Office Supplies,Envelopes,OFF-EN-10000781,50.0,50.0,7,3,2213
5690,2023-11-25,Standard Class,Home Office,Furniture,Chairs,FUR-CH-10002044,240.0,280.0,3,5,3820
5691,2022-01-15,Standard Class,Corporate,Office Supplies,Art,OFF-AR-10000817,30.0,30.0,9,4,1279
5692,2022-10-13,Standard Class,Corporate,Office Supplies,Paper,OFF-PA-10001509,40.0,40.0,5,3,2978
5693,2022-04-14,Standard Class,Corporate,Technology,Phones,TEC-PH-10004667,120.0,130.0,1,4,2747
5694,2022-01-22,Standard Class,Corporate,Office Supplies,Paper,OFF-PA-10000143,30.0,30.0,5,4,2740
5695,2022-09-03,Standard Class,Corporate,Furniture,Chairs,FUR-CH-10000785,500.0,540.0,3,2,730
5696,2022-03-13,Second Class,Consumer,Furniture,Tables,FUR-TA-10001676,60.0,70.0,2,3,957
5697,2022-08-28,Standard Class,Home Office,Office Supplies,Binders,OFF-BI-10000309,30.0,30.0,9,4,564
5698,2022-08-22,Standard Class,Home Office,Office Supplies,Binders,OFF-BI-10004224,10.0,10.0,1,5,2869
5699,2022-03-09,Same Day,Consumer,Office Supplies,Labels,OFF-LA-10002312,10.0,10.0,1,3,3510
5700,2023-08-04,Standard Class,Consumer,Office Supplies,Paper,OFF-PA-10003022,30.0,40.0,6,5,4315
5701,2023-01-22,First Class,Home Office,Office Supplies,Envelopes,OFF-EN-10001532,30.0,40.0,3,5,4222
5702,2023-04-04,First Class,Home Office,Technology,Accessories,TEC-AC-10004855,120.0,140.0,5,5,3154
5703,2022-01-18,Standard Class,Consumer,Office Supplies,Art,OFF-AR-10003829,10.0,10.0,1,3,2229
5704,2022-08-13,Standard Class,Consumer,Furniture,Tables,FUR-TA-10002645,120.0,140.0,1,4,4498
5705,2023-04-27,Standard Class,Consumer,Technology,Accessories,TEC-AC-10003033,210.0,260.0,1,2,4137
5706,2022-10-23,Standard Class,Consumer,Office Supplies,Supplies,OFF-SU-10002522,10.0,10.0,3,4,2858
5707,2022-04-20,Second Class,Corporate,Office Supplies,Binders,OFF-BI-10004828,40.0,40.0,3,4,2362
5708,2022-04-26,Standard Class,Consumer,Furniture,Furnishings,FUR-FU-10001095,60.0,80.0,3,4,5077
5709,2023-11-28,Standard Class,Consumer,Office Supplies,Supplies,OFF-SU-10000157,290.0,360.0,3,5,1704
5710,2022-03-16,Standard Class,Consumer,Furniture,Chairs,FUR-CH-10002647,110.0,130.0,2,2,1019
5711,2023-06-22,Standard Class,Consumer,Technology,Copiers,TEC-CO-10004115,2270.0,2800.0,7,4,360
5712,2022-01-02,Standard Class,Consumer,Office Supplies,Paper,OFF-PA-10003363,20.0,20.0,3,4,3249
5713,2023-01-23,Same Day,Consumer,Technology,Phones,TEC-PH-10003092,30.0,40.0,1,5,3175
5714,2022-11-03,Standard Class,Home Office,Technology,Phones,TEC-PH-10003655,10.0,10.0,3,3,1598
5715,2023-02-23,Standard Class,Consumer,Office Supplies,Storage,OFF-ST-10001476,150.0,180.0,5,2,881
5716,2023-07-29,Second Class,Corporate,Technology,Accessories,TEC-AC-10002049,560.0,620.0,5,5,4552
5717,2023-06-24,Second Class,Corporate,Technology,Phones,TEC-PH-10003875,30.0,30.0,3,4,2545
5718,2023-06-20,Second Class,Corporate,Office Supplies,Envelopes,OFF-EN-10003286,60.0,60.0,7,2,1550
5719,2022-03-10,Second Class,Corporate,Office Supplies,Appliances,OFF-AP-10003971,20.0,30.0,3,2,805
5720,2022-07-10,Second Class,Consumer,Office Supplies,Storage,OFF-ST-10001031,70.0,80.0,5,5,3245
5721,2023-07-27,First Class,Corporate,Office Supplies,Fasteners,OFF-FA-10000304,10.0,10.0,5,2,3774
5722,2023-03-07,First Class,Corporate,Technology,Accessories,TEC-AC-10000358,80.0,90.0,3,3,4267
5723,2023-01-05,First Class,Corporate,Technology,Accessories,TEC-AC-10002800,130.0,160.0,4,3,1872
5724,2022-05-24,Standard Class,Corporate,Office Supplies,Paper,OFF-PA-10004735,10.0,10.0,2,5,256
5725,2022-01-25,Standard Class,Corporate,Office Supplies,Storage,OFF-ST-10002574,310.0,330.0,3,2,4123
5726,2023-08-19,First Class,Corporate,Technology,Accessories,TEC-AC-10004171,830.0,900.0,9,5,2262
5727,2022-07-04,Standard Class,Corporate,Technology,Phones,TEC-PH-10002922,770.0,950.0,7,5,2582
5728,2023-12-20,Standard Class,Consumer,Technology,Accessories,TEC-AC-10003023,160.0,180.0,3,2,2495
5729,2022-02-12,Standard Class,Consumer,Office Supplies,Appliances,OFF-AP-10003590,920.0,1090.0,3,2,4555
5730,2022-10-07,Standard Class,Consumer,Office Supplies,Labels,OFF-LA-10003510,50.0,60.0,2,2,3270
5731,2022-08-26,Standard Class,Consumer,Furniture,Bookcases,FUR-BO-10003159,420.0,460.0,4,2,1328
5732,2022-02-15,Standard Class,Consumer,Office Supplies,Paper,OFF-PA-10002713,30.0,30.0,4,4,3674
5733,2022-11-24,First Class,Corporate,Furniture,Bookcases,FUR-BO-10002598,590.0,640.0,9,2,3103
5734,2023-08-01,First Class,Corporate,Office Supplies,Supplies,OFF-SU-10002537,20.0,30.0,3,4,3498
5735,2023-04-10,First Class,Corporate,Furniture,Furnishings,FUR-FU-10003976,20.0,30.0,2,2,840
5736,2022-08-21,Standard Class,Consumer,Office Supplies,Binders,OFF-BI-10000174,10.0,10.0,3,3,3840
5737,2022-12-25,Standard Class,Consumer,Office Supplies,Paper,OFF-PA-10002893,20.0,20.0,2,3,5096
5738,2023-06-24,Standard Class,Consumer,Furniture,Furnishings,FUR-FU-10003194,20.0,20.0,2,3,3265
5739,2022-01-02,Standard Class,Consumer,Office Supplies,Binders,OFF-BI-10004233,30.0,40.0,3,5,351
5740,2022-10-09,First Class,Corporate,Office Supplies,Paper,OFF-PA-10000232,10.0,10.0,2,4,4663
5741,2022-10-19,First Class,Corporate,Furniture,Furnishings,FUR-FU-10001095,30.0,30.0,1,4,1838
5742,2023-06-30,First Class,Corporate,Technology,Machines,TEC-MA-10004679,490.0,530.0,2,4,880
5743,2022-08-20,First Class,Corporate,Office Supplies,Paper,OFF-PA-10003651,30.0,30.0,4,4,4189
5744,2022-04-15,First Class,Corporate,Office Supplies,Paper,OFF-PA-10000743,20.0,20.0,3,2,4820
5745,2023-04-01,First Class,Corporate,Office Supplies,Storage,OFF-ST-10002743,710.0,800.0,7,4,2433
5746,2022-05-29,First Class,Corporate,Furniture,Furnishings,FUR-FU-10003829,20.0,20.0,7,4,2540
5747,2023-09-08,Standard Class,Consumer,Technology,Phones,TEC-PH-10002496,230.0,250.0,2,5,1883
5748,2022-01-04,Standard Class,Consumer,Technology,Accessories,TEC-AC-10002473,60.0,70.0,3,3,1894
5749,2022-06-20,Standard Class,Consumer,Technology,Accessories,TEC-AC-10004877,20.0,20.0,3,3,1763
5750,2022-02-03,Standard Class,Consumer,Technology,Phones,TEC-PH-10000923,60.0,70.0,5,4,3192
5751,2022-12-17,Standard Class,Consumer,Furniture,Tables,FUR-TA-10001539,320.0,360.0,3,3,3711
5752,2023-06-22,Standard Class,Consumer,Office Supplies,Labels,OFF-LA-10003498,40.0,40.0,3,2,2273
5753,2023-07-22,Standard Class,Consumer,Office Supplies,Labels,OFF-LA-10004484,20.0,20.0,5,4,4309
5754,2023-03-12,Standard Class,Consumer,Furniture,Chairs,FUR-CH-10000015,740.0,870.0,4,2,4660
5755,2022-04-20,Second Class,Consumer,Office Supplies,Art,OFF-AR-10003732,10.0,10.0,2,3,554
5756,2023-04-23,Standard Class,Consumer,Office Supplies,Appliances,OFF-AP-10004052,15.0,15.0,4,4,3535
5757,2023-07-09,Standard Class,Consumer,Technology,Copiers,TEC-CO-10002095,1740.0,2000.0,5,3,4158
5758,2023-06-27,Standard Class,Consumer,Furniture,Furnishings,FUR-FU-10004270,40.0,50.0,3,2,2941
5759,2023-01-13,First Class,Consumer,Technology,Machines,TEC-MA-10000423,30.0,30.0,3,4,3774
5760,2023-05-05,Same Day,Home Office,Office Supplies,Storage,OFF-ST-10001526,450.0,480.0,4,3,1147
5761,2023-07-22,Same Day,Home Office,Office Supplies,Binders,OFF-BI-10002194,10.0,10.0,1,2,3473
5762,2022-04-27,First Class,Consumer,Office Supplies,Appliances,OFF-AP-10000828,480.0,540.0,3,2,4316
5763,2023-11-25,First Class,Consumer,Furniture,Furnishings,FUR-FU-10001473,50.0,50.0,4,4,5005
5764,2023-11-26,First Class,Corporate,Furniture,Chairs,FUR-CH-10004983,1200.0,1450.0,10,4,4329
5765,2023-12-16,Second Class,Consumer,Office Supplies,Storage,OFF-ST-10003994,300.0,350.0,6,4,1560
5766,2023-04-04,Standard Class,Consumer,Technology,Phones,TEC-PH-10004447,310.0,330.0,3,4,1518
5767,2023-07-16,Standard Class,Home Office,Office Supplies,Labels,OFF-LA-10004545,50.0,60.0,6,5,1964
5768,2023-10-30,Second Class,Corporate,Technology,Accessories,TEC-AC-10003116,80.0,90.0,6,3,770
5769,2022-09-07,Standard Class,Consumer,Office Supplies,Labels,OFF-LA-10001641,10.0,10.0,1,2,3062
5770,2023-09-13,Standard Class,Consumer,Office Supplies,Paper,OFF-PA-10002377,20.0,20.0,4,5,3885
5771,2022-04-29,Standard Class,Corporate,Furniture,Furnishings,FUR-FU-10000010,10.0,10.0,3,2,1904
5772,2023-02-15,Standard Class,Corporate,Office Supplies,Appliances,OFF-AP-10002651,950.0,1160.0,4,4,1941
5773,2022-03-27,Standard Class,Corporate,Technology,Copiers,TEC-CO-10002313,550.0,600.0,1,4,1846
5774,2023-07-16,Standard Class,Consumer,Office Supplies,Storage,OFF-ST-10001580,20.0,20.0,2,3,132
5775,2022-04-20,Standard Class,Consumer,Furniture,Chairs,FUR-CH-10001545,580.0,640.0,7,2,867
5776,2022-02-26,Standard Class,Consumer,Office Supplies,Binders,OFF-BI-10004826,10.0,10.0,1,2,3593
5777,2023-11-06,Standard Class,Consumer,Office Supplies,Binders,OFF-BI-10000301,20.0,20.0,3,5,2208
5778,2022-04-13,Standard Class,Consumer,Office Supplies,Paper,OFF-PA-10000994,90.0,100.0,1,3,1535
5779,2023-01-04,Standard Class,Consumer,Office Supplies,Art,OFF-AR-10003156,20.0,30.0,3,2,847
5780,2022-12-22,Standard Class,Consumer,Furniture,Chairs,FUR-CH-10000988,100.0,110.0,1,4,163
5781,2022-05-25,Standard Class,Consumer,Technology,Machines,TEC-MA-10003329,70.0,70.0,3,3,217
5782,2023-09-04,Second Class,Consumer,Office Supplies,Art,OFF-AR-10001547,10.0,10.0,1,4,4941
5783,2023-10-08,Second Class,Consumer,Office Supplies,Envelopes,OFF-EN-10003072,20.0,20.0,4,3,4999
5784,2023-10-20,Second Class,Consumer,Office Supplies,Paper,OFF-PA-10000726,30.0,40.0,4,4,1345
5785,2023-02-18,Standard Class,Consumer,Furniture,Bookcases,FUR-BO-10001972,200.0,220.0,6,3,4870
5786,2022-07-18,Standard Class,Consumer,Office Supplies,Supplies,OFF-SU-10004664,40.0,40.0,6,2,3181
5787,2022-11-11,Standard Class,Consumer,Office Supplies,Binders,OFF-BI-10003676,20.0,20.0,7,4,2925
5788,2022-02-12,Standard Class,Consumer,Office Supplies,Art,OFF-AR-10003727,80.0,100.0,7,2,1282
5789,2023-02-05,Second Class,Corporate,Furniture,Furnishings,FUR-FU-10003829,10.0,10.0,5,2,4221
5790,2022-04-06,Second Class,Corporate,Office Supplies,Binders,OFF-BI-10003712,10.0,10.0,3,4,1395
5791,2023-02-15,First Class,Consumer,Office Supplies,Fasteners,OFF-FA-10002280,40.0,40.0,7,2,312
5792,2023-02-01,First Class,Consumer,Furniture,Chairs,FUR-CH-10002961,70.0,70.0,1,4,3387
5793,2023-07-15,First Class,Consumer,Office Supplies,Appliances,OFF-AP-10002578,90.0,100.0,2,2,4067
5794,2022-09-10,First Class,Consumer,Furniture,Furnishings,FUR-FU-10004848,40.0,50.0,1,3,357
5795,2022-04-06,First Class,Consumer,Office Supplies,Binders,OFF-BI-10003364,50.0,50.0,2,3,361
5796,2022-08-18,Second Class,Consumer,Office Supplies,Storage,OFF-ST-10002615,1300.0,1400.0,9,4,4946
5797,2022-04-25,Second Class,Consumer,Furniture,Furnishings,FUR-FU-10000521,110.0,120.0,4,2,1568
5798,2022-06-12,Second Class,Consumer,Office Supplies,Labels,OFF-LA-10000121,20.0,20.0,3,5,3693
5799,2023-01-03,Second Class,Consumer,Office Supplies,Paper,OFF-PA-10001289,80.0,80.0,2,4,753
5800,2023-03-04,Second Class,Consumer,Furniture,Chairs,FUR-CH-10004495,340.0,420.0,2,5,2008
5801,2023-10-07,First Class,Consumer,Technology,Phones,TEC-PH-10000895,520.0,580.0,4,2,2279
5802,2022-12-21,First Class,Consumer,Office Supplies,Paper,OFF-PA-10000552,10.0,10.0,2,3,1056
5803,2022-01-22,First Class,Consumer,Technology,Phones,TEC-PH-10000376,20.0,20.0,2,5,2442
5804,2023-02-02,Standard Class,Home Office,Office Supplies,Art,OFF-AR-10003504,10.0,10.0,3,5,4974
5805,2023-09-03,Standard Class,Corporate,Office Supplies,Storage,OFF-ST-10000943,50.0,60.0,4,2,5015
5806,2023-03-18,Standard Class,Corporate,Furniture,Bookcases,FUR-BO-10003441,180.0,210.0,3,2,406
5807,2022-06-27,Second Class,Consumer,Office Supplies,Paper,OFF-PA-10002195,10.0,10.0,3,4,2686
5808,2023-02-19,Second Class,Consumer,Office Supplies,Appliances,OFF-AP-10001205,80.0,90.0,2,3,4624
5809,2023-07-04,Second Class,Consumer,Office Supplies,Art,OFF-AR-10002987,20.0,30.0,2,3,2869
5810,2023-04-22,Standard Class,Corporate,Furniture,Furnishings,FUR-FU-10000723,110.0,130.0,4,5,1138
5811,2022-02-11,Standard Class,Corporate,Office Supplies,Paper,OFF-PA-10003127,90.0,110.0,4,4,2951
5812,2022-07-24,Standard Class,Corporate,Furniture,Furnishings,FUR-FU-10000747,80.0,90.0,2,2,2688
5813,2022-11-06,Standard Class,Corporate,Technology,Phones,TEC-PH-10001795,1270.0,1490.0,3,3,3094
5814,2022-01-31,First Class,Home Office,Office Supplies,Paper,OFF-PA-10003797,20.0,20.0,3,2,2502
5815,2023-07-26,First Class,Consumer,Technology,Accessories,TEC-AC-10002718,10.0,10.0,1,3,1929
5816,2022-07-12,Same Day,Consumer,Technology,Phones,TEC-PH-10002170,230.0,280.0,4,3,926
5817,2022-01-02,Same Day,Consumer,Office Supplies,Binders,OFF-BI-10001078,10.0,10.0,3,3,2026
5818,2022-05-21,Same Day,Consumer,Office Supplies,Binders,OFF-BI-10001031,20.0,20.0,4,3,1967
5819,2022-11-24,Same Day,Consumer,Office Supplies,Labels,OFF-LA-10001158,80.0,90.0,9,2,1851
5820,2022-03-09,Same Day,Consumer,Office Supplies,Labels,OFF-LA-10001613,10.0,10.0,4,5,4698
5821,2022-08-11,Standard Class,Corporate,Office Supplies,Supplies,OFF-SU-10000157,200.0,240.0,2,3,3602
5822,2022-10-09,Standard Class,Corporate,Office Supplies,Appliances,OFF-AP-10004868,10.0,10.0,1,2,2533
5823,2023-05-05,Standard Class,Corporate,Furniture,Tables,FUR-TA-10001520,270.0,290.0,5,2,3562
5824,2022-10-11,Standard Class,Corporate,Office Supplies,Binders,OFF-BI-10001900,20.0,20.0,4,2,4989
5825,2022-01-05,Same Day,Consumer,Office Supplies,Appliances,OFF-AP-10003971,20.0,30.0,3,3,2517
5826,2022-04-18,Second Class,Home Office,Office Supplies,Paper,OFF-PA-10000418,340.0,420.0,4,5,4172
5827,2023-01-22,Second Class,Home Office,Furniture,Chairs,FUR-CH-10004626,70.0,90.0,1,5,2189
5828,2022-01-31,Second Class,Home Office,Furniture,Chairs,FUR-CH-10004860,150.0,180.0,2,3,1002
5829,2023-11-03,Second Class,Home Office,Office Supplies,Art,OFF-AR-10003251,10.0,10.0,2,4,785
5830,2022-01-30,Standard Class,Consumer,Furniture,Tables,FUR-TA-10004575,530.0,580.0,2,2,3128
5831,2022-09-02,Standard Class,Consumer,Furniture,Chairs,FUR-CH-10004754,20.0,30.0,1,2,182
5832,2022-01-29,Standard Class,Consumer,Technology,Accessories,TEC-AC-10003095,470.0,520.0,4,5,2942
5833,2023-12-05,Standard Class,Consumer,Office Supplies,Labels,OFF-LA-10000262,10.0,10.0,3,5,2491
5834,2023-12-12,Standard Class,Consumer,Furniture,Chairs,FUR-CH-10002961,330.0,360.0,5,5,2246
5835,2023-01-13,Standard Class,Consumer,Office Supplies,Binders,OFF-BI-10003876,50.0,60.0,5,4,2382
5836,2023-02-16,Standard Class,Consumer,Office Supplies,Binders,OFF-BI-10002133,30.0,40.0,3,4,2801
5837,2022-09-27,Standard Class,Consumer,Technology,Accessories,TEC-AC-10004396,60.0,70.0,5,4,2588
5838,2023-12-27,Standard Class,Consumer,Technology,Phones,TEC-PH-10004100,50.0,60.0,4,3,701
5839,2023-08-30,Standard Class,Consumer,Office Supplies,Storage,OFF-ST-10000636,80.0,80.0,5,2,2057
5840,2023-03-05,Second Class,Home Office,Office Supplies,Paper,OFF-PA-10001972,30.0,30.0,5,2,4896
5841,2022-02-05,Second Class,Home Office,Furniture,Furnishings,FUR-FU-10002554,40.0,50.0,2,2,4542
5842,2023-03-08,Standard Class,Consumer,Technology,Phones,TEC-PH-10003174,340.0,420.0,4,2,1287
5843,2022-07-05,Standard Class,Consumer,Office Supplies,Storage,OFF-ST-10001418,280.0,300.0,5,5,4667
5844,2023-11-08,Standard Class,Consumer,Furniture,Furnishings,FUR-FU-10002813,70.0,80.0,4,5,2775
5845,2023-05-02,Standard Class,Consumer,Office Supplies,Storage,OFF-ST-10000129,650.0,780.0,7,5,798
5846,2022-08-23,Standard Class,Consumer,Office Supplies,Paper,OFF-PA-10001639,30.0,30.0,5,3,603
5847,2022-08-15,Standard Class,Consumer,Furniture,Chairs,FUR-CH-10001708,210.0,230.0,2,5,3322
5848,2023-11-25,Standard Class,Consumer,Furniture,Furnishings,FUR-FU-10001591,40.0,40.0,3,4,1196
5849,2022-05-20,Standard Class,Home Office,Office Supplies,Appliances,OFF-AP-10003849,600.0,720.0,2,2,2530
5850,2023-07-26,Standard Class,Home Office,Office Supplies,Storage,OFF-ST-10000078,680.0,800.0,3,5,1799
5851,2022-05-01,Standard Class,Home Office,Technology,Copiers,TEC-CO-10001571,470.0,550.0,1,5,2312
5852,2023-12-06,Standard Class,Home Office,Office Supplies,Binders,OFF-BI-10001658,60.0,70.0,3,3,2676
5853,2023-07-12,Standard Class,Home Office,Furniture,Furnishings,FUR-FU-10004351,30.0,30.0,3,4,3185
5854,2023-08-17,Standard Class,Home Office,Office Supplies,Binders,OFF-BI-10003314,10.0,10.0,2,5,3699
5855,2023-03-20,Standard Class,Corporate,Office Supplies,Storage,OFF-ST-10001505,30.0,30.0,7,4,750
5856,2022-07-13,Standard Class,Corporate,Office Supplies,Supplies,OFF-SU-10003567,20.0,20.0,3,3,341
5857,2022-03-08,Standard Class,Corporate,Office Supplies,Binders,OFF-BI-10002982,10.0,10.0,1,5,510
5858,2023-11-01,Standard Class,Corporate,Furniture,Furnishings,FUR-FU-10002364,10.0,10.0,5,4,1423
5859,2022-09-21,Second Class,Consumer,Furniture,Bookcases,FUR-BO-10004218,210.0,240.0,2,4,4708
5860,2022-09-20,Standard Class,Consumer,Furniture,Tables,FUR-TA-10002530,260.0,300.0,2,5,3659
5861,2023-09-10,Second Class,Home Office,Office Supplies,Paper,OFF-PA-10001526,10.0,10.0,2,5,1175
5862,2023-04-30,Second Class,Consumer,Office Supplies,Paper,OFF-PA-10001497,100.0,110.0,2,5,308
5863,2022-10-01,Second Class,Consumer,Office Supplies,Paper,OFF-PA-10003936,20.0,20.0,3,2,3449
5864,2023-05-11,Second Class,Consumer,Office Supplies,Art,OFF-AR-10000716,10.0,10.0,2,3,3227
5865,2022-12-16,Second Class,Corporate,Office Supplies,Appliances,OFF-AP-10002765,60.0,80.0,3,3,3276
5866,2022-01-10,Second Class,Corporate,Office Supplies,Art,OFF-AR-10004165,15.0,15.0,2,4,4985
5867,2022-11-19,Second Class,Corporate,Furniture,Chairs,FUR-CH-10002335,1010.0,1130.0,5,4,3361
5868,2022-04-27,Standard Class,Corporate,Office Supplies,Art,OFF-AR-10004078,20.0,20.0,1,3,4509
5869,2022-08-19,Standard Class,Corporate,Office Supplies,Binders,OFF-BI-10002026,80.0,100.0,6,2,312
5870,2023-04-04,Standard Class,Home Office,Furniture,Chairs,FUR-CH-10001215,1380.0,1600.0,4,4,3837
5871,2022-02-01,Same Day,Corporate,Furniture,Tables,FUR-TA-10001771,1190.0,1290.0,7,5,4465
5872,2022-09-23,Standard Class,Consumer,Furniture,Furnishings,FUR-FU-10004006,120.0,130.0,3,3,4658
5873,2022-11-02,Standard Class,Home Office,Office Supplies,Storage,OFF-ST-10003282,50.0,60.0,1,2,4933
5874,2022-12-06,Same Day,Home Office,Office Supplies,Binders,OFF-BI-10002353,90.0,110.0,7,3,2595
5875,2022-08-02,Same Day,Home Office,Office Supplies,Binders,OFF-BI-10004141,10.0,10.0,3,2,2513
5876,2023-04-21,First Class,Home Office,Office Supplies,Art,OFF-AR-10001954,10.0,10.0,3,3,1099
5877,2023-10-03,Standard Class,Home Office,Office Supplies,Binders,OFF-BI-10001071,400.0,450.0,7,4,4977
5878,2022-11-15,Standard Class,Home Office,Office Supplies,Paper,OFF-PA-10003022,20.0,20.0,3,3,477
5879,2023-10-06,Standard Class,Home Office,Office Supplies,Appliances,OFF-AP-10001293,240.0,250.0,6,2,4156
5880,2023-06-15,Standard Class,Consumer,Office Supplies,Paper,OFF-PA-10001815,170.0,190.0,4,5,1421
5881,2022-01-16,Standard Class,Corporate,Furniture,Chairs,FUR-CH-10001215,700.0,800.0,2,5,1298
5882,2023-12-21,Standard Class,Corporate,Office Supplies,Paper,OFF-PA-10000100,340.0,370.0,9,4,880
5883,2022-10-31,Standard Class,Corporate,Furniture,Chairs,FUR-CH-10002880,830.0,890.0,9,4,1055
5884,2022-08-15,Second Class,Corporate,Furniture,Furnishings,FUR-FU-10004712,20.0,30.0,2,4,3390
5885,2022-07-12,Second Class,Corporate,Office Supplies,Supplies,OFF-SU-10000151,4320.0,4910.0,3,2,849
5886,2023-05-26,Same Day,Consumer,Office Supplies,Binders,OFF-BI-10000136,10.0,10.0,3,2,1726
5887,2023-08-12,Same Day,Consumer,Technology,Accessories,TEC-AC-10003610,160.0,180.0,3,3,2575
5888,2022-06-06,First Class,Corporate,Office Supplies,Storage,OFF-ST-10001837,30.0,40.0,1,5,2777
5889,2022-09-29,Standard Class,Consumer,Office Supplies,Paper,OFF-PA-10001952,40.0,50.0,2,4,11
5890,2023-04-01,First Class,Consumer,Office Supplies,Binders,OFF-BI-10002414,30.0,30.0,2,4,440
5891,2022-10-24,Standard Class,Consumer,Office Supplies,Paper,OFF-PA-10001790,30.0,40.0,1,3,3356
5892,2022-03-03,Standard Class,Consumer,Office Supplies,Storage,OFF-ST-10001590,20.0,20.0,2,5,416
5893,2023-07-12,Standard Class,Consumer,Technology,Accessories,TEC-AC-10003657,70.0,80.0,3,2,4293
5894,2023-12-15,Standard Class,Consumer,Office Supplies,Binders,OFF-BI-10004876,10.0,10.0,1,3,4487
5895,2023-12-23,Standard Class,Corporate,Office Supplies,Storage,OFF-ST-10003123,90.0,100.0,3,3,2120
5896,2022-08-24,Standard Class,Home Office,Office Supplies,Labels,OFF-LA-10003498,40.0,40.0,3,2,4092
5897,2023-09-25,Standard Class,Home Office,Office Supplies,Paper,OFF-PA-10004947,20.0,20.0,5,3,5026
5898,2023-03-28,Standard Class,Consumer,Furniture,Furnishings,FUR-FU-10003799,70.0,70.0,4,4,688
5899,2023-01-11,Standard Class,Consumer,Technology,Phones,TEC-PH-10000673,230.0,260.0,4,3,4001
5900,2022-11-20,Standard Class,Corporate,Office Supplies,Envelopes,OFF-EN-10002621,10.0,10.0,1,4,1030
5901,2022-11-09,Standard Class,Home Office,Office Supplies,Binders,OFF-BI-10004528,20.0,20.0,9,5,2809
5902,2022-06-05,Standard Class,Corporate,Furniture,Furnishings,FUR-FU-10001889,30.0,30.0,3,4,4955
5903,2022-06-21,Same Day,Home Office,Office Supplies,Paper,OFF-PA-10000157,60.0,60.0,3,4,2660
5904,2022-11-27,Same Day,Home Office,Office Supplies,Paper,OFF-PA-10002764,40.0,50.0,4,4,4155
5905,2022-06-14,Same Day,Home Office,Office Supplies,Paper,OFF-PA-10000143,30.0,30.0,5,4,3693
5906,2023-09-28,Same Day,Home Office,Office Supplies,Labels,OFF-LA-10000414,30.0,40.0,4,3,4981
5907,2023-05-13,Same Day,Home Office,Technology,Accessories,TEC-AC-10003441,20.0,20.0,1,4,1041
5908,2022-06-17,Standard Class,Corporate,Office Supplies,Binders,OFF-BI-10002353,20.0,20.0,2,3,3528
5909,2022-01-08,Standard Class,Corporate,Office Supplies,Appliances,OFF-AP-10001303,50.0,60.0,3,3,1401
5910,2023-09-12,Standard Class,Corporate,Furniture,Furnishings,FUR-FU-10003026,10.0,10.0,3,4,4278
5911,2022-11-24,Standard Class,Corporate,Office Supplies,Binders,OFF-BI-10000632,80.0,100.0,3,2,3405
5912,2022-09-24,Standard Class,Home Office,Office Supplies,Storage,OFF-ST-10001328,40.0,50.0,3,3,2904
5913,2022-03-11,Second Class,Corporate,Office Supplies,Supplies,OFF-SU-10004661,20.0,30.0,3,5,574
5914,2023-11-21,Standard Class,Consumer,Office Supplies,Storage,OFF-ST-10000617,10.0,10.0,5,2,1056
5915,2023-08-07,Standard Class,Consumer,Office Supplies,Labels,OFF-LA-10002762,70.0,90.0,7,4,551
5916,2022-06-08,Standard Class,Consumer,Furniture,Chairs,FUR-CH-10001973,180.0,200.0,2,2,1636
5917,2022-09-07,Standard Class,Consumer,Office Supplies,Storage,OFF-ST-10003058,80.0,90.0,4,2,418
5918,2022-03-03,Standard Class,Consumer,Furniture,Bookcases,FUR-BO-10004834,3810.0,4230.0,6,5,2527
5919,2022-02-02,Standard Class,Consumer,Furniture,Bookcases,FUR-BO-10002213,1720.0,2000.0,5,4,904
5920,2022-12-16,Standard Class,Consumer,Technology,Phones,TEC-PH-10002170,200.0,210.0,3,4,1057
5921,2022-05-02,Standard Class,Consumer,Technology,Accessories,TEC-AC-10003033,550.0,660.0,2,5,3483
5922,2023-09-21,Standard Class,Consumer,Office Supplies,Paper,OFF-PA-10004071,100.0,110.0,2,3,4930
5923,2022-08-18,Standard Class,Consumer,Technology,Phones,TEC-PH-10000169,60.0,70.0,4,2,3494
5924,2023-11-24,Second Class,Corporate,Furniture,Tables,FUR-TA-10002958,250.0,310.0,2,5,504
5925,2023-03-14,Second Class,Consumer,Office Supplies,Art,OFF-AR-10001177,20.0,20.0,7,4,213
5926,2023-07-07,Standard Class,Corporate,Technology,Accessories,TEC-AC-10004975,1010.0,1100.0,10,4,2743
5927,2022-11-14,Standard Class,Corporate,Furniture,Tables,FUR-TA-10001086,1100.0,1220.0,8,5,2939
5928,2023-05-03,Standard Class,Corporate,Office Supplies,Labels,OFF-LA-10000240,10.0,10.0,1,2,4246
5929,2022-09-12,Standard Class,Corporate,Furniture,Furnishings,FUR-FU-10002107,10.0,10.0,4,4,1539
5930,2022-12-29,First Class,Consumer,Furniture,Bookcases,FUR-BO-10001519,90.0,90.0,3,4,4398
5931,2022-05-01,First Class,Consumer,Office Supplies,Paper,OFF-PA-10004100,20.0,20.0,3,3,2639
5932,2022-10-01,First Class,Consumer,Technology,Phones,TEC-PH-10001363,630.0,680.0,2,2,414
5933,2023-03-25,First Class,Consumer,Office Supplies,Storage,OFF-ST-10004835,10.0,10.0,3,4,3753
5934,2022-04-21,First Class,Consumer,Technology,Accessories,TEC-AC-10002018,20.0,20.0,3,2,521
5935,2022-09-11,First Class,Consumer,Technology,Accessories,TEC-AC-10003033,490.0,530.0,2,2,3394
5936,2023-09-24,Same Day,Home Office,Furniture,Furnishings,FUR-FU-10000221,30.0,30.0,5,4,735
5937,2023-07-25,Same Day,Home Office,Technology,Phones,TEC-PH-10001198,160.0,180.0,3,3,712
5938,2022-12-10,Same Day,Home Office,Technology,Phones,TEC-PH-10002564,60.0,70.0,3,3,4637
5939,2023-03-09,Standard Class,Consumer,Technology,Phones,TEC-PH-10003811,90.0,100.0,1,2,3899
5940,2022-07-18,Standard Class,Consumer,Office Supplies,Labels,OFF-LA-10004178,10.0,10.0,4,2,986
5941,2022-01-10,Second Class,Consumer,Technology,Accessories,TEC-AC-10001465,370.0,440.0,12,2,460
5942,2023-11-18,Second Class,Consumer,Office Supplies,Art,OFF-AR-10000940,10.0,10.0,2,2,3525
5943,2023-09-08,Standard Class,Consumer,Technology,Phones,TEC-PH-10001700,190.0,210.0,4,4,2948
5944,2023-02-18,Standard Class,Corporate,Furniture,Furnishings,FUR-FU-10000771,10.0,10.0,1,4,1122
5945,2022-10-16,Standard Class,Corporate,Technology,Accessories,TEC-AC-10002399,80.0,100.0,5,5,2779
5946,2022-08-23,Standard Class,Corporate,Office Supplies,Paper,OFF-PA-10004983,20.0,30.0,4,3,865
5947,2022-12-04,Standard Class,Corporate,Office Supplies,Storage,OFF-ST-10004258,50.0,50.0,4,3,875
5948,2023-12-30,Second Class,Home Office,Office Supplies,Binders,OFF-BI-10004040,30.0,30.0,5,3,2583
5949,2022-10-24,Same Day,Corporate,Office Supplies,Envelopes,OFF-EN-10003862,30.0,40.0,4,3,2757
5950,2023-11-02,Same Day,Corporate,Technology,Accessories,TEC-AC-10004571,280.0,300.0,3,3,1852
5951,2023-02-11,Same Day,Corporate,Office Supplies,Appliances,OFF-AP-10000891,240.0,260.0,2,4,3391
5952,2022-02-13,Same Day,Corporate,Office Supplies,Binders,OFF-BI-10002026,210.0,230.0,6,2,4901
5953,2023-05-02,Standard Class,Home Office,Office Supplies,Paper,OFF-PA-10001826,20.0,20.0,4,4,4289
5954,2022-08-08,First Class,Corporate,Office Supplies,Art,OFF-AR-10001231,10.0,10.0,5,5,305
5955,2022-10-21,Second Class,Corporate,Furniture,Furnishings,FUR-FU-10000409,20.0,20.0,2,5,3189
5956,2023-07-31,Second Class,Corporate,Furniture,Bookcases,FUR-BO-10002545,430.0,520.0,4,2,319
5957,2022-04-27,Second Class,Corporate,Office Supplies,Storage,OFF-ST-10002756,550.0,680.0,5,3,1307
5958,2022-07-05,Second Class,Corporate,Office Supplies,Appliances,OFF-AP-10003842,130.0,150.0,5,4,1289
5959,2022-06-03,Second Class,Corporate,Office Supplies,Envelopes,OFF-EN-10004459,30.0,30.0,4,3,4185
5960,2022-04-10,Second Class,Corporate,Furniture,Chairs,FUR-CH-10003746,720.0,770.0,3,3,2896
5961,2022-05-19,Second Class,Corporate,Furniture,Furnishings,FUR-FU-10003142,20.0,20.0,4,3,4067
5962,2022-06-01,Second Class,Home Office,Technology,Phones,TEC-PH-10001425,480.0,580.0,9,3,2479
5963,2023-07-29,Second Class,Home Office,Office Supplies,Appliances,OFF-AP-10001626,10.0,10.0,2,2,426
5964,2022-07-25,Second Class,Home Office,Office Supplies,Paper,OFF-PA-10003625,100.0,120.0,4,2,4339
5965,2022-03-11,Standard Class,Corporate,Office Supplies,Supplies,OFF-SU-10004768,20.0,20.0,3,2,3313
5966,2023-11-01,Standard Class,Corporate,Office Supplies,Storage,OFF-ST-10000777,210.0,230.0,6,2,1412
5967,2022-05-25,Standard Class,Corporate,Technology,Phones,TEC-PH-10003171,100.0,110.0,3,5,4868
5968,2023-08-23,First Class,Home Office,Office Supplies,Paper,OFF-PA-10001033,70.0,80.0,2,5,3353
5969,2023-08-01,First Class,Consumer,Office Supplies,Paper,OFF-PA-10000418,90.0,100.0,1,4,689
5970,2022-11-08,First Class,Consumer,Office Supplies,Binders,OFF-BI-10001982,10.0,10.0,2,5,3062
5971,2023-07-16,First Class,Consumer,Office Supplies,Paper,OFF-PA-10002230,20.0,20.0,4,2,3857
5972,2023-10-03,First Class,Consumer,Furniture,Furnishings,FUR-FU-10003577,40.0,40.0,3,4,584
5973,2023-01-03,Standard Class,Consumer,Furniture,Bookcases,FUR-BO-10001811,210.0,240.0,1,5,1361
5974,2023-03-03,Standard Class,Home Office,Office Supplies,Appliances,OFF-AP-10003779,360.0,410.0,2,4,50
5975,2023-02-14,Standard Class,Consumer,Office Supplies,Storage,OFF-ST-10000676,310.0,390.0,5,3,4706
5976,2023-02-22,Standard Class,Corporate,Office Supplies,Storage,OFF-ST-10001496,330.0,360.0,2,3,3829
5977,2023-09-17,Standard Class,Corporate,Office Supplies,Paper,OFF-PA-10003673,10.0,10.0,2,2,1478
5978,2023-12-13,First Class,Consumer,Technology,Phones,TEC-PH-10004614,490.0,550.0,10,4,2971
5979,2022-06-27,Standard Class,Home Office,Furniture,Tables,FUR-TA-10001039,340.0,430.0,5,4,3479
5980,2023-05-12,Standard Class,Home Office,Office Supplies,Binders,OFF-BI-10000474,20.0,30.0,2,3,62
5981,2022-08-23,Standard Class,Home Office,Furniture,Chairs,FUR-CH-10004698,140.0,160.0,2,5,3647
5982,2022-07-10,Standard Class,Home Office,Office Supplies,Storage,OFF-ST-10003327,20.0,20.0,2,3,3104
5983,2022-02-27,Standard Class,Consumer,Office Supplies,Paper,OFF-PA-10000232,10.0,10.0,2,5,4961
5984,2023-12-26,Second Class,Consumer,Office Supplies,Paper,OFF-PA-10003657,20.0,20.0,6,4,1517
5985,2022-02-27,Standard Class,Consumer,Furniture,Furnishings,FUR-FU-10001185,160.0,190.0,6,5,4664
5986,2022-11-25,Standard Class,Consumer,Office Supplies,Binders,OFF-BI-10003007,70.0,80.0,2,3,2207
5987,2023-09-15,Standard Class,Consumer,Office Supplies,Storage,OFF-ST-10002485,80.0,90.0,4,2,152
5988,2022-11-09,Standard Class,Consumer,Office Supplies,Paper,OFF-PA-10001033,210.0,250.0,6,2,475
5989,2023-11-14,Standard Class,Consumer,Office Supplies,Binders,OFF-BI-10000404,10.0,10.0,1,2,2757
5990,2023-10-24,Standard Class,Consumer,Furniture,Bookcases,FUR-BO-10003546,460.0,500.0,5,5,4344
5991,2022-04-01,Standard Class,Consumer,Office Supplies,Binders,OFF-BI-10004390,1980.0,2360.0,7,5,896
5992,2023-06-26,Standard Class,Consumer,Technology,Phones,TEC-PH-10001700,310.0,370.0,7,3,2449
5993,2022-03-01,Standard Class,Consumer,Furniture,Chairs,FUR-CH-10003396,170.0,180.0,3,2,4892
5994,2022-03-07,Same Day,Corporate,Office Supplies,Storage,OFF-ST-10001558,50.0,60.0,5,4,2410
5995,2023-06-24,Same Day,Corporate,Office Supplies,Supplies,OFF-SU-10004782,10.0,10.0,2,2,1201
5996,2023-11-09,Same Day,Corporate,Furniture,Chairs,FUR-CH-10003298,400.0,460.0,5,4,1055
5997,2023-10-29,Same Day,Corporate,Office Supplies,Appliances,OFF-AP-10000576,350.0,390.0,4,5,2302
5998,2022-06-26,Same Day,Corporate,Furniture,Tables,FUR-TA-10003008,260.0,330.0,3,4,2750
5999,2023-11-12,Standard Class,Corporate,Furniture,Chairs,FUR-CH-10001708,280.0,340.0,3,3,3540
6000,2023-11-30,Standard Class,Corporate,Office Supplies,Paper,OFF-PA-10000019,20.0,30.0,4,5,4926
6001,2022-09-20,Standard Class,Corporate,Office Supplies,Paper,OFF-PA-10002222,90.0,90.0,4,2,1450
6002,2022-09-02,Standard Class,Corporate,Furniture,Furnishings,FUR-FU-10002553,90.0,90.0,3,2,4577
6003,2023-10-08,Standard Class,Corporate,Office Supplies,Binders,OFF-BI-10002103,10.0,10.0,2,2,934
6004,2022-06-01,Standard Class,Consumer,Office Supplies,Binders,OFF-BI-10002794,10.0,10.0,1,3,4530
6005,2022-08-10,Standard Class,Consumer,Furniture,Furnishings,FUR-FU-10002597,20.0,20.0,4,5,1783
6006,2022-03-03,Standard Class,Consumer,Furniture,Chairs,FUR-CH-10003535,100.0,110.0,2,3,823
6007,2023-01-12,Standard Class,Corporate,Technology,Phones,TEC-PH-10001527,110.0,130.0,3,5,4115
6008,2022-04-30,First Class,Corporate,Furniture,Furnishings,FUR-FU-10004006,110.0,130.0,3,2,1545
6009,2023-09-03,Standard Class,Consumer,Office Supplies,Paper,OFF-PA-10000595,60.0,70.0,3,5,3005
6010,2023-03-21,Standard Class,Consumer,Office Supplies,Storage,OFF-ST-10000798,60.0,70.0,3,3,4344
6011,2023-04-08,Standard Class,Consumer,Technology,Machines,TEC-MA-10004002,2240.0,2550.0,6,2,2630
6012,2022-06-29,Standard Class,Consumer,Office Supplies,Envelopes,OFF-EN-10003296,230.0,270.0,3,4,216
6013,2023-03-29,Standard Class,Consumer,Technology,Phones,TEC-PH-10004345,260.0,290.0,3,3,1740
6014,2023-03-21,First Class,Home Office,Office Supplies,Paper,OFF-PA-10004405,10.0,10.0,5,5,1191
6015,2022-04-25,First Class,Home Office,Technology,Phones,TEC-PH-10002885,3790.0,4160.0,8,3,423
6016,2023-10-23,Standard Class,Corporate,Furniture,Furnishings,FUR-FU-10000747,80.0,90.0,2,4,1405
6017,2022-08-31,Standard Class,Corporate,Furniture,Furnishings,FUR-FU-10001918,30.0,30.0,7,4,4861
6018,2023-05-24,Standard Class,Corporate,Office Supplies,Paper,OFF-PA-10003309,20.0,20.0,3,4,4199
6019,2022-01-16,Standard Class,Corporate,Office Supplies,Paper,OFF-PA-10001977,50.0,60.0,1,3,4738
6020,2023-03-24,Second Class,Consumer,Office Supplies,Appliances,OFF-AP-10002892,80.0,90.0,5,2,2882
6021,2023-04-25,Same Day,Consumer,Office Supplies,Appliances,OFF-AP-10002222,20.0,20.0,2,4,956
6022,2023-04-03,Same Day,Consumer,Technology,Accessories,TEC-AC-10000158,60.0,70.0,2,5,2218
6023,2023-06-07,Standard Class,Consumer,Office Supplies,Envelopes,OFF-EN-10002600,10.0,10.0,3,2,4765
6024,2023-12-23,First Class,Corporate,Technology,Accessories,TEC-AC-10004855,60.0,70.0,2,3,2516
6025,2022-02-24,Second Class,Consumer,Office Supplies,Appliances,OFF-AP-10000938,590.0,650.0,8,4,49
6026,2022-03-29,Second Class,Consumer,Office Supplies,Paper,OFF-PA-10002195,10.0,10.0,2,4,1941
6027,2023-07-24,Standard Class,Corporate,Office Supplies,Fasteners,OFF-FA-10002701,10.0,10.0,5,2,3099
6028,2023-05-15,Standard Class,Corporate,Technology,Phones,TEC-PH-10003589,60.0,70.0,5,2,4337
6029,2023-09-13,First Class,Consumer,Office Supplies,Art,OFF-AR-10003752,20.0,20.0,2,5,4604
6030,2023-09-17,First Class,Consumer,Office Supplies,Art,OFF-AR-10003829,10.0,10.0,3,5,2833
6031,2022-12-31,Same Day,Consumer,Furniture,Chairs,FUR-CH-10000155,200.0,240.0,1,2,2748
6032,2023-06-26,Standard Class,Corporate,Furniture,Furnishings,FUR-FU-10003142,20.0,20.0,4,5,469
6033,2022-03-16,First Class,Consumer,Office Supplies,Supplies,OFF-SU-10001218,40.0,50.0,5,5,2871
6034,2023-09-22,Standard Class,Home Office,Furniture,Furnishings,FUR-FU-10002963,20.0,20.0,3,3,4556
6035,2023-07-03,Standard Class,Consumer,Office Supplies,Appliances,OFF-AP-10002578,20.0,20.0,2,5,355
6036,2022-03-01,Standard Class,Consumer,Office Supplies,Binders,OFF-BI-10003925,270.0,310.0,4,2,4923
6037,2022-09-14,Standard Class,Consumer,Furniture,Furnishings,FUR-FU-10003347,30.0,40.0,3,5,2484
6038,2023-07-03,Standard Class,Consumer,Office Supplies,Binders,OFF-BI-10000315,100.0,110.0,6,4,403
6039,2023-07-12,Standard Class,Consumer,Office Supplies,Storage,OFF-ST-10002583,120.0,130.0,4,2,2361
6040,2022-04-19,Standard Class,Consumer,Office Supplies,Art,OFF-AR-10003469,10.0,10.0,3,5,2114
6041,2022-10-28,Standard Class,Corporate,Technology,Phones,TEC-PH-10001817,730.0,860.0,3,2,2168
6042,2022-04-17,Standard Class,Corporate,Technology,Machines,TEC-MA-10001031,460.0,510.0,3,2,3483
6043,2023-10-21,Standard Class,Consumer,Furniture,Furnishings,FUR-FU-10002088,10.0,10.0,2,3,4725
6044,2023-08-01,Second Class,Corporate,Furniture,Chairs,FUR-CH-10001482,250.0,310.0,3,5,4770
6045,2023-04-08,Second Class,Corporate,Office Supplies,Paper,OFF-PA-10001526,30.0,30.0,7,3,536
6046,2022-07-06,Standard Class,Corporate,Furniture,Furnishings,FUR-FU-10002937,200.0,240.0,3,4,1869
6047,2022-04-22,Standard Class,Home Office,Furniture,Tables,FUR-TA-10001771,580.0,690.0,3,4,4921
6048,2022-02-06,Standard Class,Corporate,Office Supplies,Binders,OFF-BI-10003305,20.0,20.0,9,3,1460
6049,2023-12-25,Standard Class,Corporate,Office Supplies,Binders,OFF-BI-10001359,1160.0,1350.0,5,2,2284
6050,2022-04-13,First Class,Consumer,Office Supplies,Paper,OFF-PA-10000483,150.0,170.0,7,5,4353
6051,2023-06-06,Standard Class,Consumer,Office Supplies,Art,OFF-AR-10000658,60.0,60.0,5,2,1530
6052,2022-03-17,Standard Class,Consumer,Office Supplies,Appliances,OFF-AP-10001205,260.0,270.0,5,2,5061
6053,2023-10-01,Second Class,Home Office,Office Supplies,Paper,OFF-PA-10002586,10.0,10.0,3,2,5014
6054,2022-02-19,Second Class,Home Office,Furniture,Furnishings,FUR-FU-10004963,30.0,30.0,4,2,1628
6055,2023-08-03,Second Class,Home Office,Office Supplies,Binders,OFF-BI-10002071,10.0,10.0,7,4,2368
6056,2022-12-31,First Class,Consumer,Office Supplies,Binders,OFF-BI-10001617,25.0,25.0,1,5,4394
6057,2022-05-16,First Class,Consumer,Office Supplies,Paper,OFF-PA-10004665,70.0,80.0,8,2,1285
6058,2023-09-09,Standard Class,Home Office,Office Supplies,Envelopes,OFF-EN-10001990,10.0,10.0,2,3,1425
6059,2023-05-05,Standard Class,Home Office,Office Supplies,Paper,OFF-PA-10000587,40.0,40.0,5,4,4158
6060,2022-03-03,Standard Class,Consumer,Technology,Accessories,TEC-AC-10004859,30.0,30.0,2,3,2400
6061,2022-08-14,Standard Class,Home Office,Office Supplies,Storage,OFF-ST-10001476,120.0,140.0,4,4,262
6062,2023-05-05,Standard Class,Home Office,Office Supplies,Art,OFF-AR-10002804,10.0,10.0,3,4,2718
6063,2022-02-13,Second Class,Consumer,Technology,Copiers,TEC-CO-10004202,1040.0,1200.0,5,5,3032
6064,2022-11-19,Second Class,Consumer,Office Supplies,Paper,OFF-PA-10001307,10.0,10.0,3,5,2507
6065,2022-11-22,Second Class,Consumer,Office Supplies,Paper,OFF-PA-10001667,20.0,20.0,3,2,4539
6066,2022-04-24,First Class,Consumer,Office Supplies,Labels,OFF-LA-10001569,20.0,20.0,6,4,3235
6067,2023-01-31,Standard Class,Consumer,Office Supplies,Supplies,OFF-SU-10000898,80.0,90.0,8,3,788
6068,2023-05-12,Standard Class,Home Office,Furniture,Chairs,FUR-CH-10000225,480.0,520.0,8,5,1603
6069,2022-12-18,Standard Class,Home Office,Furniture,Furnishings,FUR-FU-10002191,10.0,10.0,1,2,1280
6070,2023-10-16,Standard Class,Home Office,Technology,Machines,TEC-MA-10003176,290.0,340.0,1,2,4092
6071,2023-01-07,Standard Class,Corporate,Office Supplies,Labels,OFF-LA-10004093,20.0,20.0,3,2,428
6072,2023-10-25,Standard Class,Consumer,Office Supplies,Storage,OFF-ST-10000025,130.0,150.0,2,2,1931
6073,2023-01-17,Standard Class,Consumer,Office Supplies,Fasteners,OFF-FA-10001561,10.0,10.0,2,4,208
6074,2022-08-24,Standard Class,Consumer,Office Supplies,Supplies,OFF-SU-10001225,10.0,10.0,2,2,4130
6075,2022-07-15,Standard Class,Corporate,Office Supplies,Binders,OFF-BI-10001718,140.0,150.0,3,3,40
6076,2022-09-30,Standard Class,Corporate,Office Supplies,Storage,OFF-ST-10002756,230.0,270.0,2,2,402
6077,2022-08-19,Standard Class,Consumer,Technology,Accessories,TEC-AC-10001432,400.0,470.0,6,4,523
6078,2022-06-20,Standard Class,Consumer,Technology,Accessories,TEC-AC-10003399,60.0,70.0,2,5,2780
6079,2022-12-30,Standard Class,Consumer,Office Supplies,Supplies,OFF-SU-10001574,10.0,10.0,3,3,2293
6080,2023-02-26,Standard Class,Consumer,Furniture,Furnishings,FUR-FU-10004864,180.0,190.0,3,4,624
6081,2023-10-25,First Class,Home Office,Office Supplies,Storage,OFF-ST-10001172,130.0,150.0,9,3,4807
6082,2022-08-03,Same Day,Consumer,Furniture,Furnishings,FUR-FU-10002396,30.0,30.0,5,2,2201
6083,2022-06-17,Standard Class,Consumer,Office Supplies,Binders,OFF-BI-10004040,10.0,10.0,6,3,4809
6084,2023-04-23,Standard Class,Consumer,Office Supplies,Art,OFF-AR-10003481,20.0,20.0,9,3,931
6085,2023-07-19,Standard Class,Consumer,Technology,Accessories,TEC-AC-10000387,20.0,20.0,2,4,3280
6086,2022-01-10,Standard Class,Consumer,Office Supplies,Labels,OFF-LA-10000262,10.0,10.0,1,4,4192
6087,2023-01-15,Standard Class,Consumer,Office Supplies,Binders,OFF-BI-10003196,10.0,10.0,6,2,2555
6088,2022-01-25,Standard Class,Consumer,Furniture,Furnishings,FUR-FU-10004351,20.0,30.0,3,5,3896
6089,2022-04-09,Standard Class,Corporate,Office Supplies,Paper,OFF-PA-10001870,10.0,10.0,1,2,2576
6090,2022-05-18,Second Class,Corporate,Office Supplies,Binders,OFF-BI-10002813,10.0,10.0,2,5,912
6091,2022-08-15,Standard Class,Consumer,Furniture,Chairs,FUR-CH-10003846,220.0,270.0,3,4,2696
6092,2022-10-31,Standard Class,Consumer,Technology,Accessories,TEC-AC-10002647,180.0,210.0,2,4,2139
6093,2023-11-11,Standard Class,Consumer,Office Supplies,Paper,OFF-PA-10000807,30.0,40.0,9,4,4971
6094,2023-08-21,Standard Class,Consumer,Technology,Accessories,TEC-AC-10001465,60.0,70.0,2,5,2338
6095,2022-07-15,Standard Class,Consumer,Office Supplies,Storage,OFF-ST-10000615,40.0,50.0,4,2,3313
6096,2023-04-19,Standard Class,Consumer,Office Supplies,Paper,OFF-PA-10002713,10.0,10.0,2,2,3041
6097,2023-04-06,Standard Class,Consumer,Furniture,Chairs,FUR-CH-10003061,60.0,80.0,1,2,3233
6098,2023-07-09,Standard Class,Consumer,Office Supplies,Binders,OFF-BI-10000343,10.0,10.0,3,2,3313
6099,2023-12-22,Standard Class,Consumer,Office Supplies,Fasteners,OFF-FA-10000304,10.0,10.0,2,3,1534
6100,2023-08-26,Standard Class,Consumer,Furniture,Chairs,FUR-CH-10004086,2570.0,2890.0,11,4,4574
6101,2022-12-19,Standard Class,Consumer,Technology,Phones,TEC-PH-10002885,1140.0,1300.0,2,3,4811
6102,2023-02-25,Standard Class,Consumer,Furniture,Chairs,FUR-CH-10001215,2140.0,2250.0,5,3,503
6103,2022-10-05,Standard Class,Consumer,Technology,Phones,TEC-PH-10000215,90.0,100.0,3,3,3629
6104,2023-09-13,Standard Class,Consumer,Technology,Accessories,TEC-AC-10001998,50.0,60.0,3,2,2042
6105,2022-02-27,First Class,Home Office,Furniture,Tables,FUR-TA-10002356,250.0,310.0,2,2,4851
6106,2023-03-06,Standard Class,Corporate,Office Supplies,Art,OFF-AR-10002399,10.0,10.0,4,4,4434
6107,2023-03-12,Standard Class,Consumer,Office Supplies,Appliances,OFF-AP-10001563,20.0,20.0,2,2,1223
6108,2023-01-19,Standard Class,Consumer,Technology,Accessories,TEC-AC-10004510,60.0,70.0,5,2,1680
6109,2022-10-30,Standard Class,Consumer,Office Supplies,Labels,OFF-LA-10001982,10.0,10.0,2,5,171
6110,2023-01-14,Standard Class,Consumer,Office Supplies,Binders,OFF-BI-10004141,10.0,10.0,3,2,4790
6111,2023-06-02,Standard Class,Consumer,Furniture,Chairs,FUR-CH-10004495,1180.0,1470.0,7,4,3574
6112,2023-11-11,Standard Class,Consumer,Office Supplies,Appliances,OFF-AP-10002311,100.0,110.0,2,4,4526
6113,2023-03-16,Standard Class,Consumer,Office Supplies,Fasteners,OFF-FA-10000585,20.0,20.0,6,2,1200
6114,2023-12-09,Standard Class,Consumer,Furniture,Chairs,FUR-CH-10000454,1320.0,1540.0,9,3,4233
6115,2022-04-28,Standard Class,Consumer,Furniture,Chairs,FUR-CH-10003746,360.0,450.0,2,5,80
6116,2022-12-25,Standard Class,Corporate,Office Supplies,Binders,OFF-BI-10003291,40.0,40.0,6,4,4085
6117,2023-08-31,Standard Class,Home Office,Technology,Phones,TEC-PH-10002114,2170.0,2280.0,4,5,2316
6118,2023-09-19,Standard Class,Home Office,Office Supplies,Labels,OFF-LA-10001569,10.0,10.0,3,4,4206
6119,2023-04-25,Standard Class,Corporate,Technology,Phones,TEC-PH-10001425,160.0,190.0,3,5,3356
6120,2023-04-23,Standard Class,Corporate,Office Supplies,Art,OFF-AR-10001915,20.0,20.0,3,4,2093
6121,2023-07-23,Standard Class,Corporate,Furniture,Furnishings,FUR-FU-10004864,330.0,410.0,8,3,2624
6122,2022-09-17,Standard Class,Corporate,Furniture,Bookcases,FUR-BO-10001972,60.0,70.0,2,5,3716
6123,2022-03-05,Standard Class,Consumer,Office Supplies,Storage,OFF-ST-10000532,50.0,60.0,2,2,1025
6124,2023-01-19,Standard Class,Home Office,Office Supplies,Paper,OFF-PA-10003883,20.0,20.0,4,4,3894
6125,2023-01-30,Standard Class,Corporate,Technology,Accessories,TEC-AC-10003038,40.0,40.0,5,4,592
6126,2023-03-21,Standard Class,Corporate,Office Supplies,Paper,OFF-PA-10001593,10.0,10.0,2,3,3891
6127,2022-08-04,Standard Class,Corporate,Office Supplies,Binders,OFF-BI-10002049,10.0,10.0,1,3,4394
6128,2022-07-31,Standard Class,Consumer,Furniture,Chairs,FUR-CH-10003817,270.0,330.0,6,4,2457
6129,2022-01-08,First Class,Corporate,Office Supplies,Binders,OFF-BI-10002353,50.0,50.0,4,4,2229
6130,2023-03-06,Standard Class,Home Office,Technology,Accessories,TEC-AC-10003116,40.0,50.0,3,2,124
6131,2023-04-27,Standard Class,Home Office,Office Supplies,Fasteners,OFF-FA-10003021,10.0,10.0,2,2,2573
6132,2023-04-22,Standard Class,Home Office,Furniture,Chairs,FUR-CH-10004477,660.0,770.0,14,2,2077
6133,2023-03-25,Standard Class,Consumer,Office Supplies,Paper,OFF-PA-10001033,140.0,160.0,5,5,1983
6134,2023-10-13,First Class,Corporate,Furniture,Tables,FUR-TA-10004152,140.0,160.0,2,3,2844
6135,2022-03-01,Same Day,Consumer,Office Supplies,Art,OFF-AR-10002135,160.0,190.0,4,4,4624
6136,2022-11-23,Standard Class,Home Office,Technology,Accessories,TEC-AC-10000521,30.0,30.0,3,3,1346
6137,2023-12-25,Standard Class,Home Office,Office Supplies,Appliances,OFF-AP-10000026,60.0,70.0,6,2,1866
6138,2023-01-17,Second Class,Consumer,Office Supplies,Paper,OFF-PA-10002986,30.0,30.0,6,5,2027
6139,2023-02-25,Standard Class,Consumer,Furniture,Bookcases,FUR-BO-10001337,180.0,210.0,2,3,5023
6140,2023-11-08,First Class,Consumer,Office Supplies,Storage,OFF-ST-10000532,100.0,120.0,3,3,97
6141,2023-01-17,Standard Class,Consumer,Office Supplies,Paper,OFF-PA-10001497,230.0,270.0,5,4,1054
6142,2023-03-09,Standard Class,Consumer,Office Supplies,Storage,OFF-ST-10002554,170.0,200.0,4,3,14
6143,2023-01-10,Standard Class,Consumer,Technology,Phones,TEC-PH-10001336,210.0,260.0,2,2,4401
6144,2022-12-28,Standard Class,Consumer,Office Supplies,Art,OFF-AR-10002987,110.0,120.0,6,5,2804
6145,2022-03-04,Standard Class,Consumer,Office Supplies,Paper,OFF-PA-10000575,20.0,20.0,3,2,283
6146,2023-09-05,Standard Class,Consumer,Office Supplies,Art,OFF-AR-10003394,10.0,10.0,4,2,789
6147,2023-08-23,Standard Class,Corporate,Office Supplies,Art,OFF-AR-10003394,10.0,10.0,4,3,2435
6148,2023-04-16,Standard Class,Corporate,Office Supplies,Binders,OFF-BI-10001191,30.0,40.0,2,5,3224
6149,2023-04-25,Second Class,Consumer,Technology,Phones,TEC-PH-10003484,190.0,200.0,2,3,359
6150,2023-11-22,First Class,Corporate,Furniture,Chairs,FUR-CH-10003968,320.0,340.0,6,4,1245
6151,2022-11-09,First Class,Consumer,Furniture,Bookcases,FUR-BO-10001608,280.0,350.0,5,3,251
6152,2022-12-23,Second Class,Home Office,Furniture,Bookcases,FUR-BO-10004218,1030.0,1200.0,10,3,2828
6153,2023-08-15,Standard Class,Consumer,Office Supplies,Storage,OFF-ST-10002485,80.0,90.0,4,4,4185
6154,2022-03-04,First Class,Corporate,Furniture,Furnishings,FUR-FU-10001876,50.0,50.0,2,4,4381
6155,2023-09-05,First Class,Corporate,Office Supplies,Storage,OFF-ST-10002370,40.0,50.0,3,5,2966
6156,2022-09-15,First Class,Corporate,Office Supplies,Storage,OFF-ST-10000142,290.0,330.0,1,4,1681
6157,2022-02-15,First Class,Corporate,Furniture,Furnishings,FUR-FU-10004671,30.0,40.0,3,2,59
6158,2022-09-09,Second Class,Consumer,Office Supplies,Envelopes,OFF-EN-10002504,60.0,80.0,3,4,504
6159,2023-04-01,Second Class,Consumer,Technology,Accessories,TEC-AC-10004803,160.0,170.0,12,3,3235
6160,2022-04-06,Standard Class,Consumer,Office Supplies,Storage,OFF-ST-10001932,650.0,770.0,4,4,4656
6161,2023-09-21,First Class,Corporate,Technology,Phones,TEC-PH-10004667,280.0,320.0,3,3,4297
6162,2022-07-18,First Class,Corporate,Office Supplies,Labels,OFF-LA-10000443,10.0,10.0,4,3,670
6163,2022-10-28,First Class,Corporate,Office Supplies,Storage,OFF-ST-10000918,30.0,30.0,3,5,1681
6164,2022-05-24,First Class,Corporate,Office Supplies,Binders,OFF-BI-10001196,30.0,30.0,5,4,3403
6165,2022-01-23,First Class,Corporate,Furniture,Furnishings,FUR-FU-10003981,10.0,10.0,3,5,657
6166,2022-10-30,First Class,Corporate,Furniture,Furnishings,FUR-FU-10002508,20.0,20.0,3,3,1941
6167,2022-05-15,First Class,Corporate,Technology,Accessories,TEC-AC-10002647,160.0,170.0,2,5,620
6168,2023-03-08,Standard Class,Consumer,Office Supplies,Paper,OFF-PA-10002377,110.0,120.0,3,5,3586
6169,2023-05-31,Second Class,Corporate,Office Supplies,Paper,OFF-PA-10004530,20.0,20.0,2,2,1858
6170,2023-04-20,Second Class,Consumer,Office Supplies,Paper,OFF-PA-10002986,10.0,10.0,2,3,4565
6171,2023-01-29,Second Class,Corporate,Office Supplies,Binders,OFF-BI-10000948,30.0,30.0,3,5,901
6172,2023-03-31,Second Class,Corporate,Office Supplies,Art,OFF-AR-10001545,10.0,10.0,2,5,4051
6173,2023-08-27,Standard Class,Home Office,Office Supplies,Binders,OFF-BI-10001758,20.0,30.0,5,5,616
6174,2022-11-02,Standard Class,Home Office,Technology,Accessories,TEC-AC-10003237,20.0,20.0,2,5,1596
6175,2023-01-11,Standard Class,Home Office,Office Supplies,Storage,OFF-ST-10002011,710.0,840.0,2,3,194
6176,2023-05-19,Standard Class,Consumer,Furniture,Chairs,FUR-CH-10000309,1420.0,1690.0,4,3,605
6177,2022-05-28,Standard Class,Consumer,Office Supplies,Storage,OFF-ST-10002444,80.0,90.0,7,2,4567
6178,2022-02-12,Standard Class,Consumer,Office Supplies,Envelopes,OFF-EN-10001453,100.0,120.0,2,5,2173
6179,2022-02-23,Standard Class,Consumer,Office Supplies,Paper,OFF-PA-10001801,20.0,20.0,4,2,2174
6180,2022-01-04,Standard Class,Consumer,Office Supplies,Storage,OFF-ST-10000563,60.0,60.0,2,3,3062
6181,2022-09-15,Standard Class,Consumer,Technology,Phones,TEC-PH-10000369,510.0,630.0,5,3,4973
6182,2023-11-23,Standard Class,Consumer,Technology,Phones,TEC-PH-10002538,90.0,110.0,3,2,1793
6183,2022-09-20,Standard Class,Consumer,Office Supplies,Binders,OFF-BI-10000050,10.0,10.0,2,5,2838
6184,2023-05-13,Standard Class,Consumer,Office Supplies,Storage,OFF-ST-10004186,710.0,890.0,8,3,2070
6185,2022-06-14,First Class,Home Office,Furniture,Chairs,FUR-CH-10004218,380.0,400.0,5,5,193
6186,2022-05-20,Standard Class,Consumer,Office Supplies,Art,OFF-AR-10002952,100.0,110.0,10,4,2463
6187,2022-05-20,First Class,Corporate,Office Supplies,Storage,OFF-ST-10003058,60.0,70.0,3,5,2612
6188,2022-07-14,First Class,Corporate,Office Supplies,Binders,OFF-BI-10003963,20.0,30.0,6,2,181
6189,2023-05-15,First Class,Corporate,Office Supplies,Art,OFF-AR-10001955,110.0,120.0,6,4,2865
6190,2023-03-12,Standard Class,Consumer,Technology,Phones,TEC-PH-10004345,360.0,380.0,4,3,3295
6191,2023-08-13,Standard Class,Consumer,Furniture,Furnishings,FUR-FU-10003192,750.0,800.0,9,5,3315
6192,2022-08-16,Same Day,Consumer,Office Supplies,Storage,OFF-ST-10001325,30.0,30.0,3,2,3436
6193,2022-10-07,Standard Class,Consumer,Office Supplies,Paper,OFF-PA-10000019,20.0,30.0,5,2,3286
6194,2022-10-18,Standard Class,Consumer,Office Supplies,Binders,OFF-BI-10003429,10.0,10.0,5,5,2035
6195,2023-01-18,Standard Class,Consumer,Office Supplies,Paper,OFF-PA-10000176,70.0,80.0,5,3,4403
6196,2022-01-01,Standard Class,Consumer,Technology,Phones,TEC-PH-10004165,300.0,330.0,2,3,4068
6197,2023-05-08,Standard Class,Consumer,Office Supplies,Storage,OFF-ST-10000352,60.0,70.0,3,3,3725
6198,2022-01-25,Standard Class,Consumer,Office Supplies,Paper,OFF-PA-10000726,50.0,60.0,7,4,568
6199,2023-10-05,Standard Class,Consumer,Technology,Phones,TEC-PH-10001536,50.0,50.0,3,2,2734
6200,2023-02-09,Standard Class,Consumer,Office Supplies,Paper,OFF-PA-10001790,80.0,100.0,2,5,3164
6201,2023-05-05,Standard Class,Consumer,Technology,Copiers,TEC-CO-10001766,1370.0,1440.0,4,3,3436
6202,2022-01-24,Standard Class,Consumer,Technology,Accessories,TEC-AC-10004396,30.0,40.0,3,5,1228
6203,2023-06-20,Standard Class,Consumer,Furniture,Chairs,FUR-CH-10001708,460.0,560.0,5,4,4941
6204,2023-10-26,Standard Class,Consumer,Technology,Phones,TEC-PH-10001305,190.0,240.0,8,4,3389
6205,2023-11-12,First Class,Home Office,Furniture,Furnishings,FUR-FU-10002885,10.0,10.0,2,2,3308
6206,2022-11-30,Second Class,Consumer,Office Supplies,Paper,OFF-PA-10000726,50.0,50.0,7,5,620
6207,2023-05-31,Second Class,Consumer,Office Supplies,Fasteners,OFF-FA-10003112,30.0,30.0,4,2,1789
6208,2023-05-29,Second Class,Consumer,Furniture,Chairs,FUR-CH-10002372,50.0,60.0,1,2,1177
6209,2022-08-08,Standard Class,Corporate,Office Supplies,Storage,OFF-ST-10000563,50.0,50.0,2,5,1937
6210,2023-01-07,Standard Class,Corporate,Office Supplies,Binders,OFF-BI-10003925,2260.0,2790.0,9,2,374
6211,2023-09-10,Standard Class,Corporate,Office Supplies,Storage,OFF-ST-10003306,890.0,1000.0,7,3,3048
6212,2023-02-14,Standard Class,Corporate,Furniture,Furnishings,FUR-FU-10001475,60.0,70.0,3,4,1377
6213,2023-07-09,Second Class,Consumer,Office Supplies,Fasteners,OFF-FA-10003495,20.0,20.0,3,2,3740
6214,2022-08-01,Second Class,Consumer,Office Supplies,Appliances,OFF-AP-10004708,70.0,80.0,2,3,2227
6215,2022-08-15,Standard Class,Consumer,Office Supplies,Envelopes,OFF-EN-10001219,10.0,10.0,1,4,2578
6216,2023-07-05,Standard Class,Corporate,Furniture,Furnishings,FUR-FU-10000087,60.0,70.0,3,2,3367
6217,2022-12-10,Standard Class,Corporate,Office Supplies,Envelopes,OFF-EN-10001539,50.0,60.0,8,2,3031
6218,2023-03-07,Standard Class,Consumer,Technology,Phones,TEC-PH-10004897,20.0,30.0,3,3,4207
6219,2023-12-20,Standard Class,Consumer,Technology,Phones,TEC-PH-10001300,110.0,130.0,6,5,294
6220,2022-08-27,Standard Class,Consumer,Technology,Phones,TEC-PH-10001557,170.0,190.0,2,3,2503
6221,2022-01-02,Standard Class,Consumer,Office Supplies,Storage,OFF-ST-10000617,20.0,20.0,7,2,2751
6222,2023-12-29,Second Class,Consumer,Office Supplies,Labels,OFF-LA-10000121,60.0,60.0,9,4,843
6223,2022-01-29,Standard Class,Consumer,Furniture,Furnishings,FUR-FU-10000087,60.0,70.0,4,4,4271
6224,2022-12-06,Standard Class,Consumer,Office Supplies,Art,OFF-AR-10000422,10.0,10.0,7,3,76
6225,2022-10-29,Standard Class,Consumer,Office Supplies,Storage,OFF-ST-10004123,180.0,220.0,3,2,3279
6226,2023-06-15,Standard Class,Consumer,Furniture,Bookcases,FUR-BO-10003660,60.0,70.0,1,4,2735
6227,2023-10-21,Standard Class,Consumer,Furniture,Chairs,FUR-CH-10000422,260.0,290.0,4,2,3320
6228,2022-01-11,Standard Class,Consumer,Technology,Phones,TEC-PH-10002923,80.0,90.0,3,4,3565
6229,2023-07-06,Standard Class,Home Office,Technology,Phones,TEC-PH-10004093,90.0,110.0,4,4,1466
6230,2022-11-26,Standard Class,Home Office,Technology,Accessories,TEC-AC-10000171,50.0,60.0,3,2,4763
6231,2022-06-14,Standard Class,Consumer,Office Supplies,Art,OFF-AR-10001166,30.0,30.0,4,5,4165
6232,2022-12-18,Same Day,Consumer,Furniture,Chairs,FUR-CH-10003199,150.0,180.0,2,3,3733
6233,2023-01-22,Same Day,Consumer,Office Supplies,Paper,OFF-PA-10002005,20.0,20.0,3,5,1420
6234,2023-02-17,Same Day,Consumer,Office Supplies,Paper,OFF-PA-10004101,70.0,70.0,11,3,2687
6235,2022-06-08,Same Day,Consumer,Office Supplies,Binders,OFF-BI-10004600,1190.0,1470.0,5,3,3156
6236,2023-04-08,Same Day,Consumer,Technology,Phones,TEC-PH-10000127,60.0,80.0,5,3,290
6237,2022-02-11,Standard Class,Corporate,Office Supplies,Envelopes,OFF-EN-10004386,60.0,60.0,3,2,111
6238,2022-05-28,Standard Class,Consumer,Office Supplies,Binders,OFF-BI-10004506,20.0,30.0,4,3,3830
6239,2022-10-25,Standard Class,Consumer,Furniture,Furnishings,FUR-FU-10004597,140.0,170.0,3,2,4845
6240,2022-03-26,Standard Class,Consumer,Office Supplies,Storage,OFF-ST-10001496,300.0,360.0,2,4,4177
6241,2022-02-15,Second Class,Consumer,Office Supplies,Binders,OFF-BI-10004236,10.0,10.0,1,4,744
6242,2022-09-27,Second Class,Corporate,Furniture,Furnishings,FUR-FU-10001185,230.0,250.0,8,2,3580
6243,2022-07-08,Standard Class,Home Office,Office Supplies,Binders,OFF-BI-10000977,20.0,20.0,2,5,4841
6244,2022-08-06,Standard Class,Home Office,Office Supplies,Supplies,OFF-SU-10004782,30.0,30.0,3,3,663
6245,2023-09-13,Standard Class,Home Office,Office Supplies,Art,OFF-AR-10002067,100.0,120.0,6,4,2516
6246,2023-07-16,Standard Class,Home Office,Furniture,Furnishings,FUR-FU-10002364,20.0,20.0,3,2,67
6247,2022-02-14,Standard Class,Home Office,Technology,Accessories,TEC-AC-10002018,10.0,10.0,2,5,4004
6248,2023-01-26,Standard Class,Consumer,Office Supplies,Binders,OFF-BI-10000632,40.0,40.0,1,4,537
6249,2022-04-26,Standard Class,Consumer,Furniture,Furnishings,FUR-FU-10003981,10.0,10.0,3,4,256
6250,2023-10-12,Standard Class,Consumer,Office Supplies,Appliances,OFF-AP-10001564,390.0,470.0,2,4,4972
6251,2023-01-22,Standard Class,Consumer,Office Supplies,Paper,OFF-PA-10004082,10.0,10.0,1,4,3496
6252,2023-06-20,First Class,Consumer,Office Supplies,Appliances,OFF-AP-10004249,55.0,60.0,1,2,2610
6253,2022-05-20,Same Day,Home Office,Office Supplies,Paper,OFF-PA-10003441,60.0,60.0,9,5,4685
6254,2023-11-15,Same Day,Home Office,Technology,Phones,TEC-PH-10004922,180.0,200.0,3,5,1328
6255,2022-02-26,Standard Class,Corporate,Furniture,Furnishings,FUR-FU-10001731,20.0,20.0,8,3,4573
6256,2023-03-21,Standard Class,Corporate,Office Supplies,Labels,OFF-LA-10000134,10.0,10.0,4,3,4674
6257,2023-06-06,Second Class,Home Office,Office Supplies,Binders,OFF-BI-10003166,10.0,10.0,1,3,964
6258,2022-07-11,Second Class,Corporate,Office Supplies,Supplies,OFF-SU-10000646,360.0,380.0,2,5,148
6259,2023-09-09,Second Class,Consumer,Office Supplies,Envelopes,OFF-EN-10004459,20.0,20.0,3,5,2525
6260,2022-08-02,Second Class,Consumer,Office Supplies,Binders,OFF-BI-10003529,10.0,10.0,4,4,4591
6261,2023-11-01,Standard Class,Consumer,Office Supplies,Binders,OFF-BI-10002949,10.0,10.0,3,2,878
6262,2022-06-23,Standard Class,Corporate,Office Supplies,Labels,OFF-LA-10001158,30.0,40.0,4,3,4468
6263,2023-12-20,First Class,Corporate,Office Supplies,Binders,OFF-BI-10004584,400.0,440.0,7,3,4947
6264,2023-05-22,Standard Class,Corporate,Office Supplies,Binders,OFF-BI-10004965,30.0,30.0,3,3,4504
6265,2023-05-11,Same Day,Consumer,Office Supplies,Binders,OFF-BI-10004654,30.0,30.0,5,5,307
6266,2022-11-03,Standard Class,Consumer,Office Supplies,Paper,OFF-PA-10000141,10.0,10.0,2,2,4765
6267,2022-01-29,Standard Class,Consumer,Office Supplies,Paper,OFF-PA-10001019,120.0,140.0,9,4,5002
6268,2023-08-10,Second Class,Home Office,Technology,Phones,TEC-PH-10002496,290.0,310.0,2,2,1012
6269,2023-12-25,Second Class,Home Office,Office Supplies,Binders,OFF-BI-10000829,20.0,20.0,5,3,1824
6270,2023-03-28,Standard Class,Corporate,Technology,Phones,TEC-PH-10001448,30.0,40.0,1,2,4661
6271,2023-06-03,Standard Class,Corporate,Furniture,Chairs,FUR-CH-10004983,1030.0,1160.0,9,2,2581
6272,2022-10-29,Standard Class,Corporate,Office Supplies,Art,OFF-AR-10004022,170.0,180.0,5,3,1087
6273,2022-04-27,First Class,Corporate,Technology,Accessories,TEC-AC-10001284,100.0,120.0,7,4,83
6274,2023-01-30,Second Class,Consumer,Furniture,Furnishings,FUR-FU-10001847,10.0,10.0,3,5,3568
6275,2022-11-26,Second Class,Consumer,Technology,Accessories,TEC-AC-10004595,400.0,430.0,3,5,1971
6276,2022-09-22,Second Class,Consumer,Furniture,Furnishings,FUR-FU-10004164,20.0,20.0,5,3,2684
6277,2022-02-20,Second Class,Consumer,Office Supplies,Labels,OFF-LA-10001074,80.0,90.0,7,4,4591
6278,2023-05-27,Second Class,Consumer,Office Supplies,Storage,OFF-ST-10000604,60.0,70.0,2,2,3892
6279,2023-01-24,Second Class,Consumer,Technology,Phones,TEC-PH-10000148,20.0,20.0,2,4,2834
6280,2023-02-26,Second Class,Consumer,Office Supplies,Binders,OFF-BI-10000042,10.0,10.0,3,5,115
6281,2022-04-27,Standard Class,Consumer,Office Supplies,Labels,OFF-LA-10000443,10.0,10.0,2,3,2854
6282,2022-10-16,Standard Class,Consumer,Furniture,Furnishings,FUR-FU-10002874,50.0,60.0,2,3,4090
6283,2023-03-07,Standard Class,Consumer,Office Supplies,Storage,OFF-ST-10003994,120.0,140.0,3,5,1172
6284,2022-09-07,Standard Class,Corporate,Office Supplies,Envelopes,OFF-EN-10001453,280.0,300.0,5,3,836
6285,2023-09-05,Standard Class,Corporate,Furniture,Chairs,FUR-CH-10000988,490.0,560.0,5,3,3557
6286,2023-01-28,Standard Class,Corporate,Furniture,Tables,FUR-TA-10003238,590.0,660.0,2,3,124
6287,2023-11-07,Standard Class,Home Office,Technology,Phones,TEC-PH-10001061,200.0,240.0,3,5,1480
6288,2022-05-18,Standard Class,Corporate,Furniture,Tables,FUR-TA-10003715,460.0,500.0,3,5,4112
6289,2022-05-11,Standard Class,Corporate,Office Supplies,Binders,OFF-BI-10001597,160.0,200.0,6,3,2211
6290,2023-10-01,Second Class,Home Office,Furniture,Chairs,FUR-CH-10004063,790.0,920.0,4,3,2190
6291,2022-04-04,Second Class,Home Office,Furniture,Furnishings,FUR-FU-10001979,280.0,330.0,8,2,1302
6292,2023-03-09,First Class,Consumer,Furniture,Chairs,FUR-CH-10001854,610.0,700.0,2,4,2873
6293,2022-08-26,Standard Class,Consumer,Technology,Phones,TEC-PH-10002923,70.0,90.0,3,5,2434
6294,2022-10-07,Standard Class,Consumer,Office Supplies,Art,OFF-AR-10004691,50.0,60.0,3,4,3055
6295,2022-02-15,First Class,Corporate,Office Supplies,Binders,OFF-BI-10002931,30.0,30.0,1,3,499
6296,2022-08-17,Standard Class,Corporate,Office Supplies,Appliances,OFF-AP-10002651,1570.0,1740.0,6,2,1213
6297,2023-11-26,Standard Class,Corporate,Office Supplies,Storage,OFF-ST-10000689,670.0,700.0,5,2,3062
6298,2022-05-23,Standard Class,Corporate,Office Supplies,Paper,OFF-PA-10003302,120.0,140.0,4,3,1912
6299,2022-01-02,Standard Class,Corporate,Office Supplies,Binders,OFF-BI-10001460,40.0,40.0,3,4,645
6300,2022-03-05,First Class,Home Office,Furniture,Furnishings,FUR-FU-10003489,30.0,30.0,3,5,2929
6301,2023-09-05,Standard Class,Consumer,Office Supplies,Binders,OFF-BI-10002794,20.0,20.0,3,4,2230
6302,2023-06-04,Standard Class,Consumer,Office Supplies,Envelopes,OFF-EN-10000461,10.0,10.0,2,5,603
6303,2023-10-01,Standard Class,Consumer,Technology,Phones,TEC-PH-10001305,190.0,200.0,5,2,2716
6304,2022-09-19,Second Class,Home Office,Office Supplies,Paper,OFF-PA-10000167,60.0,70.0,3,3,1175
6305,2022-05-19,Same Day,Consumer,Office Supplies,Paper,OFF-PA-10002947,10.0,10.0,1,2,5051
6306,2022-04-07,Second Class,Corporate,Office Supplies,Supplies,OFF-SU-10002301,20.0,20.0,7,4,973
6307,2022-11-29,Second Class,Corporate,Furniture,Chairs,FUR-CH-10003298,80.0,100.0,1,5,3037
6308,2022-07-21,Second Class,Corporate,Office Supplies,Paper,OFF-PA-10004353,40.0,50.0,3,5,716
6309,2023-08-27,Second Class,Corporate,Furniture,Chairs,FUR-CH-10000229,570.0,650.0,3,3,3073
6310,2023-11-08,Second Class,Corporate,Office Supplies,Labels,OFF-LA-10003930,600.0,630.0,8,4,372
6311,2023-04-24,Second Class,Corporate,Office Supplies,Paper,OFF-PA-10000176,20.0,20.0,1,4,1779
6312,2022-07-09,Standard Class,Consumer,Furniture,Furnishings,FUR-FU-10004006,120.0,130.0,3,2,1728
6313,2022-01-19,Standard Class,Corporate,Office Supplies,Storage,OFF-ST-10001932,520.0,580.0,3,3,4927
6314,2022-12-26,Standard Class,Corporate,Technology,Phones,TEC-PH-10000923,10.0,10.0,1,2,4553
6315,2023-03-08,Standard Class,Corporate,Office Supplies,Art,OFF-AR-10000380,120.0,150.0,4,4,950
6316,2022-01-21,Standard Class,Corporate,Office Supplies,Labels,OFF-LA-10003930,180.0,200.0,2,4,1212
6317,2022-07-23,Standard Class,Corporate,Office Supplies,Paper,OFF-PA-10001815,120.0,140.0,3,5,2451
6318,2023-11-08,Standard Class,Corporate,Office Supplies,Paper,OFF-PA-10004082,20.0,20.0,2,4,4671
6319,2022-09-23,Second Class,Corporate,Technology,Phones,TEC-PH-10004071,40.0,40.0,5,2,5082
6320,2023-02-27,Second Class,Corporate,Office Supplies,Paper,OFF-PA-10002377,20.0,30.0,6,4,4905
6321,2023-07-07,Standard Class,Corporate,Office Supplies,Paper,OFF-PA-10001800,10.0,10.0,2,5,1521
6322,2022-05-31,Standard Class,Corporate,Office Supplies,Binders,OFF-BI-10002764,10.0,10.0,3,3,2113
6323,2022-11-13,Second Class,Home Office,Office Supplies,Envelopes,OFF-EN-10004459,20.0,20.0,2,3,3884
6324,2023-04-27,Standard Class,Consumer,Technology,Machines,TEC-MA-10000423,60.0,70.0,3,3,425
6325,2023-09-01,Standard Class,Corporate,Office Supplies,Paper,OFF-PA-10002986,20.0,30.0,5,4,3585
6326,2022-07-11,Standard Class,Corporate,Office Supplies,Envelopes,OFF-EN-10001434,180.0,210.0,4,2,4547
6327,2023-12-14,Standard Class,Consumer,Office Supplies,Storage,OFF-ST-10000760,10.0,10.0,1,4,143
6328,2022-01-19,Standard Class,Consumer,Furniture,Furnishings,FUR-FU-10002918,250.0,270.0,3,2,4929
6329,2022-10-02,Standard Class,Consumer,Office Supplies,Binders,OFF-BI-10000605,20.0,20.0,5,2,4288
6330,2023-07-25,Standard Class,Consumer,Office Supplies,Appliances,OFF-AP-10002311,230.0,250.0,4,4,1085
6331,2022-12-06,Standard Class,Consumer,Office Supplies,Storage,OFF-ST-10003123,60.0,70.0,2,5,4095
6332,2022-08-16,Standard Class,Consumer,Office Supplies,Art,OFF-AR-10004456,30.0,40.0,3,5,523
6333,2022-07-15,Standard Class,Consumer,Furniture,Furnishings,FUR-FU-10002268,10.0,10.0,3,3,4249
6334,2023-08-22,Standard Class,Consumer,Office Supplies,Binders,OFF-BI-10004364,30.0,30.0,5,4,4105
6335,2023-03-17,Standard Class,Consumer,Office Supplies,Paper,OFF-PA-10001970,40.0,50.0,4,2,88
6336,2023-05-15,Standard Class,Consumer,Office Supplies,Binders,OFF-BI-10002954,20.0,20.0,5,5,4278
6337,2023-06-20,Standard Class,Consumer,Furniture,Furnishings,FUR-FU-10000672,50.0,50.0,4,5,2704
6338,2023-02-13,Standard Class,Consumer,Technology,Phones,TEC-PH-10004908,290.0,340.0,5,5,913
6339,2022-02-22,Standard Class,Corporate,Technology,Phones,TEC-PH-10003095,70.0,90.0,4,2,1602
6340,2023-04-07,Standard Class,Corporate,Furniture,Chairs,FUR-CH-10002880,180.0,220.0,2,4,5006
6341,2022-02-21,Standard Class,Corporate,Technology,Machines,TEC-MA-10001047,4520.0,5200.0,4,5,1661
6342,2022-04-14,First Class,Consumer,Office Supplies,Storage,OFF-ST-10002554,140.0,160.0,4,4,584
6343,2023-03-03,First Class,Home Office,Technology,Accessories,TEC-AC-10004469,100.0,120.0,3,4,2124
6344,2022-12-08,First Class,Home Office,Office Supplies,Binders,OFF-BI-10000309,20.0,30.0,2,2,4612
6345,2022-04-03,First Class,Home Office,Office Supplies,Binders,OFF-BI-10001765,60.0,70.0,2,5,1379
6346,2023-10-10,First Class,Home Office,Technology,Phones,TEC-PH-10001619,540.0,590.0,3,4,1486
6347,2022-10-03,Same Day,Home Office,Office Supplies,Labels,OFF-LA-10002034,20.0,20.0,5,4,3716
6348,2023-01-02,Standard Class,Consumer,Office Supplies,Binders,OFF-BI-10000309,10.0,10.0,1,3,4922
6349,2023-05-24,Standard Class,Consumer,Office Supplies,Storage,OFF-ST-10000876,40.0,40.0,3,2,4383
6350,2022-11-06,Standard Class,Consumer,Office Supplies,Supplies,OFF-SU-10002573,30.0,40.0,2,3,1989
6351,2023-04-03,Standard Class,Consumer,Furniture,Furnishings,FUR-FU-10004622,100.0,110.0,5,3,4442
6352,2022-01-17,Standard Class,Corporate,Technology,Phones,TEC-PH-10002549,330.0,360.0,2,5,4667
6353,2023-04-11,Standard Class,Consumer,Office Supplies,Binders,OFF-BI-10004209,20.0,20.0,1,3,4249
6354,2022-05-09,Standard Class,Corporate,Office Supplies,Appliances,OFF-AP-10001962,10.0,10.0,1,4,1221
6355,2023-06-10,Standard Class,Corporate,Technology,Phones,TEC-PH-10002922,310.0,340.0,2,2,1927
6356,2022-07-01,Standard Class,Consumer,Office Supplies,Storage,OFF-ST-10000642,70.0,80.0,5,3,1713
6357,2023-09-12,Standard Class,Corporate,Office Supplies,Binders,OFF-BI-10001757,20.0,20.0,5,5,4104
6358,2023-05-29,Standard Class,Corporate,Office Supplies,Paper,OFF-PA-10004621,30.0,30.0,4,5,638
6359,2022-11-24,Standard Class,Corporate,Office Supplies,Paper,OFF-PA-10002262,10.0,10.0,1,5,1891
6360,2023-12-18,Standard Class,Corporate,Technology,Phones,TEC-PH-10004100,80.0,90.0,6,3,1879
6361,2023-04-13,Standard Class,Home Office,Office Supplies,Art,OFF-AR-10003582,50.0,60.0,2,2,2598
6362,2023-08-15,Standard Class,Consumer,Office Supplies,Art,OFF-AR-10003179,40.0,50.0,7,2,2116
6363,2023-04-13,Standard Class,Consumer,Office Supplies,Binders,OFF-BI-10001670,140.0,150.0,5,3,3748
6364,2022-01-04,Standard Class,Consumer,Technology,Machines,TEC-MA-10002073,880.0,1040.0,1,2,4131
6365,2023-01-04,Standard Class,Consumer,Office Supplies,Paper,OFF-PA-10003797,40.0,50.0,8,2,828
6366,2022-09-15,First Class,Home Office,Technology,Phones,TEC-PH-10004006,40.0,40.0,1,2,3728
6367,2023-09-08,First Class,Home Office,Office Supplies,Supplies,OFF-SU-10000646,210.0,240.0,1,4,4188
6368,2023-01-25,First Class,Home Office,Technology,Phones,TEC-PH-10002262,100.0,120.0,2,2,4057
6369,2022-05-29,Standard Class,Consumer,Office Supplies,Binders,OFF-BI-10002082,120.0,130.0,5,2,4571
6370,2023-05-05,Standard Class,Corporate,Furniture,Furnishings,FUR-FU-10001756,30.0,40.0,5,4,2887
6371,2022-07-23,Same Day,Home Office,Furniture,Bookcases,FUR-BO-10002598,90.0,110.0,2,5,1732
6372,2022-08-11,Second Class,Home Office,Furniture,Furnishings,FUR-FU-10001934,80.0,80.0,4,5,2389
6373,2023-07-02,Second Class,Home Office,Office Supplies,Art,OFF-AR-10001130,10.0,10.0,3,2,914
6374,2022-01-14,Second Class,Home Office,Technology,Accessories,TEC-AC-10002049,300.0,370.0,3,2,2007
6375,2022-05-10,Standard Class,Corporate,Furniture,Chairs,FUR-CH-10001394,450.0,560.0,2,5,469
6376,2023-11-24,Standard Class,Corporate,Office Supplies,Storage,OFF-ST-10000798,90.0,100.0,5,4,3695
6377,2023-01-20,First Class,Home Office,Office Supplies,Labels,OFF-LA-10000134,10.0,10.0,2,4,1129
6378,2022-12-17,Standard Class,Consumer,Furniture,Furnishings,FUR-FU-10002364,10.0,10.0,2,4,178
6379,2023-09-24,Standard Class,Home Office,Technology,Accessories,TEC-AC-10004571,80.0,100.0,1,3,219
6380,2022-06-11,Standard Class,Home Office,Office Supplies,Storage,OFF-ST-10003692,240.0,290.0,5,2,2833
6381,2022-06-13,Standard Class,Home Office,Office Supplies,Fasteners,OFF-FA-10001883,40.0,50.0,8,3,4000
6382,2022-05-22,Standard Class,Consumer,Furniture,Bookcases,FUR-BO-10004015,260.0,300.0,5,4,3034
6383,2022-03-09,Standard Class,Consumer,Technology,Phones,TEC-PH-10000141,130.0,160.0,4,4,3598
6384,2022-05-30,First Class,Consumer,Office Supplies,Binders,OFF-BI-10001597,30.0,30.0,4,3,4999
6385,2023-03-02,First Class,Consumer,Technology,Accessories,TEC-AC-10003628,40.0,50.0,2,3,3687
6386,2022-10-23,First Class,Consumer,Technology,Accessories,TEC-AC-10002331,60.0,60.0,8,3,3737
6387,2022-11-23,First Class,Consumer,Office Supplies,Binders,OFF-BI-10001098,20.0,25.0,1,4,2746
6388,2022-06-01,Standard Class,Consumer,Office Supplies,Paper,OFF-PA-10001204,10.0,10.0,2,3,205
6389,2023-09-14,Standard Class,Consumer,Office Supplies,Storage,OFF-ST-10000991,190.0,230.0,2,2,143
6390,2023-06-02,Standard Class,Corporate,Office Supplies,Envelopes,OFF-EN-10000056,280.0,310.0,5,5,4035
6391,2023-07-09,Standard Class,Corporate,Office Supplies,Paper,OFF-PA-10003349,10.0,10.0,2,2,2100
6392,2023-03-03,Standard Class,Consumer,Office Supplies,Paper,OFF-PA-10001471,10.0,10.0,2,5,2697
6393,2022-12-12,Standard Class,Consumer,Office Supplies,Labels,OFF-LA-10003190,10.0,10.0,2,3,3465
6394,2022-01-07,Standard Class,Consumer,Office Supplies,Fasteners,OFF-FA-10000621,20.0,20.0,6,2,1715
6395,2022-04-05,Standard Class,Consumer,Furniture,Furnishings,FUR-FU-10002937,380.0,400.0,4,4,4
6396,2022-08-17,Standard Class,Consumer,Office Supplies,Storage,OFF-ST-10004507,20.0,20.0,1,2,4614
6397,2022-01-27,Standard Class,Consumer,Office Supplies,Binders,OFF-BI-10000279,20.0,20.0,2,3,1738
6398,2023-08-09,Standard Class,Home Office,Office Supplies,Art,OFF-AR-10003651,10.0,10.0,2,3,3608
6399,2022-07-19,Standard Class,Home Office,Technology,Phones,TEC-PH-10003601,770.0,820.0,5,2,4067
6400,2023-03-05,Standard Class,Home Office,Office Supplies,Labels,OFF-LA-10002195,20.0,20.0,8,4,3501
6401,2022-03-18,Standard Class,Home Office,Office Supplies,Art,OFF-AR-10000380,210.0,230.0,6,2,3234
6402,2022-02-09,First Class,Consumer,Furniture,Bookcases,FUR-BO-10000330,220.0,240.0,2,3,1212
6403,2023-04-12,First Class,Consumer,Office Supplies,Binders,OFF-BI-10000591,10.0,10.0,1,4,1035
6404,2023-05-05,First Class,Consumer,Furniture,Furnishings,FUR-FU-10001731,10.0,10.0,3,4,1048
6405,2022-08-12,Standard Class,Consumer,Technology,Phones,TEC-PH-10001198,150.0,180.0,3,2,216
6406,2023-08-14,Second Class,Corporate,Furniture,Chairs,FUR-CH-10002331,510.0,570.0,2,3,2042
6407,2023-01-05,Second Class,Corporate,Office Supplies,Storage,OFF-ST-10002370,120.0,150.0,7,4,1
6408,2023-06-01,First Class,Consumer,Furniture,Chairs,FUR-CH-10003981,770.0,900.0,5,3,1901
6409,2022-08-27,First Class,Consumer,Office Supplies,Art,OFF-AR-10001446,40.0,50.0,5,2,422
6410,2022-09-25,First Class,Consumer,Office Supplies,Paper,OFF-PA-10000300,50.0,50.0,3,3,3871
6411,2023-02-12,First Class,Consumer,Technology,Phones,TEC-PH-10004071,10.0,10.0,1,2,2044
6412,2022-03-30,First Class,Consumer,Office Supplies,Paper,OFF-PA-10003134,70.0,80.0,2,4,209
6413,2023-07-12,Standard Class,Home Office,Office Supplies,Binders,OFF-BI-10002735,90.0,100.0,3,4,3127
6414,2022-02-13,Standard Class,Home Office,Technology,Accessories,TEC-AC-10004510,90.0,100.0,6,2,3064
6415,2022-07-02,Second Class,Home Office,Office Supplies,Binders,OFF-BI-10004099,10.0,10.0,5,5,4767
6416,2022-02-26,Same Day,Corporate,Office Supplies,Paper,OFF-PA-10003395,70.0,80.0,1,3,835
6417,2023-06-01,Standard Class,Consumer,Technology,Phones,TEC-PH-10002890,100.0,110.0,4,5,4199
6418,2022-06-15,Standard Class,Consumer,Office Supplies,Fasteners,OFF-FA-10004968,10.0,10.0,2,3,520
6419,2023-05-22,Standard Class,Corporate,Office Supplies,Supplies,OFF-SU-10001218,20.0,20.0,2,3,3806
6420,2023-03-04,Standard Class,Corporate,Furniture,Chairs,FUR-CH-10002084,320.0,370.0,3,5,3430
6421,2022-01-11,Standard Class,Corporate,Office Supplies,Art,OFF-AR-10004269,10.0,10.0,3,4,461
6422,2023-08-01,Standard Class,Corporate,Office Supplies,Storage,OFF-ST-10001128,300.0,330.0,3,4,4185
6423,2022-05-05,Standard Class,Corporate,Technology,Accessories,TEC-AC-10002006,90.0,110.0,7,4,3436
6424,2022-08-10,First Class,Home Office,Furniture,Chairs,FUR-CH-10003956,410.0,450.0,8,4,3894
6425,2023-12-16,Standard Class,Consumer,Office Supplies,Paper,OFF-PA-10000552,20.0,20.0,3,2,1242
6426,2023-06-07,Standard Class,Consumer,Technology,Copiers,TEC-CO-10004722,7310.0,8400.0,4,3,469
6427,2023-10-02,Standard Class,Consumer,Office Supplies,Binders,OFF-BI-10004308,10.0,10.0,1,3,2228
6428,2023-03-26,Standard Class,Consumer,Office Supplies,Paper,OFF-PA-10000029,10.0,10.0,2,2,4302
6429,2022-06-11,Standard Class,Consumer,Technology,Phones,TEC-PH-10004080,100.0,120.0,3,3,4988
6430,2022-07-09,Standard Class,Consumer,Office Supplies,Storage,OFF-ST-10001558,30.0,30.0,2,5,1229
6431,2023-10-11,Standard Class,Consumer,Furniture,Tables,FUR-TA-10001768,870.0,950.0,6,3,798
6432,2022-06-20,Standard Class,Consumer,Office Supplies,Binders,OFF-BI-10002982,10.0,10.0,7,2,3060
6433,2022-04-05,Standard Class,Consumer,Furniture,Furnishings,FUR-FU-10001468,340.0,410.0,3,5,2035
6434,2023-04-27,Standard Class,Corporate,Office Supplies,Paper,OFF-PA-10001838,20.0,20.0,5,4,483
6435,2023-12-28,Standard Class,Corporate,Technology,Phones,TEC-PH-10002890,150.0,180.0,5,4,1170
6436,2023-08-07,First Class,Consumer,Furniture,Furnishings,FUR-FU-10004963,40.0,40.0,4,2,1854
6437,2023-07-25,First Class,Consumer,Office Supplies,Storage,OFF-ST-10000025,450.0,480.0,5,5,3628
6438,2022-07-04,First Class,Consumer,Technology,Phones,TEC-PH-10004389,250.0,300.0,3,5,1670
6439,2022-07-08,Standard Class,Consumer,Furniture,Tables,FUR-TA-10000577,890.0,970.0,4,2,4443
6440,2023-04-19,First Class,Consumer,Furniture,Chairs,FUR-CH-10003298,550.0,590.0,5,2,2382
6441,2023-01-08,Standard Class,Corporate,Office Supplies,Art,OFF-AR-10001860,30.0,30.0,5,3,2061
6442,2023-11-21,Standard Class,Corporate,Office Supplies,Storage,OFF-ST-10003123,80.0,100.0,3,4,976
6443,2023-11-13,Standard Class,Corporate,Office Supplies,Paper,OFF-PA-10001295,40.0,40.0,2,5,1755
6444,2023-02-03,Standard Class,Corporate,Office Supplies,Labels,OFF-LA-10000407,20.0,20.0,5,3,1505
6445,2023-11-15,Standard Class,Corporate,Furniture,Furnishings,FUR-FU-10003535,70.0,80.0,3,5,760
6446,2023-08-08,Standard Class,Consumer,Office Supplies,Fasteners,OFF-FA-10000611,10.0,10.0,6,2,1804
6447,2023-05-01,Second Class,Home Office,Furniture,Furnishings,FUR-FU-10004848,100.0,100.0,5,5,274
6448,2023-01-19,Second Class,Home Office,Office Supplies,Labels,OFF-LA-10002381,20.0,20.0,1,3,2908
6449,2022-05-25,Second Class,Home Office,Office Supplies,Storage,OFF-ST-10000918,10.0,10.0,1,4,2458
6450,2022-12-26,Standard Class,Consumer,Office Supplies,Binders,OFF-BI-10000822,10.0,10.0,2,4,4675
6451,2022-06-16,Standard Class,Consumer,Office Supplies,Paper,OFF-PA-10002222,50.0,50.0,2,5,729
6452,2022-11-01,Standard Class,Consumer,Office Supplies,Art,OFF-AR-10004930,10.0,10.0,1,5,3232
6453,2023-06-26,Second Class,Consumer,Technology,Phones,TEC-PH-10001750,140.0,160.0,3,4,3742
6454,2022-11-29,Standard Class,Consumer,Office Supplies,Art,OFF-AR-10000657,10.0,10.0,2,2,274
6455,2022-09-07,First Class,Consumer,Office Supplies,Storage,OFF-ST-10003442,50.0,60.0,2,4,3173
6456,2022-10-08,First Class,Consumer,Furniture,Furnishings,FUR-FU-10003142,40.0,40.0,7,4,3438
6457,2022-09-04,Standard Class,Corporate,Technology,Phones,TEC-PH-10002468,130.0,140.0,1,2,810
6458,2022-01-09,Standard Class,Corporate,Office Supplies,Art,OFF-AR-10004165,20.0,20.0,7,2,2063
6459,2023-04-25,First Class,Corporate,Office Supplies,Art,OFF-AR-10001919,10.0,10.0,2,2,5089
6460,2022-12-31,First Class,Corporate,Office Supplies,Art,OFF-AR-10003045,10.0,10.0,5,4,3275
6461,2022-02-17,First Class,Corporate,Office Supplies,Art,OFF-AR-10003338,40.0,40.0,5,4,456
6462,2023-03-14,First Class,Corporate,Technology,Accessories,TEC-AC-10003280,70.0,90.0,3,3,3789
6463,2022-05-19,First Class,Corporate,Furniture,Chairs,FUR-CH-10003298,220.0,260.0,2,3,1448
6464,2022-01-10,First Class,Corporate,Office Supplies,Labels,OFF-LA-10004544,60.0,70.0,5,2,3015
6465,2023-11-18,Standard Class,Home Office,Furniture,Furnishings,FUR-FU-10004586,10.0,10.0,2,2,5063
6466,2022-11-16,Standard Class,Consumer,Office Supplies,Storage,OFF-ST-10003572,70.0,80.0,6,3,2891
6467,2022-03-26,Second Class,Consumer,Technology,Accessories,TEC-AC-10002331,60.0,70.0,7,4,2256
6468,2022-08-02,Standard Class,Home Office,Office Supplies,Storage,OFF-ST-10000142,1850.0,2080.0,5,5,4474
6469,2022-01-04,Standard Class,Home Office,Technology,Phones,TEC-PH-10000441,520.0,630.0,5,3,4525
6470,2023-03-22,Standard Class,Home Office,Furniture,Furnishings,FUR-FU-10004864,60.0,70.0,6,2,1116
6471,2023-02-16,Standard Class,Home Office,Technology,Phones,TEC-PH-10001750,110.0,130.0,2,3,967
6472,2022-07-13,Standard Class,Home Office,Technology,Accessories,TEC-AC-10004510,100.0,110.0,7,3,1772
6473,2022-04-02,Standard Class,Home Office,Office Supplies,Labels,OFF-LA-10001074,90.0,100.0,10,4,3773
6474,2022-09-17,Second Class,Consumer,Office Supplies,Appliances,OFF-AP-10003590,760.0,870.0,3,4,681
6475,2023-03-24,First Class,Corporate,Furniture,Bookcases,FUR-BO-10003433,50.0,60.0,4,3,410
6476,2023-10-05,Standard Class,Consumer,Office Supplies,Binders,OFF-BI-10002432,20.0,20.0,3,4,2662
6477,2022-06-17,Standard Class,Consumer,Office Supplies,Appliances,OFF-AP-10003622,10.0,10.0,2,4,1402
6478,2023-04-30,Standard Class,Consumer,Technology,Accessories,TEC-AC-10003832,170.0,210.0,1,3,2349
6479,2023-03-03,Standard Class,Consumer,Office Supplies,Paper,OFF-PA-10000809,20.0,20.0,3,5,4629
6480,2022-08-28,Standard Class,Consumer,Technology,Phones,TEC-PH-10000441,420.0,500.0,5,4,954
6481,2023-05-21,Standard Class,Consumer,Office Supplies,Appliances,OFF-AP-10002287,20.0,20.0,7,2,3725
6482,2022-02-18,Standard Class,Consumer,Furniture,Bookcases,FUR-BO-10002824,210.0,240.0,2,3,2935
6483,2023-10-03,Standard Class,Consumer,Technology,Accessories,TEC-AC-10002942,100.0,110.0,2,2,3534
6484,2022-04-26,Standard Class,Corporate,Furniture,Tables,FUR-TA-10001932,350.0,380.0,2,2,5034
6485,2023-06-02,Standard Class,Corporate,Technology,Machines,TEC-MA-10003173,70.0,80.0,6,5,3062
6486,2022-10-30,Standard Class,Corporate,Office Supplies,Paper,OFF-PA-10004156,40.0,50.0,4,3,4746
6487,2022-05-18,Standard Class,Consumer,Office Supplies,Appliances,OFF-AP-10002945,870.0,960.0,4,2,2885
6488,2023-07-31,Standard Class,Consumer,Office Supplies,Binders,OFF-BI-10000948,10.0,10.0,3,5,3352
6489,2023-09-04,Standard Class,Consumer,Office Supplies,Paper,OFF-PA-10002254,240.0,300.0,14,3,2536
6490,2022-03-13,Standard Class,Consumer,Office Supplies,Paper,OFF-PA-10004782,20.0,30.0,5,2,4902
6491,2023-11-23,Standard Class,Corporate,Furniture,Furnishings,FUR-FU-10000222,90.0,100.0,4,4,4242
6492,2023-05-30,Standard Class,Corporate,Furniture,Bookcases,FUR-BO-10004695,230.0,290.0,2,3,4197
6493,2023-10-16,Standard Class,Corporate,Office Supplies,Storage,OFF-ST-10003327,40.0,40.0,5,5,2931
6494,2023-11-29,Standard Class,Corporate,Technology,Phones,TEC-PH-10003357,230.0,240.0,4,4,734
6495,2022-12-02,Second Class,Consumer,Technology,Accessories,TEC-AC-10002167,20.0,20.0,2,2,4445
6496,2022-12-12,Second Class,Consumer,Office Supplies,Paper,OFF-PA-10001937,20.0,20.0,3,3,3361
6497,2023-02-23,Second Class,Consumer,Technology,Accessories,TEC-AC-10004510,20.0,30.0,2,3,4318
6498,2022-04-10,Standard Class,Home Office,Furniture,Furnishings,FUR-FU-10001487,20.0,20.0,3,2,4688
6499,2023-07-05,Standard Class,Home Office,Office Supplies,Binders,OFF-BI-10000069,120.0,140.0,9,2,2642
6500,2022-05-29,Standard Class,Home Office,Technology,Accessories,TEC-AC-10003289,250.0,280.0,14,3,4191
6501,2023-01-01,Standard Class,Home Office,Office Supplies,Binders,OFF-BI-10000069,80.0,90.0,6,5,660
6502,2022-09-17,Standard Class,Consumer,Technology,Phones,TEC-PH-10001299,480.0,540.0,6,4,4202
6503,2023-04-13,Standard Class,Consumer,Technology,Phones,TEC-PH-10001552,40.0,50.0,7,5,4659
6504,2023-11-30,Standard Class,Consumer,Office Supplies,Binders,OFF-BI-10001098,20.0,20.0,3,5,366
6505,2023-07-07,Second Class,Corporate,Office Supplies,Storage,OFF-ST-10000142,1100.0,1250.0,3,3,865
6506,2023-10-25,Standard Class,Corporate,Office Supplies,Art,OFF-AR-10001547,10.0,10.0,3,5,3644
6507,2023-09-09,Second Class,Corporate,Office Supplies,Paper,OFF-PA-10001593,20.0,20.0,4,5,4453
6508,2022-07-30,Second Class,Corporate,Furniture,Furnishings,FUR-FU-10004071,280.0,330.0,4,5,4536
6509,2023-10-03,Standard Class,Corporate,Office Supplies,Paper,OFF-PA-10001970,240.0,280.0,5,3,177
6510,2023-07-27,Standard Class,Corporate,Office Supplies,Binders,OFF-BI-10001524,50.0,50.0,3,5,3120
6511,2022-07-01,Standard Class,Corporate,Office Supplies,Paper,OFF-PA-10004156,30.0,30.0,3,2,3133
6512,2023-12-05,Standard Class,Home Office,Office Supplies,Art,OFF-AR-10003158,20.0,20.0,6,3,4528
6513,2023-08-21,Standard Class,Home Office,Office Supplies,Labels,OFF-LA-10004559,10.0,10.0,4,2,3013
6514,2023-07-04,Standard Class,Home Office,Office Supplies,Paper,OFF-PA-10001033,240.0,290.0,7,3,4033
6515,2023-08-13,Standard Class,Home Office,Technology,Phones,TEC-PH-10001336,190.0,210.0,2,3,1243
6516,2022-09-11,Standard Class,Consumer,Furniture,Chairs,FUR-CH-10002961,200.0,220.0,3,3,680
6517,2022-03-14,Standard Class,Consumer,Furniture,Furnishings,FUR-FU-10001488,480.0,530.0,5,2,4167
6518,2022-02-10,Standard Class,Consumer,Office Supplies,Art,OFF-AR-10001915,80.0,100.0,10,2,4424
6519,2023-06-15,Standard Class,Consumer,Office Supplies,Appliances,OFF-AP-10001205,100.0,110.0,2,2,1911
6520,2022-11-20,Standard Class,Consumer,Office Supplies,Binders,OFF-BI-10004528,15.0,15.0,1,3,1721
6521,2022-10-15,Second Class,Consumer,Office Supplies,Binders,OFF-BI-10004995,4570.0,5440.0,4,4,1699
6522,2023-08-22,Second Class,Consumer,Furniture,Chairs,FUR-CH-10004626,280.0,300.0,3,3,201
6523,2023-10-13,Second Class,Consumer,Office Supplies,Paper,OFF-PA-10001260,50.0,60.0,7,2,598
6524,2022-09-23,Standard Class,Home Office,Office Supplies,Labels,OFF-LA-10002945,10.0,10.0,2,2,1152
6525,2022-04-24,Standard Class,Home Office,Technology,Phones,TEC-PH-10002310,60.0,60.0,1,3,4184
6526,2023-06-06,Standard Class,Home Office,Office Supplies,Binders,OFF-BI-10001525,10.0,10.0,5,3,2174
6527,2023-03-19,Standard Class,Home Office,Office Supplies,Binders,OFF-BI-10001308,10.0,10.0,5,2,1520
6528,2023-05-09,Second Class,Corporate,Technology,Copiers,TEC-CO-10002095,1680.0,2000.0,4,5,2737
6529,2023-06-04,Standard Class,Home Office,Office Supplies,Storage,OFF-ST-10004946,190.0,220.0,4,3,4451
6530,2023-04-01,Standard Class,Home Office,Office Supplies,Labels,OFF-LA-10004425,10.0,10.0,3,3,4372
6531,2022-03-18,Standard Class,Home Office,Office Supplies,Binders,OFF-BI-10000320,20.0,20.0,3,4,4285
6532,2022-03-22,Standard Class,Consumer,Office Supplies,Art,OFF-AR-10001315,10.0,10.0,5,5,4047
6533,2022-08-22,Standard Class,Consumer,Technology,Accessories,TEC-AC-10004595,120.0,140.0,1,3,1532
6534,2023-03-27,Standard Class,Consumer,Technology,Accessories,TEC-AC-10001539,340.0,400.0,5,2,3595
6535,2022-07-26,Standard Class,Consumer,Office Supplies,Binders,OFF-BI-10001359,1810.0,2150.0,3,4,2282
6536,2023-02-08,Standard Class,Consumer,Furniture,Bookcases,FUR-BO-10002213,3690.0,4010.0,10,5,1099
6537,2022-12-16,First Class,Corporate,Furniture,Tables,FUR-TA-10003008,270.0,330.0,3,5,4318
6538,2022-10-10,First Class,Corporate,Office Supplies,Storage,OFF-ST-10000934,80.0,100.0,3,3,1681
6539,2023-12-30,Standard Class,Corporate,Technology,Phones,TEC-PH-10004042,140.0,160.0,1,3,421
6540,2022-01-26,Standard Class,Corporate,Furniture,Chairs,FUR-CH-10002439,250.0,290.0,5,2,2443
6541,2023-01-17,First Class,Consumer,Office Supplies,Paper,OFF-PA-10001363,60.0,70.0,6,4,1975
6542,2022-01-03,First Class,Consumer,Furniture,Furnishings,FUR-FU-10003394,130.0,140.0,2,2,1391
6543,2023-08-03,First Class,Consumer,Technology,Phones,TEC-PH-10003171,100.0,110.0,3,2,1510
6544,2022-07-24,First Class,Consumer,Office Supplies,Storage,OFF-ST-10003123,30.0,30.0,1,5,1357
6545,2023-10-08,Standard Class,Consumer,Office Supplies,Binders,OFF-BI-10003007,60.0,60.0,5,2,1783
6546,2022-03-17,Standard Class,Consumer,Office Supplies,Labels,OFF-LA-10000973,10.0,10.0,2,3,1151
6547,2023-08-06,Standard Class,Consumer,Office Supplies,Paper,OFF-PA-10000483,20.0,20.0,1,2,4125
6548,2023-08-29,Standard Class,Home Office,Furniture,Chairs,FUR-CH-10000863,590.0,630.0,6,3,4740
6549,2023-05-14,Standard Class,Home Office,Office Supplies,Paper,OFF-PA-10003036,20.0,20.0,3,2,1972
6550,2023-01-30,First Class,Home Office,Furniture,Chairs,FUR-CH-10002304,130.0,160.0,6,5,2237
6551,2022-08-29,Second Class,Consumer,Furniture,Chairs,FUR-CH-10000422,310.0,330.0,4,2,1865
6552,2023-10-06,Second Class,Home Office,Office Supplies,Paper,OFF-PA-10002986,10.0,10.0,2,3,449
6553,2023-05-02,Second Class,Home Office,Office Supplies,Storage,OFF-ST-10002289,150.0,160.0,5,5,282
6554,2022-04-24,Second Class,Home Office,Technology,Accessories,TEC-AC-10001606,280.0,320.0,4,3,4036
6555,2023-01-03,Second Class,Home Office,Office Supplies,Storage,OFF-ST-10003805,440.0,510.0,3,3,970
6556,2022-01-28,Second Class,Home Office,Office Supplies,Paper,OFF-PA-10002109,10.0,10.0,1,3,3039
6557,2022-08-01,Second Class,Home Office,Office Supplies,Binders,OFF-BI-10000632,10.0,10.0,1,3,236
6558,2022-03-07,Second Class,Home Office,Office Supplies,Labels,OFF-LA-10003510,20.0,20.0,1,4,1051
6559,2023-10-02,Standard Class,Corporate,Furniture,Chairs,FUR-CH-10004997,1430.0,1520.0,9,5,1179
6560,2022-02-12,Standard Class,Corporate,Office Supplies,Envelopes,OFF-EN-10003001,360.0,420.0,5,5,4119
6561,2023-04-06,Standard Class,Corporate,Office Supplies,Labels,OFF-LA-10003766,20.0,20.0,1,3,855
6562,2023-10-22,First Class,Corporate,Office Supplies,Appliances,OFF-AP-10003040,30.0,30.0,5,2,1340
6563,2022-01-01,Standard Class,Consumer,Office Supplies,Binders,OFF-BI-10001078,20.0,20.0,3,4,4928
6564,2022-07-25,Standard Class,Consumer,Furniture,Tables,FUR-TA-10003469,170.0,190.0,2,5,4409
6565,2023-12-22,Standard Class,Consumer,Office Supplies,Art,OFF-AR-10002578,10.0,10.0,3,2,4831
6566,2023-11-13,Standard Class,Consumer,Furniture,Chairs,FUR-CH-10004675,770.0,870.0,4,2,777
6567,2023-11-12,Second Class,Consumer,Office Supplies,Binders,OFF-BI-10004632,220.0,240.0,4,4,1077
6568,2022-03-20,Second Class,Consumer,Office Supplies,Art,OFF-AR-10003087,10.0,10.0,5,2,1055
6569,2022-10-25,Standard Class,Consumer,Office Supplies,Art,OFF-AR-10001868,10.0,10.0,2,2,2284
6570,2022-07-27,Standard Class,Consumer,Furniture,Chairs,FUR-CH-10002602,270.0,320.0,3,2,4417
6571,2022-02-02,Standard Class,Consumer,Office Supplies,Envelopes,OFF-EN-10000056,140.0,150.0,3,2,206
6572,2022-08-30,Standard Class,Consumer,Technology,Accessories,TEC-AC-10000474,190.0,230.0,3,4,342
6573,2023-10-12,Standard Class,Consumer,Office Supplies,Paper,OFF-PA-10003971,10.0,10.0,2,5,4637
6574,2022-01-06,Standard Class,Corporate,Office Supplies,Storage,OFF-ST-10000689,480.0,560.0,4,4,4199
6575,2022-03-19,Standard Class,Corporate,Technology,Machines,TEC-MA-10004255,270.0,320.0,8,4,3210
6576,2023-05-19,Standard Class,Consumer,Technology,Accessories,TEC-AC-10000990,1000.0,1050.0,8,3,2747
6577,2023-01-21,Standard Class,Consumer,Furniture,Chairs,FUR-CH-10003968,140.0,170.0,3,4,1861
6578,2022-06-17,Second Class,Consumer,Technology,Phones,TEC-PH-10001615,140.0,170.0,6,2,2182
6579,2022-07-10,Standard Class,Consumer,Technology,Phones,TEC-PH-10000895,940.0,1010.0,7,3,2395
6580,2022-01-06,Same Day,Consumer,Office Supplies,Paper,OFF-PA-10003001,10.0,10.0,1,2,2309
6581,2022-07-13,Same Day,Consumer,Office Supplies,Art,OFF-AR-10002766,10.0,10.0,3,2,3110
6582,2023-06-05,Same Day,Consumer,Furniture,Furnishings,FUR-FU-10003095,90.0,100.0,3,5,432
6583,2022-05-02,Standard Class,Corporate,Technology,Accessories,TEC-AC-10003610,150.0,180.0,3,2,1222
6584,2023-09-10,Standard Class,Consumer,Office Supplies,Art,OFF-AR-10003727,80.0,100.0,6,2,3665
6585,2022-11-22,Standard Class,Consumer,Technology,Phones,TEC-PH-10002660,240.0,270.0,4,5,2365
6586,2022-11-08,Standard Class,Consumer,Furniture,Furnishings,FUR-FU-10003274,10.0,10.0,5,3,4880
6587,2023-09-02,Standard Class,Consumer,Office Supplies,Art,OFF-AR-10003829,20.0,20.0,6,5,1252
6588,2023-01-14,Standard Class,Consumer,Furniture,Bookcases,FUR-BO-10003441,280.0,300.0,3,3,570
6589,2022-06-12,Standard Class,Consumer,Office Supplies,Binders,OFF-BI-10003355,10.0,10.0,3,5,1295
6590,2022-12-31,Standard Class,Consumer,Office Supplies,Supplies,OFF-SU-10003505,190.0,230.0,2,5,2274
6591,2022-03-03,First Class,Consumer,Office Supplies,Labels,OFF-LA-10004484,10.0,10.0,3,3,4738
6592,2023-03-11,Standard Class,Corporate,Office Supplies,Art,OFF-AR-10000658,30.0,30.0,3,3,4399
6593,2023-07-06,Standard Class,Corporate,Technology,Phones,TEC-PH-10000347,20.0,20.0,5,3,682
6594,2022-01-11,Second Class,Consumer,Office Supplies,Binders,OFF-BI-10001989,20.0,30.0,2,3,2990
6595,2022-10-20,Standard Class,Corporate,Office Supplies,Art,OFF-AR-10001897,110.0,130.0,7,2,4638
6596,2023-09-22,First Class,Corporate,Office Supplies,Binders,OFF-BI-10000285,10.0,10.0,5,2,1145
6597,2022-11-06,First Class,Corporate,Office Supplies,Paper,OFF-PA-10001804,10.0,10.0,1,4,1166
6598,2023-03-13,Standard Class,Consumer,Office Supplies,Binders,OFF-BI-10002557,10.0,10.0,1,2,1428
6599,2023-06-29,Standard Class,Consumer,Office Supplies,Paper,OFF-PA-10002319,60.0,60.0,2,2,4588
6600,2022-10-06,Standard Class,Corporate,Furniture,Furnishings,FUR-FU-10003849,50.0,60.0,3,3,3177
6601,2023-10-22,Standard Class,Corporate,Office Supplies,Paper,OFF-PA-10002923,130.0,150.0,3,5,3830
6602,2023-01-26,Standard Class,Corporate,Furniture,Chairs,FUR-CH-10004754,210.0,240.0,8,5,65
6603,2023-11-14,Standard Class,Corporate,Office Supplies,Labels,OFF-LA-10000634,20.0,20.0,6,5,1171
6604,2023-02-06,First Class,Consumer,Office Supplies,Storage,OFF-ST-10001418,140.0,150.0,3,4,3023
6605,2022-05-26,Standard Class,Consumer,Office Supplies,Fasteners,OFF-FA-10003467,10.0,10.0,3,2,2373
6606,2022-11-03,Standard Class,Consumer,Office Supplies,Paper,OFF-PA-10001293,50.0,50.0,7,2,671
6607,2023-12-13,Standard Class,Consumer,Technology,Phones,TEC-PH-10003885,200.0,210.0,4,3,4871
6608,2023-05-24,Standard Class,Consumer,Furniture,Chairs,FUR-CH-10004860,430.0,480.0,6,2,2197
6609,2023-05-18,Standard Class,Consumer,Technology,Machines,TEC-MA-10002428,320.0,370.0,3,4,2601
6610,2023-11-25,Same Day,Corporate,Office Supplies,Storage,OFF-ST-10002406,80.0,90.0,6,3,2227
6611,2022-01-24,First Class,Corporate,Office Supplies,Binders,OFF-BI-10004209,20.0,20.0,3,2,1007
6612,2022-03-24,Standard Class,Consumer,Furniture,Chairs,FUR-CH-10001891,160.0,190.0,2,4,2340
6613,2022-02-04,Standard Class,Consumer,Office Supplies,Binders,OFF-BI-10002215,20.0,20.0,3,5,4610
6614,2023-06-03,Standard Class,Consumer,Technology,Phones,TEC-PH-10002103,440.0,470.0,5,4,1763
6615,2023-07-23,Standard Class,Consumer,Furniture,Furnishings,FUR-FU-10003394,180.0,210.0,3,4,2636
6616,2023-08-27,First Class,Consumer,Furniture,Bookcases,FUR-BO-10004218,190.0,240.0,2,3,4070
6617,2023-02-02,First Class,Consumer,Office Supplies,Labels,OFF-LA-10000081,20.0,20.0,6,3,3194
6618,2022-11-14,First Class,Consumer,Office Supplies,Paper,OFF-PA-10001497,200.0,220.0,4,3,465
6619,2022-01-02,Second Class,Corporate,Office Supplies,Paper,OFF-PA-10004983,30.0,30.0,5,4,3294
6620,2022-10-20,Second Class,Corporate,Office Supplies,Art,OFF-AR-10004010,200.0,210.0,6,4,590
6621,2022-12-26,Second Class,Corporate,Office Supplies,Supplies,OFF-SU-10002881,3700.0,4160.0,5,3,345
6622,2023-01-29,Second Class,Corporate,Furniture,Bookcases,FUR-BO-10001608,170.0,210.0,3,2,4431
6623,2022-08-30,First Class,Corporate,Furniture,Furnishings,FUR-FU-10001487,30.0,40.0,6,4,478
6624,2023-05-01,First Class,Corporate,Office Supplies,Labels,OFF-LA-10001934,50.0,60.0,8,2,4710
6625,2023-10-24,Standard Class,Consumer,Furniture,Tables,FUR-TA-10002855,90.0,100.0,1,5,1723
6626,2023-06-10,Standard Class,Consumer,Furniture,Chairs,FUR-CH-10004875,160.0,200.0,4,4,4704
6627,2022-06-20,Standard Class,Consumer,Technology,Machines,TEC-MA-10001127,6440.0,7000.0,4,3,4136
6628,2022-05-29,Standard Class,Consumer,Office Supplies,Paper,OFF-PA-10003177,10.0,10.0,2,3,2901
6629,2022-09-06,Second Class,Consumer,Technology,Phones,TEC-PH-10000011,260.0,280.0,14,3,1778
6630,2022-12-05,Standard Class,Home Office,Office Supplies,Binders,OFF-BI-10001757,10.0,10.0,5,4,3213
6631,2022-09-17,Standard Class,Consumer,Furniture,Chairs,FUR-CH-10000847,600.0,700.0,3,5,1635
6632,2022-10-30,Standard Class,Consumer,Furniture,Tables,FUR-TA-10001307,1420.0,1750.0,5,4,895
6633,2023-06-30,Second Class,Home Office,Office Supplies,Appliances,OFF-AP-10001205,40.0,50.0,1,2,2156
6634,2022-07-12,Same Day,Consumer,Technology,Accessories,TEC-AC-10001838,180.0,200.0,1,3,329
6635,2022-12-10,Same Day,Consumer,Office Supplies,Binders,OFF-BI-10003982,70.0,70.0,11,3,2816
6636,2022-06-05,Same Day,Consumer,Technology,Phones,TEC-PH-10004977,590.0,630.0,4,4,73
6637,2023-03-07,Same Day,Consumer,Office Supplies,Labels,OFF-LA-10003510,110.0,120.0,5,3,3060
6638,2022-01-07,Second Class,Consumer,Office Supplies,Art,OFF-AR-10001573,10.0,10.0,3,5,3251
6639,2022-07-26,Second Class,Consumer,Office Supplies,Binders,OFF-BI-10001196,90.0,110.0,6,2,4649
6640,2022-06-18,Second Class,Corporate,Furniture,Tables,FUR-TA-10003954,1330.0,1420.0,8,4,2465
6641,2022-05-03,Standard Class,Consumer,Office Supplies,Binders,OFF-BI-10001989,120.0,130.0,6,4,101
6642,2022-10-02,Standard Class,Consumer,Technology,Accessories,TEC-AC-10001714,70.0,80.0,2,5,3340
6643,2022-07-19,Standard Class,Consumer,Office Supplies,Labels,OFF-LA-10003498,110.0,130.0,9,3,1820
6644,2023-01-29,Standard Class,Consumer,Technology,Phones,TEC-PH-10000576,390.0,440.0,4,5,4562
6645,2023-08-31,Standard Class,Consumer,Technology,Phones,TEC-PH-10004188,120.0,140.0,7,5,1221
6646,2023-01-10,Standard Class,Consumer,Office Supplies,Appliances,OFF-AP-10001469,120.0,130.0,4,4,3696
6647,2022-02-14,Standard Class,Home Office,Furniture,Tables,FUR-TA-10003473,480.0,560.0,3,3,3183
6648,2022-11-29,Standard Class,Home Office,Office Supplies,Appliances,OFF-AP-10001205,80.0,90.0,2,2,1705
6649,2022-09-21,First Class,Corporate,Office Supplies,Binders,OFF-BI-10002429,30.0,40.0,7,2,1603
6650,2023-02-20,First Class,Corporate,Technology,Copiers,TEC-CO-10001943,300.0,320.0,2,2,734
6651,2022-05-10,First Class,Corporate,Office Supplies,Fasteners,OFF-FA-10004854,40.0,50.0,5,3,3764
6652,2023-05-24,First Class,Corporate,Furniture,Furnishings,FUR-FU-10001095,20.0,20.0,2,4,614
6653,2023-08-14,First Class,Corporate,Office Supplies,Paper,OFF-PA-10000061,20.0,20.0,4,4,1929
6654,2023-08-28,First Class,Corporate,Furniture,Chairs,FUR-CH-10003535,200.0,210.0,5,2,4425
6655,2023-01-18,Standard Class,Home Office,Technology,Phones,TEC-PH-10004447,290.0,330.0,3,2,345
6656,2022-06-26,Standard Class,Home Office,Technology,Accessories,TEC-AC-10001114,30.0,30.0,1,2,1723
6657,2022-04-16,Standard Class,Home Office,Office Supplies,Storage,OFF-ST-10000563,50.0,50.0,2,3,2631
6658,2023-06-28,Standard Class,Home Office,Office Supplies,Envelopes,OFF-EN-10004846,10.0,10.0,5,3,4872
6659,2023-01-16,Standard Class,Home Office,Furniture,Furnishings,FUR-FU-10002253,60.0,70.0,2,4,4072
6660,2023-02-15,Standard Class,Home Office,Furniture,Tables,FUR-TA-10001039,370.0,390.0,9,5,4275
6661,2023-10-05,Second Class,Consumer,Office Supplies,Art,OFF-AR-10004587,30.0,40.0,2,4,517
6662,2022-06-20,Second Class,Consumer,Office Supplies,Appliances,OFF-AP-10004336,90.0,110.0,2,5,4962
6663,2023-01-20,Second Class,Consumer,Office Supplies,Binders,OFF-BI-10001718,370.0,450.0,7,2,3633
6664,2022-09-26,Standard Class,Consumer,Furniture,Tables,FUR-TA-10001520,330.0,360.0,5,2,3383
6665,2022-09-16,Standard Class,Consumer,Office Supplies,Envelopes,OFF-EN-10002831,230.0,250.0,7,2,4225
6666,2023-12-15,Second Class,Consumer,Office Supplies,Paper,OFF-PA-10001497,190.0,220.0,5,3,1420
6667,2022-08-24,Second Class,Consumer,Furniture,Furnishings,FUR-FU-10000719,40.0,40.0,5,4,2020
6668,2022-11-26,Second Class,Consumer,Office Supplies,Labels,OFF-LA-10002271,10.0,10.0,2,5,26
6669,2022-02-21,Second Class,Consumer,Office Supplies,Supplies,OFF-SU-10004661,20.0,20.0,2,2,4305
6670,2023-06-04,Second Class,Consumer,Technology,Accessories,TEC-AC-10004859,90.0,90.0,5,2,3440
6671,2022-06-15,Standard Class,Home Office,Office Supplies,Binders,OFF-BI-10002824,30.0,30.0,2,5,137
6672,2023-04-27,Second Class,Corporate,Office Supplies,Binders,OFF-BI-10001575,50.0,50.0,2,5,3378
6673,2023-03-03,Standard Class,Corporate,Office Supplies,Art,OFF-AR-10000380,220.0,270.0,7,4,3521
6674,2022-08-27,Standard Class,Home Office,Furniture,Furnishings,FUR-FU-10000820,60.0,70.0,4,5,222
6675,2022-10-17,Second Class,Consumer,Office Supplies,Art,OFF-AR-10003759,10.0,10.0,6,5,3324
6676,2023-03-27,Second Class,Consumer,Technology,Machines,TEC-MA-10002930,70.0,80.0,2,2,3791
6677,2023-03-10,Second Class,Consumer,Office Supplies,Appliances,OFF-AP-10004052,20.0,20.0,5,2,4137
6678,2023-09-22,Second Class,Consumer,Technology,Accessories,TEC-AC-10000990,370.0,390.0,3,5,2073
6679,2022-03-29,Standard Class,Home Office,Furniture,Furnishings,FUR-FU-10003724,40.0,50.0,7,5,562
6680,2022-11-26,Second Class,Consumer,Office Supplies,Storage,OFF-ST-10000918,10.0,10.0,1,3,1388
6681,2023-07-25,Second Class,Consumer,Office Supplies,Paper,OFF-PA-10000157,60.0,80.0,4,3,4203
6682,2023-03-23,Second Class,Consumer,Office Supplies,Paper,OFF-PA-10002499,120.0,150.0,3,3,254
6683,2022-02-14,First Class,Home Office,Office Supplies,Binders,OFF-BI-10002012,10.0,10.0,2,4,2157
6684,2023-05-13,Standard Class,Home Office,Furniture,Furnishings,FUR-FU-10000320,20.0,20.0,6,2,4882
6685,2023-10-30,Standard Class,Consumer,Office Supplies,Storage,OFF-ST-10003716,150.0,180.0,1,4,743
6686,2022-08-15,Standard Class,Consumer,Furniture,Furnishings,FUR-FU-10000965,30.0,40.0,2,5,3518
6687,2022-11-03,Standard Class,Consumer,Office Supplies,Art,OFF-AR-10003829,10.0,10.0,5,2,4583
6688,2022-12-01,Standard Class,Consumer,Office Supplies,Storage,OFF-ST-10003470,1060.0,1120.0,4,4,2443
6689,2023-07-01,Second Class,Corporate,Technology,Accessories,TEC-AC-10004568,100.0,110.0,4,2,2052
6690,2023-07-31,Standard Class,Corporate,Office Supplies,Art,OFF-AR-10000817,10.0,10.0,5,4,517
6691,2023-05-11,Standard Class,Corporate,Office Supplies,Binders,OFF-BI-10003460,20.0,20.0,4,2,2344
6692,2022-09-16,Standard Class,Corporate,Office Supplies,Appliances,OFF-AP-10002472,150.0,160.0,6,4,2168
6693,2022-01-01,Second Class,Home Office,Office Supplies,Binders,OFF-BI-10000632,420.0,480.0,11,2,2244
6694,2023-07-12,Second Class,Consumer,Office Supplies,Paper,OFF-PA-10000062,130.0,160.0,3,3,3258
6695,2022-09-18,Standard Class,Home Office,Technology,Accessories,TEC-AC-10002006,40.0,50.0,3,5,1945
6696,2023-03-15,Standard Class,Consumer,Office Supplies,Binders,OFF-BI-10004318,390.0,420.0,3,4,1032
6697,2023-05-28,Standard Class,Consumer,Office Supplies,Binders,OFF-BI-10004236,40.0,40.0,3,2,3074
6698,2022-02-27,Standard Class,Consumer,Office Supplies,Paper,OFF-PA-10000062,50.0,50.0,1,2,4137
6699,2022-03-01,Standard Class,Consumer,Office Supplies,Paper,OFF-PA-10003205,20.0,20.0,2,4,3024
6700,2023-07-15,Standard Class,Consumer,Furniture,Chairs,FUR-CH-10000988,190.0,230.0,2,5,345
6701,2022-11-11,Standard Class,Consumer,Office Supplies,Binders,OFF-BI-10001524,40.0,50.0,3,2,642
6702,2022-05-17,Standard Class,Consumer,Furniture,Furnishings,FUR-FU-10001986,150.0,160.0,4,2,2909
6703,2022-09-16,Standard Class,Consumer,Office Supplies,Binders,OFF-BI-10001031,10.0,10.0,4,2,3120
6704,2022-05-23,Standard Class,Consumer,Technology,Phones,TEC-PH-10002468,200.0,220.0,2,5,1849
6705,2023-09-09,Standard Class,Consumer,Office Supplies,Fasteners,OFF-FA-10003059,10.0,10.0,3,4,2803
6706,2022-04-30,Standard Class,Consumer,Technology,Phones,TEC-PH-10003931,130.0,140.0,3,4,3009
6707,2023-12-29,Standard Class,Corporate,Technology,Phones,TEC-PH-10003505,440.0,520.0,7,4,5092
6708,2023-02-22,Standard Class,Home Office,Office Supplies,Labels,OFF-LA-10002368,10.0,10.0,3,2,139
6709,2023-09-22,Standard Class,Consumer,Furniture,Chairs,FUR-CH-10004287,720.0,880.0,4,5,5054
6710,2022-11-05,Standard Class,Consumer,Furniture,Chairs,FUR-CH-10001891,200.0,230.0,3,5,4450
6711,2022-09-17,First Class,Corporate,Office Supplies,Binders,OFF-BI-10002133,220.0,270.0,8,2,4757
6712,2023-06-30,Second Class,Consumer,Office Supplies,Art,OFF-AR-10001419,10.0,10.0,3,5,526
6713,2022-02-07,Same Day,Consumer,Furniture,Furnishings,FUR-FU-10002298,250.0,270.0,6,2,2082
6714,2023-05-11,Same Day,Consumer,Furniture,Furnishings,FUR-FU-10004091,50.0,60.0,3,3,3534
6715,2022-05-24,Same Day,Consumer,Technology,Accessories,TEC-AC-10004510,30.0,40.0,3,2,2804
6716,2023-06-28,Same Day,Consumer,Office Supplies,Art,OFF-AR-10002987,90.0,100.0,6,5,4607
6717,2023-06-11,Standard Class,Home Office,Office Supplies,Fasteners,OFF-FA-10002280,30.0,30.0,6,5,3528
6718,2023-07-15,Standard Class,Home Office,Office Supplies,Paper,OFF-PA-10001934,30.0,30.0,4,4,1811
6719,2022-05-31,Standard Class,Home Office,Furniture,Furnishings,FUR-FU-10003268,150.0,160.0,4,3,4370
6720,2022-03-29,First Class,Consumer,Office Supplies,Appliances,OFF-AP-10004859,20.0,30.0,3,5,3449
6721,2023-10-07,Standard Class,Corporate,Technology,Accessories,TEC-AC-10000057,130.0,150.0,5,4,1554
6722,2022-01-18,Standard Class,Corporate,Office Supplies,Art,OFF-AR-10000914,20.0,20.0,2,3,1000
6723,2023-10-12,Standard Class,Corporate,Office Supplies,Art,OFF-AR-10004956,20.0,20.0,3,2,4899
6724,2022-04-22,Second Class,Consumer,Office Supplies,Fasteners,OFF-FA-10001843,10.0,10.0,6,3,3452
6725,2023-07-22,Standard Class,Consumer,Office Supplies,Fasteners,OFF-FA-10000585,10.0,10.0,3,2,2776
6726,2022-12-03,Standard Class,Consumer,Office Supplies,Labels,OFF-LA-10003720,10.0,10.0,3,4,3759
6727,2022-08-08,Standard Class,Consumer,Office Supplies,Binders,OFF-BI-10000301,20.0,20.0,4,5,314
6728,2022-09-12,Second Class,Corporate,Office Supplies,Paper,OFF-PA-10003302,140.0,180.0,5,2,2162
6729,2022-08-16,Standard Class,Corporate,Furniture,Furnishings,FUR-FU-10001889,50.0,50.0,6,5,3428
6730,2022-10-13,First Class,Corporate,Office Supplies,Binders,OFF-BI-10002982,10.0,10.0,3,2,1648
6731,2023-12-06,First Class,Corporate,Furniture,Chairs,FUR-CH-10002965,610.0,640.0,4,2,587
6732,2022-10-05,First Class,Corporate,Office Supplies,Paper,OFF-PA-10001937,20.0,20.0,4,2,3596
6733,2022-01-31,First Class,Corporate,Office Supplies,Paper,OFF-PA-10001977,150.0,180.0,4,5,2148
6734,2022-11-13,First Class,Corporate,Office Supplies,Appliances,OFF-AP-10000692,20.0,30.0,2,5,966
6735,2022-05-03,Standard Class,Home Office,Office Supplies,Labels,OFF-LA-10004093,10.0,10.0,2,3,4645
6736,2023-10-17,Standard Class,Consumer,Office Supplies,Appliances,OFF-AP-10004980,90.0,110.0,3,2,1999
6737,2023-03-22,Standard Class,Consumer,Office Supplies,Storage,OFF-ST-10001932,520.0,580.0,3,3,4512
6738,2023-10-27,Standard Class,Consumer,Office Supplies,Storage,OFF-ST-10000636,140.0,150.0,9,3,1076
6739,2023-01-22,Standard Class,Consumer,Office Supplies,Binders,OFF-BI-10000069,40.0,50.0,4,2,4366
6740,2022-05-20,Standard Class,Consumer,Office Supplies,Storage,OFF-ST-10001837,80.0,100.0,3,4,461
6741,2023-01-12,Standard Class,Consumer,Furniture,Chairs,FUR-CH-10003981,310.0,360.0,2,5,4432
6742,2022-10-08,Standard Class,Consumer,Office Supplies,Art,OFF-AR-10000716,10.0,10.0,3,2,3681
6743,2023-04-05,Standard Class,Consumer,Furniture,Chairs,FUR-CH-10001146,110.0,120.0,3,4,3258
6744,2022-04-27,Standard Class,Corporate,Office Supplies,Paper,OFF-PA-10002751,40.0,40.0,6,4,4797
6745,2023-07-07,Second Class,Consumer,Technology,Accessories,TEC-AC-10001606,390.0,480.0,6,2,1176
6746,2022-03-05,Second Class,Consumer,Office Supplies,Art,OFF-AR-10001427,20.0,20.0,5,4,2078
6747,2023-01-10,First Class,Corporate,Technology,Phones,TEC-PH-10004389,540.0,630.0,5,5,2525
6748,2023-03-01,Standard Class,Consumer,Office Supplies,Binders,OFF-BI-10002498,10.0,10.0,1,4,1803
6749,2023-07-12,Standard Class,Consumer,Office Supplies,Paper,OFF-PA-10002245,20.0,20.0,3,5,558
6750,2022-09-22,Standard Class,Consumer,Technology,Phones,TEC-PH-10004522,110.0,120.0,2,5,3190
6751,2022-04-02,Second Class,Consumer,Furniture,Chairs,FUR-CH-10003535,100.0,120.0,2,5,2976
6752,2022-10-20,Second Class,Consumer,Office Supplies,Appliances,OFF-AP-10000595,10.0,10.0,2,5,3176
6753,2023-05-05,Second Class,Consumer,Office Supplies,Paper,OFF-PA-10003039,60.0,60.0,2,2,2780
6754,2023-04-07,Second Class,Consumer,Office Supplies,Binders,OFF-BI-10002003,10.0,10.0,2,3,2447
6755,2022-09-20,Second Class,Consumer,Office Supplies,Appliances,OFF-AP-10002311,230.0,280.0,4,2,3691
6756,2022-05-09,Standard Class,Corporate,Furniture,Furnishings,FUR-FU-10002445,40.0,50.0,5,5,4740
6757,2022-07-06,Standard Class,Corporate,Furniture,Chairs,FUR-CH-10003606,410.0,510.0,4,5,5069
6758,2023-02-05,Standard Class,Corporate,Technology,Phones,TEC-PH-10002115,370.0,400.0,6,3,1042
6759,2022-02-12,Standard Class,Corporate,Office Supplies,Storage,OFF-ST-10000934,70.0,80.0,2,2,1545
6760,2022-03-24,Standard Class,Consumer,Office Supplies,Art,OFF-AR-10003903,30.0,30.0,1,2,3837
6761,2023-03-27,Standard Class,Consumer,Office Supplies,Storage,OFF-ST-10004123,220.0,270.0,3,5,2621
6762,2023-01-02,Second Class,Corporate,Furniture,Chairs,FUR-CH-10001708,230.0,250.0,2,3,3026
6763,2023-11-09,Standard Class,Consumer,Office Supplies,Labels,OFF-LA-10000240,30.0,30.0,5,2,3710
6764,2022-07-19,Standard Class,Consumer,Office Supplies,Storage,OFF-ST-10002485,30.0,40.0,2,2,4163
6765,2022-10-22,Standard Class,Consumer,Technology,Machines,TEC-MA-10003230,1180.0,1360.0,3,5,2561
6766,2023-08-29,Standard Class,Consumer,Furniture,Chairs,FUR-CH-10002602,280.0,320.0,3,3,4063
6767,2022-01-20,Standard Class,Consumer,Office Supplies,Art,OFF-AR-10001683,20.0,20.0,2,2,3165
6768,2022-08-21,Standard Class,Consumer,Furniture,Furnishings,FUR-FU-10002456,10.0,10.0,5,4,5069
6769,2023-12-17,Standard Class,Corporate,Office Supplies,Binders,OFF-BI-10002854,180.0,200.0,7,5,4498
6770,2023-08-26,Standard Class,Home Office,Office Supplies,Art,OFF-AR-10002445,30.0,40.0,5,3,3143
6771,2023-07-13,Standard Class,Corporate,Office Supplies,Paper,OFF-PA-10004359,360.0,420.0,5,5,1091
6772,2022-10-01,Standard Class,Corporate,Office Supplies,Binders,OFF-BI-10000279,10.0,10.0,3,2,1294
6773,2022-03-15,Standard Class,Home Office,Office Supplies,Binders,OFF-BI-10003314,10.0,10.0,2,5,1145
6774,2023-08-08,Standard Class,Home Office,Office Supplies,Binders,OFF-BI-10000494,,,1,5,1074
6775,2023-10-07,Standard Class,Home Office,Office Supplies,Paper,OFF-PA-10000295,30.0,40.0,6,2,123
6776,2022-05-01,Standard Class,Consumer,Office Supplies,Paper,OFF-PA-10002615,20.0,20.0,4,2,3294
6777,2023-12-02,Standard Class,Consumer,Office Supplies,Storage,OFF-ST-10003479,80.0,90.0,3,3,2930
6778,2022-04-06,Standard Class,Home Office,Technology,Accessories,TEC-AC-10002800,370.0,450.0,9,5,1230
6779,2022-01-26,Second Class,Consumer,Furniture,Bookcases,FUR-BO-10003159,320.0,340.0,3,2,3284
6780,2023-04-17,Second Class,Consumer,Furniture,Furnishings,FUR-FU-10002364,10.0,10.0,2,3,172
6781,2022-01-08,Second Class,Consumer,Office Supplies,Binders,OFF-BI-10003350,10.0,10.0,2,4,1119
6782,2022-08-20,Second Class,Consumer,Office Supplies,Labels,OFF-LA-10004093,50.0,60.0,8,2,1513
6783,2023-03-16,Second Class,Consumer,Furniture,Furnishings,FUR-FU-10000732,20.0,20.0,4,4,2822
6784,2022-04-14,Second Class,Consumer,Office Supplies,Supplies,OFF-SU-10004884,40.0,40.0,3,4,1581
6785,2022-05-23,Second Class,Consumer,Furniture,Tables,FUR-TA-10001771,120.0,140.0,1,5,1979
6786,2023-05-07,Second Class,Consumer,Office Supplies,Storage,OFF-ST-10000060,240.0,260.0,5,5,3412
6787,2022-07-27,Second Class,Consumer,Office Supplies,Paper,OFF-PA-10004100,20.0,20.0,4,2,98
6788,2023-03-15,Standard Class,Consumer,Furniture,Furnishings,FUR-FU-10003975,120.0,130.0,3,3,3708
6789,2023-06-02,Standard Class,Consumer,Office Supplies,Paper,OFF-PA-10001712,60.0,70.0,7,2,2281
6790,2023-09-15,Second Class,Corporate,Office Supplies,Art,OFF-AR-10001953,110.0,140.0,4,3,2922
6791,2022-02-24,First Class,Consumer,Office Supplies,Binders,OFF-BI-10004967,10.0,10.0,5,3,3217
6792,2023-06-07,Standard Class,Home Office,Furniture,Furnishings,FUR-FU-10003731,10.0,10.0,1,2,135
6793,2023-10-11,First Class,Consumer,Office Supplies,Binders,OFF-BI-10001989,50.0,60.0,3,2,4951
6794,2022-07-10,Standard Class,Corporate,Office Supplies,Storage,OFF-ST-10000344,20.0,20.0,2,4,5024
6795,2023-10-19,Standard Class,Corporate,Technology,Phones,TEC-PH-10001051,200.0,240.0,3,2,1859
6796,2022-02-18,Standard Class,Corporate,Furniture,Furnishings,FUR-FU-10001215,20.0,30.0,2,4,759
6797,2023-02-15,Same Day,Consumer,Furniture,Furnishings,FUR-FU-10001473,20.0,20.0,2,5,1664
6798,2023-04-30,Same Day,Consumer,Office Supplies,Binders,OFF-BI-10000315,70.0,80.0,1,2,3857
6799,2022-05-11,Same Day,Consumer,Furniture,Furnishings,FUR-FU-10002240,10.0,10.0,5,3,4002
6800,2023-09-22,Standard Class,Corporate,Furniture,Tables,FUR-TA-10002607,30.0,40.0,1,4,158
6801,2023-04-02,Standard Class,Corporate,Technology,Machines,TEC-MA-10003356,250.0,270.0,2,2,552
6802,2023-12-22,Standard Class,Corporate,Technology,Accessories,TEC-AC-10002217,40.0,50.0,3,4,3887
6803,2022-06-05,Standard Class,Corporate,Technology,Accessories,TEC-AC-10004353,90.0,100.0,2,3,2955
6804,2022-08-24,Standard Class,Corporate,Furniture,Chairs,FUR-CH-10004754,40.0,50.0,2,2,2694
6805,2022-08-17,First Class,Consumer,Technology,Accessories,TEC-AC-10002800,90.0,100.0,2,4,2401
6806,2022-12-25,First Class,Corporate,Office Supplies,Paper,OFF-PA-10001752,10.0,10.0,2,5,2179
6807,2022-01-04,Standard Class,Corporate,Office Supplies,Binders,OFF-BI-10003314,10.0,10.0,1,3,897
6808,2022-02-12,Standard Class,Corporate,Office Supplies,Paper,OFF-PA-10000357,80.0,100.0,3,3,1141
6809,2023-10-14,Standard Class,Corporate,Furniture,Furnishings,FUR-FU-10001085,20.0,20.0,3,3,885
6810,2023-09-10,First Class,Consumer,Office Supplies,Binders,OFF-BI-10000301,10.0,10.0,2,2,4908
6811,2022-06-12,First Class,Consumer,Technology,Machines,TEC-MA-10002930,10.0,10.0,1,4,5094
6812,2022-04-24,First Class,Consumer,Furniture,Chairs,FUR-CH-10002372,90.0,110.0,2,3,3093
6813,2022-03-31,First Class,Consumer,Office Supplies,Binders,OFF-BI-10003707,20.0,20.0,4,3,2541
6814,2022-06-29,First Class,Consumer,Furniture,Furnishings,FUR-FU-10001057,110.0,130.0,8,2,2658
6815,2023-11-21,First Class,Consumer,Technology,Machines,TEC-MA-10001681,220.0,240.0,2,2,1592
6816,2023-07-24,Standard Class,Consumer,Furniture,Furnishings,FUR-FU-10003981,10.0,10.0,3,3,775
6817,2022-08-01,Standard Class,Consumer,Office Supplies,Fasteners,OFF-FA-10000624,20.0,20.0,5,2,953
6818,2023-05-09,Standard Class,Consumer,Office Supplies,Binders,OFF-BI-10004995,2940.0,3270.0,3,2,685
6819,2022-05-13,Standard Class,Corporate,Office Supplies,Binders,OFF-BI-10003784,10.0,10.0,5,4,3465
6820,2023-07-11,Standard Class,Corporate,Furniture,Furnishings,FUR-FU-10004586,10.0,10.0,3,5,3389
6821,2023-08-11,Standard Class,Corporate,Furniture,Chairs,FUR-CH-10004698,100.0,110.0,2,2,2396
6822,2022-09-29,Standard Class,Corporate,Furniture,Furnishings,FUR-FU-10001935,15.0,15.0,2,5,1499
6823,2022-10-26,Standard Class,Consumer,Office Supplies,Appliances,OFF-AP-10003040,150.0,170.0,5,3,968
6824,2023-02-08,Standard Class,Corporate,Office Supplies,Envelopes,OFF-EN-10001335,90.0,100.0,9,2,2064
6825,2023-10-09,Standard Class,Corporate,Furniture,Tables,FUR-TA-10002041,290.0,360.0,2,3,1668
6826,2023-06-17,Standard Class,Corporate,Office Supplies,Storage,OFF-ST-10001558,30.0,30.0,2,3,1404
6827,2022-08-14,Standard Class,Corporate,Technology,Copiers,TEC-CO-10004722,14000.0,17500.0,5,3,4286
6828,2023-05-17,Standard Class,Corporate,Office Supplies,Binders,OFF-BI-10004600,670.0,740.0,2,5,4368
6829,2023-03-04,Standard Class,Corporate,Office Supplies,Binders,OFF-BI-10003712,30.0,30.0,7,5,2195
6830,2023-10-10,Standard Class,Corporate,Office Supplies,Art,OFF-AR-10001958,30.0,30.0,2,2,362
6831,2023-06-01,Second Class,Corporate,Technology,Phones,TEC-PH-10001750,180.0,200.0,3,3,5031
6832,2022-10-05,Standard Class,Consumer,Office Supplies,Appliances,OFF-AP-10002287,20.0,20.0,4,3,2867
6833,2023-09-07,Standard Class,Consumer,Office Supplies,Art,OFF-AR-10003183,10.0,10.0,3,4,2241
6834,2022-11-18,Same Day,Consumer,Furniture,Tables,FUR-TA-10003008,130.0,150.0,1,4,4761
6835,2022-03-26,Standard Class,Corporate,Technology,Accessories,TEC-AC-10004803,30.0,30.0,2,3,4820
6836,2022-12-29,Standard Class,Corporate,Office Supplies,Labels,OFF-LA-10003510,140.0,150.0,5,3,4932
6837,2023-04-03,Standard Class,Corporate,Furniture,Furnishings,FUR-FU-10000087,20.0,20.0,1,2,4066
6838,2022-02-02,Standard Class,Corporate,Office Supplies,Art,OFF-AR-10003732,10.0,10.0,4,3,4620
6839,2022-02-22,Standard Class,Corporate,Office Supplies,Appliances,OFF-AP-10000275,1510.0,1640.0,5,2,329
6840,2023-05-21,Standard Class,Corporate,Technology,Phones,TEC-PH-10003505,310.0,370.0,5,4,4265
6841,2023-07-26,First Class,Home Office,Office Supplies,Binders,OFF-BI-10002852,10.0,10.0,3,3,1788
6842,2023-02-26,Standard Class,Corporate,Technology,Accessories,TEC-AC-10004877,20.0,20.0,3,2,5002
6843,2023-12-24,Standard Class,Corporate,Office Supplies,Fasteners,OFF-FA-10002975,10.0,10.0,3,4,4632
6844,2023-07-18,Standard Class,Corporate,Office Supplies,Storage,OFF-ST-10000419,60.0,70.0,5,4,3888
6845,2023-03-30,Standard Class,Corporate,Furniture,Chairs,FUR-CH-10002073,910.0,1060.0,4,5,2458
6846,2023-12-23,Standard Class,Home Office,Furniture,Chairs,FUR-CH-10000155,460.0,480.0,2,2,4916
6847,2022-10-26,Standard Class,Corporate,Office Supplies,Paper,OFF-PA-10001260,20.0,30.0,4,4,1897
6848,2023-11-30,Standard Class,Consumer,Technology,Phones,TEC-PH-10001924,50.0,60.0,1,3,532
6849,2023-05-03,First Class,Consumer,Office Supplies,Paper,OFF-PA-10003134,70.0,80.0,2,2,2232
6850,2022-08-18,Standard Class,Consumer,Furniture,Furnishings,FUR-FU-10000409,50.0,60.0,4,2,548
6851,2023-08-08,Standard Class,Corporate,Furniture,Bookcases,FUR-BO-10002545,1320.0,1570.0,6,3,1751
6852,2022-12-19,Standard Class,Corporate,Office Supplies,Binders,OFF-BI-10001460,90.0,110.0,7,5,2870
6853,2023-11-23,Second Class,Corporate,Office Supplies,Storage,OFF-ST-10001328,50.0,60.0,4,2,4411
6854,2023-05-07,Second Class,Corporate,Technology,Phones,TEC-PH-10003601,420.0,490.0,3,3,240
6855,2022-08-28,Second Class,Corporate,Office Supplies,Storage,OFF-ST-10001522,300.0,370.0,4,3,908
6856,2023-12-28,Second Class,Corporate,Office Supplies,Paper,OFF-PA-10001994,30.0,40.0,2,3,2526
6857,2023-08-26,Second Class,Corporate,Office Supplies,Envelopes,OFF-EN-10001453,140.0,180.0,3,5,1564
6858,2022-10-11,Standard Class,Consumer,Office Supplies,Paper,OFF-PA-10004911,30.0,30.0,3,2,4667
6859,2023-10-08,Standard Class,Consumer,Office Supplies,Labels,OFF-LA-10001404,10.0,10.0,2,2,4981
6860,2023-07-24,Standard Class,Consumer,Office Supplies,Fasteners,OFF-FA-10001561,10.0,10.0,5,3,1475
6861,2023-02-25,Standard Class,Consumer,Technology,Accessories,TEC-AC-10001383,220.0,270.0,11,3,4889
6862,2023-03-04,Standard Class,Consumer,Office Supplies,Labels,OFF-LA-10003190,20.0,20.0,8,2,1230
6863,2023-08-19,Standard Class,Consumer,Furniture,Chairs,FUR-CH-10003774,180.0,220.0,3,2,1070
6864,2022-07-28,Standard Class,Corporate,Office Supplies,Paper,OFF-PA-10000520,10.0,10.0,2,2,3351
6865,2022-06-11,Standard Class,Corporate,Office Supplies,Binders,OFF-BI-10004465,10.0,10.0,2,4,3404
6866,2023-05-04,Standard Class,Corporate,Technology,Phones,TEC-PH-10003555,80.0,90.0,5,4,3333
6867,2022-07-11,Standard Class,Corporate,Technology,Accessories,TEC-AC-10000844,210.0,250.0,3,4,2870
6868,2023-08-04,Standard Class,Corporate,Technology,Phones,TEC-PH-10003187,30.0,30.0,2,4,4694
6869,2022-10-22,Standard Class,Corporate,Furniture,Tables,FUR-TA-10003569,2690.0,2890.0,9,5,3657
6870,2022-10-07,Standard Class,Corporate,Office Supplies,Paper,OFF-PA-10003848,10.0,10.0,2,2,3407
6871,2022-07-05,Standard Class,Corporate,Office Supplies,Paper,OFF-PA-10002606,40.0,50.0,9,2,3858
6872,2022-05-28,Second Class,Corporate,Office Supplies,Labels,OFF-LA-10004853,10.0,10.0,3,4,724
6873,2023-03-15,First Class,Consumer,Office Supplies,Paper,OFF-PA-10004948,20.0,20.0,1,2,76
6874,2023-11-05,Second Class,Consumer,Office Supplies,Binders,OFF-BI-10003676,10.0,10.0,5,5,3294
6875,2022-11-23,Second Class,Consumer,Technology,Accessories,TEC-AC-10001314,100.0,120.0,3,2,3033
6876,2022-03-01,Standard Class,Consumer,Office Supplies,Labels,OFF-LA-10004545,20.0,30.0,2,3,3502
6877,2022-10-12,Standard Class,Consumer,Furniture,Tables,FUR-TA-10003238,1550.0,1650.0,3,3,3697
6878,2022-09-23,Same Day,Consumer,Furniture,Furnishings,FUR-FU-10004952,110.0,130.0,6,5,5090
6879,2022-07-02,Same Day,Consumer,Office Supplies,Paper,OFF-PA-10003001,10.0,10.0,1,5,2439
6880,2022-10-30,Second Class,Home Office,Furniture,Chairs,FUR-CH-10001215,1900.0,2000.0,5,5,2773
6881,2023-05-19,Second Class,Home Office,Office Supplies,Paper,OFF-PA-10004255,30.0,30.0,5,3,1761
6882,2022-12-14,Second Class,Home Office,Furniture,Tables,FUR-TA-10001705,1760.0,1910.0,9,2,2315
6883,2023-09-29,Second Class,Home Office,Office Supplies,Storage,OFF-ST-10002554,120.0,150.0,3,4,2705
6884,2023-08-24,Second Class,Home Office,Office Supplies,Paper,OFF-PA-10002222,90.0,110.0,5,4,5083
6885,2022-08-05,Standard Class,Consumer,Furniture,Chairs,FUR-CH-10002320,2060.0,2570.0,8,4,4562
6886,2022-08-31,Standard Class,Consumer,Technology,Accessories,TEC-AC-10003499,40.0,40.0,4,4,2655
6887,2022-05-23,Standard Class,Consumer,Technology,Phones,TEC-PH-10003580,230.0,260.0,2,5,1625
6888,2022-11-28,Standard Class,Consumer,Office Supplies,Paper,OFF-PA-10004675,20.0,20.0,3,4,2948
6889,2023-05-20,Standard Class,Consumer,Office Supplies,Binders,OFF-BI-10000666,60.0,70.0,3,5,725
6890,2023-06-24,Standard Class,Corporate,Technology,Phones,TEC-PH-10001552,90.0,100.0,8,5,2570
6891,2022-02-09,Standard Class,Corporate,Office Supplies,Paper,OFF-PA-10000673,40.0,50.0,7,3,2207
6892,2023-05-12,Standard Class,Corporate,Office Supplies,Art,OFF-AR-10000380,100.0,110.0,3,3,5013
6893,2022-03-25,Standard Class,Corporate,Office Supplies,Paper,OFF-PA-10003848,20.0,30.0,4,4,3050
6894,2022-09-19,Standard Class,Corporate,Furniture,Furnishings,FUR-FU-10002963,20.0,20.0,4,5,917
6895,2023-11-11,Standard Class,Corporate,Technology,Phones,TEC-PH-10002447,340.0,410.0,2,4,1444
6896,2022-12-06,Standard Class,Corporate,Office Supplies,Supplies,OFF-SU-10004261,30.0,30.0,2,3,3260
6897,2022-05-06,Standard Class,Corporate,Office Supplies,Paper,OFF-PA-10003228,230.0,240.0,5,2,4260
6898,2022-05-22,Standard Class,Consumer,Office Supplies,Binders,OFF-BI-10004817,10.0,10.0,3,3,243
6899,2023-01-02,Second Class,Consumer,Furniture,Chairs,FUR-CH-10002880,500.0,600.0,7,5,3272
6900,2022-10-15,Second Class,Consumer,Office Supplies,Binders,OFF-BI-10001249,10.0,10.0,6,2,641
6901,2022-11-11,Standard Class,Home Office,Technology,Accessories,TEC-AC-10002402,450.0,560.0,7,4,4774
6902,2023-10-19,Same Day,Corporate,Technology,Copiers,TEC-CO-10001449,1940.0,2400.0,5,5,4240
6903,2023-04-03,Standard Class,Corporate,Office Supplies,Fasteners,OFF-FA-10002280,20.0,20.0,4,4,2599
6904,2022-01-06,Standard Class,Corporate,Office Supplies,Appliances,OFF-AP-10003278,10.0,10.0,2,3,721
6905,2023-12-04,Standard Class,Corporate,Office Supplies,Storage,OFF-ST-10003994,220.0,240.0,5,5,4410
6906,2022-10-23,Second Class,Corporate,Office Supplies,Storage,OFF-ST-10003221,10.0,10.0,1,3,2247
6907,2022-12-02,Same Day,Corporate,Office Supplies,Binders,OFF-BI-10002225,30.0,40.0,2,4,114
6908,2022-06-30,Standard Class,Consumer,Technology,Phones,TEC-PH-10002584,860.0,1000.0,2,2,2875
6909,2022-05-27,Standard Class,Corporate,Furniture,Furnishings,FUR-FU-10002364,10.0,10.0,2,4,506
6910,2023-06-12,Second Class,Consumer,Office Supplies,Binders,OFF-BI-10004022,10.0,10.0,3,2,2023
6911,2022-01-03,Standard Class,Consumer,Furniture,Bookcases,FUR-BO-10004709,100.0,120.0,2,4,433
6912,2023-03-28,Second Class,Consumer,Office Supplies,Storage,OFF-ST-10004340,150.0,190.0,3,5,670
6913,2023-07-23,Second Class,Corporate,Technology,Accessories,TEC-AC-10001714,140.0,160.0,4,2,2653
6914,2022-05-26,Standard Class,Consumer,Technology,Phones,TEC-PH-10002844,50.0,60.0,2,5,3653
6915,2023-01-31,Standard Class,Consumer,Office Supplies,Storage,OFF-ST-10000585,110.0,130.0,1,3,680
6916,2022-02-14,Standard Class,Consumer,Office Supplies,Binders,OFF-BI-10002824,20.0,20.0,6,2,1591
6917,2022-03-02,Standard Class,Consumer,Office Supplies,Paper,OFF-PA-10001289,110.0,120.0,4,3,2123
6918,2023-08-05,Standard Class,Corporate,Furniture,Chairs,FUR-CH-10001854,1120.0,1400.0,5,2,2444
6919,2022-05-22,Second Class,Consumer,Office Supplies,Supplies,OFF-SU-10003567,30.0,30.0,3,5,2061
6920,2022-02-28,Standard Class,Corporate,Office Supplies,Binders,OFF-BI-10001597,20.0,20.0,2,2,1268
6921,2023-04-10,Standard Class,Consumer,Office Supplies,Appliances,OFF-AP-10003287,300.0,360.0,7,2,2627
6922,2023-02-14,Standard Class,Home Office,Office Supplies,Envelopes,OFF-EN-10001532,20.0,20.0,1,4,3001
6923,2022-04-29,Second Class,Consumer,Office Supplies,Labels,OFF-LA-10003930,440.0,490.0,5,3,2140
6924,2023-01-13,Second Class,Consumer,Office Supplies,Envelopes,OFF-EN-10003845,10.0,10.0,2,2,3864
6925,2022-10-27,Standard Class,Consumer,Office Supplies,Paper,OFF-PA-10002659,20.0,20.0,7,5,2462
6926,2022-10-25,Standard Class,Consumer,Furniture,Bookcases,FUR-BO-10001608,550.0,680.0,12,3,3198
6927,2023-09-02,Standard Class,Consumer,Office Supplies,Labels,OFF-LA-10000305,20.0,20.0,3,5,1447
6928,2023-09-29,Second Class,Consumer,Office Supplies,Storage,OFF-ST-10003638,70.0,90.0,4,3,1173
6929,2023-10-27,Second Class,Consumer,Office Supplies,Labels,OFF-LA-10001934,20.0,20.0,3,2,1446
6930,2023-05-23,Second Class,Consumer,Technology,Phones,TEC-PH-10003012,740.0,860.0,7,5,10
6931,2022-02-22,Second Class,Consumer,Office Supplies,Paper,OFF-PA-10001019,20.0,20.0,1,2,5023
6932,2022-07-17,Standard Class,Consumer,Technology,Phones,TEC-PH-10002070,10.0,10.0,1,2,6
6933,2023-05-11,Standard Class,Consumer,Technology,Phones,TEC-PH-10002583,20.0,20.0,2,2,837
6934,2022-11-26,Standard Class,Consumer,Furniture,Furnishings,FUR-FU-10001057,30.0,30.0,2,2,3777
6935,2023-09-17,Standard Class,Consumer,Office Supplies,Art,OFF-AR-10001044,30.0,40.0,2,4,944
6936,2023-11-14,Second Class,Corporate,Technology,Accessories,TEC-AC-10001767,90.0,100.0,3,2,145
6937,2022-08-13,First Class,Home Office,Furniture,Furnishings,FUR-FU-10000277,70.0,80.0,2,2,2012
6938,2022-07-19,Same Day,Consumer,Office Supplies,Paper,OFF-PA-10001952,40.0,40.0,2,4,1950
6939,2022-10-20,Standard Class,Consumer,Technology,Accessories,TEC-AC-10004420,410.0,480.0,4,2,2124
6940,2023-08-05,Standard Class,Corporate,Office Supplies,Binders,OFF-BI-10001071,90.0,100.0,2,3,4694
6941,2022-05-28,Standard Class,Corporate,Office Supplies,Supplies,OFF-SU-10002503,20.0,30.0,5,3,3218
6942,2023-02-10,Standard Class,Corporate,Office Supplies,Storage,OFF-ST-10001490,580.0,710.0,4,4,178
6943,2023-03-10,Standard Class,Corporate,Office Supplies,Paper,OFF-PA-10003790,60.0,70.0,3,4,2357
6944,2022-09-21,Standard Class,Consumer,Technology,Phones,TEC-PH-10004094,580.0,620.0,5,4,2323
6945,2022-08-16,Standard Class,Corporate,Office Supplies,Binders,OFF-BI-10004876,10.0,10.0,4,4,2243
6946,2023-11-05,Standard Class,Consumer,Furniture,Bookcases,FUR-BO-10003034,450.0,520.0,5,5,118
6947,2022-04-29,Standard Class,Home Office,Office Supplies,Fasteners,OFF-FA-10000490,,,2,5,1457
6948,2023-05-02,Standard Class,Consumer,Office Supplies,Storage,OFF-ST-10002574,190.0,220.0,2,5,2630
6949,2023-05-15,Standard Class,Consumer,Furniture,Chairs,FUR-CH-10003535,110.0,130.0,3,3,1422
6950,2022-07-31,Same Day,Home Office,Office Supplies,Binders,OFF-BI-10001628,50.0,60.0,7,3,931
6951,2022-11-22,Same Day,Home Office,Furniture,Tables,FUR-TA-10001676,80.0,80.0,3,5,421
6952,2022-10-10,Standard Class,Corporate,Technology,Machines,TEC-MA-10002790,460.0,480.0,2,5,2773
6953,2022-05-28,First Class,Consumer,Office Supplies,Binders,OFF-BI-10001757,10.0,10.0,3,2,3682
6954,2022-02-09,First Class,Consumer,Office Supplies,Binders,OFF-BI-10004828,40.0,50.0,4,2,5081
6955,2022-08-24,First Class,Consumer,Technology,Phones,TEC-PH-10000369,410.0,500.0,5,4,2367
6956,2022-04-26,Standard Class,Corporate,Office Supplies,Envelopes,OFF-EN-10003862,20.0,20.0,2,3,3782
6957,2022-09-16,Standard Class,Consumer,Office Supplies,Binders,OFF-BI-10003963,30.0,40.0,5,4,3609
6958,2022-06-01,Standard Class,Consumer,Furniture,Furnishings,FUR-FU-10004848,40.0,50.0,1,2,654
6959,2023-06-02,Second Class,Home Office,Office Supplies,Storage,OFF-ST-10001328,20.0,20.0,1,3,1141
6960,2023-04-27,Second Class,Home Office,Office Supplies,Paper,OFF-PA-10002377,120.0,150.0,3,2,1025
6961,2023-11-07,Second Class,Home Office,Office Supplies,Paper,OFF-PA-10003441,10.0,10.0,2,5,1799
6962,2022-02-15,Same Day,Home Office,Office Supplies,Art,OFF-AR-10002221,10.0,10.0,3,4,284
6963,2022-08-22,Second Class,Corporate,Office Supplies,Envelopes,OFF-EN-10001509,10.0,10.0,5,3,1562
6964,2022-12-26,Second Class,Corporate,Office Supplies,Art,OFF-AR-10003338,20.0,20.0,3,2,2446
6965,2023-12-10,Second Class,Corporate,Office Supplies,Binders,OFF-BI-10004728,20.0,20.0,5,5,752
6966,2023-04-01,Second Class,Corporate,Technology,Accessories,TEC-AC-10000358,70.0,80.0,2,3,1060
6967,2022-01-23,Second Class,Corporate,Office Supplies,Binders,OFF-BI-10002764,10.0,10.0,2,2,731
6968,2022-05-31,Second Class,Corporate,Office Supplies,Paper,OFF-PA-10001461,50.0,60.0,9,4,2513
6969,2023-10-20,Second Class,Corporate,Technology,Phones,TEC-PH-10004165,740.0,820.0,3,3,2433
6970,2023-03-22,Second Class,Consumer,Furniture,Furnishings,FUR-FU-10000010,20.0,20.0,5,3,1616
6971,2023-01-14,Standard Class,Consumer,Office Supplies,Storage,OFF-ST-10000321,10.0,10.0,2,4,2736
6972,2023-10-11,Standard Class,Consumer,Technology,Accessories,TEC-AC-10000109,80.0,90.0,2,3,4762
6973,2022-05-16,Standard Class,Consumer,Technology,Phones,TEC-PH-10002415,440.0,470.0,2,2,4101
6974,2023-10-22,Standard Class,Consumer,Office Supplies,Binders,OFF-BI-10001460,20.0,20.0,4,5,3468
6975,2022-09-16,Standard Class,Consumer,Office Supplies,Art,OFF-AR-10002987,30.0,30.0,2,4,2523
6976,2022-09-24,Standard Class,Corporate,Office Supplies,Labels,OFF-LA-10000443,10.0,10.0,2,3,3064
6977,2022-11-01,Standard Class,Corporate,Furniture,Furnishings,FUR-FU-10004306,580.0,620.0,4,5,4745
6978,2023-10-17,First Class,Consumer,Technology,Phones,TEC-PH-10002564,60.0,60.0,2,5,3587
6979,2023-11-07,Second Class,Consumer,Office Supplies,Paper,OFF-PA-10003724,40.0,50.0,9,5,1456
6980,2023-05-07,Standard Class,Consumer,Office Supplies,Paper,OFF-PA-10000483,140.0,150.0,5,3,4547
6981,2023-01-03,First Class,Corporate,Office Supplies,Fasteners,OFF-FA-10000611,10.0,10.0,4,2,2792
6982,2022-12-08,First Class,Corporate,Office Supplies,Paper,OFF-PA-10000246,30.0,30.0,3,4,2052
6983,2023-10-28,Standard Class,Consumer,Office Supplies,Binders,OFF-BI-10004728,20.0,20.0,5,2,1173
6984,2022-01-08,Standard Class,Consumer,Technology,Phones,TEC-PH-10002365,10.0,10.0,1,3,4868
6985,2023-01-29,Standard Class,Consumer,Office Supplies,Appliances,OFF-AP-10002457,330.0,380.0,4,5,2091
6986,2022-07-10,Standard Class,Consumer,Office Supplies,Binders,OFF-BI-10000320,30.0,30.0,4,2,1990
6987,2023-02-14,Standard Class,Consumer,Office Supplies,Art,OFF-AR-10004999,10.0,10.0,2,5,1909
6988,2022-01-13,Standard Class,Consumer,Office Supplies,Binders,OFF-BI-10001116,20.0,30.0,5,5,135
6989,2022-04-27,Second Class,Corporate,Office Supplies,Appliances,OFF-AP-10002651,930.0,1160.0,5,5,2761
6990,2023-01-07,First Class,Consumer,Office Supplies,Appliances,OFF-AP-10001634,20.0,20.0,2,4,713
6991,2022-03-29,Second Class,Consumer,Office Supplies,Appliances,OFF-AP-10003266,30.0,40.0,3,2,2677
6992,2023-03-28,Second Class,Consumer,Technology,Phones,TEC-PH-10002890,190.0,230.0,5,4,764
6993,2022-03-19,Second Class,Consumer,Furniture,Furnishings,FUR-FU-10000308,160.0,190.0,3,4,1720
6994,2023-08-02,Second Class,Consumer,Office Supplies,Art,OFF-AR-10000380,230.0,270.0,7,5,668
6995,2023-12-13,Second Class,Consumer,Office Supplies,Art,OFF-AR-10000122,30.0,30.0,5,5,1965
6996,2023-08-23,Standard Class,Corporate,Office Supplies,Appliances,OFF-AP-10004868,30.0,30.0,4,2,3658
6997,2022-09-11,Second Class,Corporate,Office Supplies,Binders,OFF-BI-10004002,10.0,10.0,4,3,4055
6998,2022-06-29,Second Class,Corporate,Office Supplies,Paper,OFF-PA-10004475,150.0,180.0,4,3,4673
6999,2022-03-13,Standard Class,Home Office,Office Supplies,Paper,OFF-PA-10002195,10.0,10.0,2,5,4341
7000,2022-04-11,First Class,Corporate,Office Supplies,Appliances,OFF-AP-10002670,170.0,210.0,3,4,3693
7001,2022-11-25,First Class,Corporate,Office Supplies,Supplies,OFF-SU-10004498,30.0,30.0,2,4,3847
7002,2022-03-30,Standard Class,Home Office,Furniture,Chairs,FUR-CH-10003298,300.0,370.0,4,5,1323
7003,2022-09-16,Second Class,Corporate,Furniture,Furnishings,FUR-FU-10000723,240.0,290.0,7,4,2332
7004,2023-01-07,Second Class,Corporate,Office Supplies,Binders,OFF-BI-10000632,60.0,70.0,2,4,1394
7005,2022-12-05,Standard Class,Corporate,Office Supplies,Paper,OFF-PA-10000223,10.0,10.0,1,5,3258
7006,2022-04-11,Standard Class,Consumer,Furniture,Chairs,FUR-CH-10001545,190.0,210.0,2,5,2413
7007,2023-02-21,Standard Class,Corporate,Furniture,Furnishings,FUR-FU-10001546,10.0,10.0,2,4,2090
7008,2022-09-11,Standard Class,Corporate,Office Supplies,Binders,OFF-BI-10001098,10.0,10.0,2,2,717
7009,2023-05-03,Standard Class,Corporate,Furniture,Chairs,FUR-CH-10003379,540.0,600.0,3,3,2517
7010,2022-05-04,Standard Class,Corporate,Furniture,Furnishings,FUR-FU-10000193,30.0,30.0,1,3,2544
7011,2023-06-06,Standard Class,Consumer,Office Supplies,Binders,OFF-BI-10000829,20.0,20.0,5,5,637
7012,2022-06-20,Standard Class,Consumer,Office Supplies,Supplies,OFF-SU-10003002,10.0,10.0,2,3,1514
7013,2023-11-17,Standard Class,Consumer,Office Supplies,Appliances,OFF-AP-10002118,180.0,210.0,1,3,203
7014,2023-07-23,Second Class,Home Office,Furniture,Bookcases,FUR-BO-10001519,140.0,150.0,3,3,711
7015,2023-03-07,Second Class,Corporate,Office Supplies,Appliances,OFF-AP-10002578,140.0,150.0,3,2,4154
7016,2022-07-02,Second Class,Corporate,Technology,Accessories,TEC-AC-10000710,30.0,30.0,2,4,2691
7017,2022-11-06,Second Class,Corporate,Technology,Phones,TEC-PH-10000984,480.0,590.0,3,5,924
7018,2023-07-10,Second Class,Corporate,Office Supplies,Paper,OFF-PA-10000213,10.0,10.0,3,3,2790
7019,2023-10-15,Second Class,Consumer,Office Supplies,Labels,OFF-LA-10003720,30.0,30.0,7,5,4283
7020,2023-11-26,Standard Class,Consumer,Office Supplies,Paper,OFF-PA-10001837,20.0,20.0,3,5,4230
7021,2023-09-14,Standard Class,Consumer,Office Supplies,Supplies,OFF-SU-10004661,10.0,10.0,1,5,4051
7022,2023-03-12,Standard Class,Consumer,Furniture,Furnishings,FUR-FU-10003274,10.0,10.0,3,2,4186
7023,2023-05-21,Standard Class,Consumer,Technology,Phones,TEC-PH-10000149,120.0,140.0,9,3,2521
7024,2022-07-10,Standard Class,Consumer,Office Supplies,Paper,OFF-PA-10000019,30.0,30.0,6,4,4204
7025,2022-01-24,Standard Class,Consumer,Office Supplies,Paper,OFF-PA-10001125,200.0,220.0,9,5,13
7026,2022-10-22,Standard Class,Corporate,Technology,Phones,TEC-PH-10002538,210.0,230.0,6,4,2067
7027,2023-07-18,Standard Class,Corporate,Office Supplies,Binders,OFF-BI-10000279,40.0,50.0,4,4,4666
7028,2023-09-07,Standard Class,Consumer,Office Supplies,Labels,OFF-LA-10001045,10.0,10.0,2,4,627
7029,2023-12-11,Second Class,Consumer,Office Supplies,Paper,OFF-PA-10003673,30.0,30.0,5,5,774
7030,2023-07-21,Standard Class,Corporate,Office Supplies,Storage,OFF-ST-10002562,30.0,30.0,3,2,1288
7031,2022-04-03,Standard Class,Corporate,Technology,Accessories,TEC-AC-10002305,40.0,40.0,2,5,1715
7032,2023-01-03,Standard Class,Corporate,Office Supplies,Art,OFF-AR-10003373,80.0,90.0,3,5,3390
7033,2023-04-14,Standard Class,Corporate,Furniture,Chairs,FUR-CH-10003774,200.0,250.0,3,3,729
7034,2023-07-22,Standard Class,Corporate,Office Supplies,Binders,OFF-BI-10001510,50.0,60.0,3,4,4995
7035,2022-02-28,Standard Class,Corporate,Office Supplies,Binders,OFF-BI-10004236,30.0,40.0,3,2,1853
7036,2022-12-02,Standard Class,Corporate,Furniture,Chairs,FUR-CH-10004675,490.0,520.0,3,4,507
7037,2023-02-01,Second Class,Consumer,Technology,Copiers,TEC-CO-10004202,460.0,480.0,2,5,3863
7038,2023-04-21,Standard Class,Consumer,Office Supplies,Paper,OFF-PA-10004255,10.0,10.0,2,2,2754
7039,2022-01-03,Standard Class,Consumer,Office Supplies,Art,OFF-AR-10003896,20.0,20.0,3,4,4609
7040,2022-04-27,Standard Class,Consumer,Office Supplies,Storage,OFF-ST-10002276,140.0,170.0,2,2,4304
7041,2023-02-03,Standard Class,Consumer,Office Supplies,Binders,OFF-BI-10001617,20.0,20.0,3,4,3380
7042,2022-06-16,Standard Class,Consumer,Furniture,Furnishings,FUR-FU-10000308,110.0,120.0,2,3,1134
7043,2022-12-26,Standard Class,Consumer,Technology,Copiers,TEC-CO-10001943,560.0,600.0,5,4,1774
7044,2022-05-03,Standard Class,Consumer,Furniture,Chairs,FUR-CH-10002647,190.0,200.0,4,2,4505
7045,2022-08-29,Standard Class,Consumer,Office Supplies,Supplies,OFF-SU-10004768,10.0,10.0,2,5,897
7046,2023-01-01,Standard Class,Corporate,Office Supplies,Paper,OFF-PA-10002160,10.0,10.0,2,4,3630
7047,2023-02-03,Standard Class,Home Office,Furniture,Tables,FUR-TA-10003748,90.0,100.0,1,2,368
7048,2022-12-01,Standard Class,Home Office,Technology,Accessories,TEC-AC-10001908,330.0,400.0,4,5,2118
7049,2023-09-16,First Class,Consumer,Office Supplies,Paper,OFF-PA-10000552,20.0,20.0,3,4,4437
7050,2022-05-23,Standard Class,Home Office,Office Supplies,Art,OFF-AR-10003179,10.0,10.0,2,4,1658
7051,2022-03-15,Same Day,Consumer,Office Supplies,Binders,OFF-BI-10004593,180.0,210.0,5,2,1427
7052,2022-09-27,Same Day,Consumer,Office Supplies,Art,OFF-AR-10000914,20.0,20.0,2,5,106
7053,2022-02-15,Same Day,Consumer,Office Supplies,Paper,OFF-PA-10000241,30.0,30.0,1,5,811
7054,2023-08-11,Same Day,Consumer,Technology,Accessories,TEC-AC-10000057,100.0,120.0,4,5,2027
7055,2022-06-13,Same Day,Consumer,Furniture,Chairs,FUR-CH-10003774,290.0,360.0,5,3,1699
7056,2022-12-21,Same Day,Consumer,Office Supplies,Binders,OFF-BI-10002824,30.0,40.0,3,5,3131
7057,2022-03-15,Same Day,Consumer,Office Supplies,Binders,OFF-BI-10004001,100.0,120.0,9,2,398
7058,2023-07-29,Same Day,Consumer,Furniture,Tables,FUR-TA-10004619,740.0,890.0,7,2,2787
7059,2022-03-26,Same Day,Consumer,Office Supplies,Storage,OFF-ST-10000636,40.0,50.0,3,2,171
7060,2023-07-23,Same Day,Consumer,Office Supplies,Appliances,OFF-AP-10001469,70.0,80.0,2,2,3244
7061,2022-10-28,Same Day,Consumer,Office Supplies,Binders,OFF-BI-10002897,10.0,10.0,2,3,3508
7062,2023-10-31,Second Class,Corporate,Office Supplies,Binders,OFF-BI-10002432,10.0,10.0,3,5,2127
7063,2022-07-20,Second Class,Consumer,Office Supplies,Envelopes,OFF-EN-10002592,30.0,30.0,3,5,234
7064,2022-03-22,Standard Class,Home Office,Office Supplies,Supplies,OFF-SU-10002522,10.0,10.0,2,3,579
7065,2023-02-05,Standard Class,Consumer,Office Supplies,Appliances,OFF-AP-10003971,30.0,30.0,3,5,746
7066,2022-06-06,First Class,Corporate,Office Supplies,Storage,OFF-ST-10001496,1110.0,1260.0,7,5,1841
7067,2023-02-07,Standard Class,Home Office,Office Supplies,Paper,OFF-PA-10004782,30.0,40.0,6,3,4694
7068,2022-04-02,Standard Class,Corporate,Office Supplies,Binders,OFF-BI-10000343,10.0,10.0,2,2,2712
7069,2022-01-16,Standard Class,Corporate,Office Supplies,Paper,OFF-PA-10003591,70.0,80.0,9,5,2727
7070,2023-09-22,Standard Class,Consumer,Office Supplies,Paper,OFF-PA-10001667,10.0,10.0,1,2,1020
7071,2023-07-03,Second Class,Home Office,Office Supplies,Paper,OFF-PA-10004971,10.0,10.0,2,5,50
7072,2023-03-30,Standard Class,Consumer,Office Supplies,Art,OFF-AR-10001216,10.0,10.0,2,4,4883
7073,2022-08-31,Standard Class,Consumer,Office Supplies,Paper,OFF-PA-10004355,10.0,10.0,1,2,1128
7074,2022-09-01,Standard Class,Consumer,Office Supplies,Art,OFF-AR-10001953,160.0,180.0,5,2,820
7075,2022-08-23,Standard Class,Consumer,Office Supplies,Binders,OFF-BI-10004364,10.0,10.0,4,4,28
7076,2022-09-12,Standard Class,Consumer,Office Supplies,Supplies,OFF-SU-10001165,10.0,10.0,2,2,4604
7077,2023-05-04,Standard Class,Consumer,Office Supplies,Envelopes,OFF-EN-10001141,50.0,50.0,5,2,779
7078,2023-04-30,Standard Class,Consumer,Office Supplies,Binders,OFF-BI-10000014,20.0,20.0,7,2,3471
7079,2022-12-10,Standard Class,Consumer,Office Supplies,Appliances,OFF-AP-10000159,290.0,310.0,9,5,327
7080,2023-07-11,Standard Class,Consumer,Office Supplies,Art,OFF-AR-10003560,20.0,20.0,4,4,1843
7081,2023-07-22,Standard Class,Consumer,Furniture,Tables,FUR-TA-10001768,380.0,470.0,3,4,3582
7082,2023-09-19,Standard Class,Consumer,Technology,Accessories,TEC-AC-10002049,950.0,1010.0,3,3,4519
7083,2022-12-23,Standard Class,Consumer,Office Supplies,Binders,OFF-BI-10003166,20.0,20.0,5,3,3268
7084,2022-12-22,Second Class,Corporate,Office Supplies,Art,OFF-AR-10003469,10.0,10.0,2,4,525
7085,2022-12-26,Second Class,Corporate,Technology,Phones,TEC-PH-10002549,1400.0,1630.0,9,5,123
7086,2022-04-10,First Class,Corporate,Office Supplies,Binders,OFF-BI-10003476,10.0,10.0,5,3,4441
7087,2023-12-16,First Class,Corporate,Office Supplies,Supplies,OFF-SU-10000157,170.0,190.0,2,2,1232
7088,2023-09-04,Second Class,Consumer,Office Supplies,Storage,OFF-ST-10003123,90.0,100.0,3,3,1243
7089,2023-06-08,Second Class,Consumer,Office Supplies,Art,OFF-AR-10001955,70.0,80.0,4,3,630
7090,2023-05-28,Second Class,Corporate,Technology,Phones,TEC-PH-10001809,100.0,120.0,1,3,4892
7091,2023-05-02,Standard Class,Consumer,Office Supplies,Paper,OFF-PA-10000474,100.0,110.0,3,3,4292
7092,2023-09-08,Standard Class,Consumer,Office Supplies,Appliances,OFF-AP-10001205,140.0,160.0,3,4,183
7093,2023-11-21,Standard Class,Consumer,Office Supplies,Art,OFF-AR-10004691,40.0,40.0,2,4,1224
7094,2022-10-04,Standard Class,Consumer,Office Supplies,Paper,OFF-PA-10004996,50.0,50.0,5,5,2349
7095,2022-12-27,Second Class,Consumer,Technology,Accessories,TEC-AC-10001908,390.0,480.0,6,2,1713
7096,2022-12-05,First Class,Consumer,Office Supplies,Binders,OFF-BI-10000666,120.0,150.0,6,5,1781
7097,2023-05-30,First Class,Consumer,Office Supplies,Binders,OFF-BI-10004318,250.0,280.0,2,2,2320
7098,2023-03-08,First Class,Consumer,Office Supplies,Binders,OFF-BI-10003429,30.0,30.0,5,5,2461
7099,2023-03-20,Standard Class,Consumer,Office Supplies,Paper,OFF-PA-10003302,280.0,320.0,9,5,1713
7100,2022-01-02,Second Class,Consumer,Office Supplies,Paper,OFF-PA-10003302,170.0,210.0,6,2,4205
7101,2022-11-14,Standard Class,Consumer,Office Supplies,Envelopes,OFF-EN-10002621,20.0,20.0,3,4,52
7102,2022-09-02,Second Class,Corporate,Office Supplies,Paper,OFF-PA-10000249,20.0,20.0,2,2,4755
7103,2023-10-24,First Class,Consumer,Office Supplies,Binders,OFF-BI-10000050,10.0,10.0,3,3,3216
7104,2023-05-23,Standard Class,Consumer,Office Supplies,Storage,OFF-ST-10003805,340.0,420.0,2,4,941
7105,2023-10-18,Second Class,Corporate,Furniture,Chairs,FUR-CH-10000785,710.0,760.0,6,4,792
7106,2022-08-30,Second Class,Corporate,Furniture,Furnishings,FUR-FU-10004909,40.0,40.0,3,4,1822
7107,2023-07-04,Second Class,Corporate,Technology,Accessories,TEC-AC-10001553,100.0,120.0,9,3,3396
7108,2022-09-27,Standard Class,Consumer,Technology,Phones,TEC-PH-10004774,20.0,30.0,2,5,4426
7109,2022-03-11,Standard Class,Consumer,Office Supplies,Art,OFF-AR-10004582,10.0,10.0,2,3,3561
7110,2022-04-03,Standard Class,Consumer,Office Supplies,Storage,OFF-ST-10000991,400.0,460.0,4,4,2295
7111,2022-03-03,Standard Class,Consumer,Office Supplies,Supplies,OFF-SU-10002522,10.0,10.0,2,4,2952
7112,2022-09-14,Standard Class,Consumer,Office Supplies,Art,OFF-AR-10004022,60.0,70.0,2,2,2304
7113,2023-02-27,Standard Class,Consumer,Office Supplies,Supplies,OFF-SU-10001218,50.0,50.0,5,4,1804
7114,2022-05-22,Standard Class,Consumer,Office Supplies,Binders,OFF-BI-10000174,10.0,10.0,2,2,2436
7115,2022-11-10,First Class,Corporate,Furniture,Tables,FUR-TA-10003392,1500.0,1690.0,6,5,4866
7116,2022-06-07,First Class,Corporate,Office Supplies,Binders,OFF-BI-10001890,10.0,10.0,2,4,4494
7117,2023-11-15,Second Class,Consumer,Office Supplies,Paper,OFF-PA-10000167,50.0,60.0,2,4,2600
7118,2023-01-16,Second Class,Consumer,Office Supplies,Binders,OFF-BI-10003784,10.0,10.0,1,3,3606
7119,2022-11-01,Standard Class,Corporate,Office Supplies,Paper,OFF-PA-10001184,20.0,20.0,3,2,3197
7120,2023-03-17,Standard Class,Corporate,Office Supplies,Binders,OFF-BI-10002103,10.0,10.0,2,2,2446
7121,2023-01-01,Standard Class,Corporate,Office Supplies,Binders,OFF-BI-10003091,60.0,70.0,1,4,3582
7122,2023-05-22,Standard Class,Consumer,Office Supplies,Paper,OFF-PA-10001593,30.0,40.0,7,2,1462
7123,2022-07-09,Standard Class,Consumer,Furniture,Bookcases,FUR-BO-10002598,120.0,140.0,2,3,5010
7124,2022-11-28,Standard Class,Corporate,Furniture,Furnishings,FUR-FU-10000320,10.0,10.0,3,2,955
7125,2022-08-08,Standard Class,Corporate,Office Supplies,Paper,OFF-PA-10001815,110.0,140.0,3,2,4621
7126,2023-06-17,Second Class,Consumer,Office Supplies,Paper,OFF-PA-10003971,20.0,20.0,3,5,2349
7127,2023-08-22,Second Class,Consumer,Office Supplies,Art,OFF-AR-10004685,10.0,10.0,3,4,2709
7128,2023-08-09,Standard Class,Consumer,Office Supplies,Paper,OFF-PA-10001609,20.0,20.0,5,3,4081
7129,2022-12-26,Standard Class,Consumer,Furniture,Furnishings,FUR-FU-10000550,20.0,20.0,4,5,1005
7130,2022-07-07,Standard Class,Consumer,Technology,Accessories,TEC-AC-10004209,30.0,40.0,4,3,3010
7131,2022-07-07,Standard Class,Consumer,Office Supplies,Paper,OFF-PA-10003022,100.0,120.0,7,5,147
7132,2022-01-24,Standard Class,Home Office,Furniture,Tables,FUR-TA-10001039,250.0,260.0,3,4,5092
7133,2023-11-26,Standard Class,Home Office,Technology,Phones,TEC-PH-10002624,1750.0,1880.0,4,5,540
7134,2023-01-26,Standard Class,Home Office,Furniture,Furnishings,FUR-FU-10001473,20.0,30.0,2,4,3117
7135,2023-07-19,Standard Class,Home Office,Technology,Phones,TEC-PH-10001819,90.0,90.0,2,4,4748
7136,2023-04-29,Standard Class,Home Office,Furniture,Chairs,FUR-CH-10004287,710.0,830.0,3,3,4470
7137,2023-02-19,Standard Class,Consumer,Office Supplies,Binders,OFF-BI-10004728,10.0,10.0,5,5,882
7138,2022-06-14,Standard Class,Consumer,Office Supplies,Storage,OFF-ST-10000918,20.0,20.0,2,2,1833
7139,2023-09-04,Standard Class,Consumer,Office Supplies,Binders,OFF-BI-10004593,50.0,60.0,4,4,99
7140,2023-08-19,Standard Class,Consumer,Furniture,Bookcases,FUR-BO-10001337,230.0,290.0,3,4,963
7141,2022-05-18,Same Day,Consumer,Technology,Accessories,TEC-AC-10002473,100.0,110.0,4,4,5008
7142,2023-02-11,Same Day,Consumer,Furniture,Furnishings,FUR-FU-10003623,130.0,140.0,5,4,4946
7143,2023-05-05,Standard Class,Home Office,Furniture,Furnishings,FUR-FU-10002045,100.0,110.0,5,2,376
7144,2022-07-13,Standard Class,Home Office,Technology,Phones,TEC-PH-10002555,690.0,780.0,5,3,3004
7145,2023-01-29,Standard Class,Home Office,Office Supplies,Binders,OFF-BI-10002794,10.0,10.0,1,5,3685
7146,2023-08-06,Standard Class,Home Office,Furniture,Tables,FUR-TA-10004086,120.0,150.0,3,5,1020
7147,2023-06-02,Standard Class,Home Office,Office Supplies,Storage,OFF-ST-10004946,30.0,40.0,1,3,2456
7148,2022-12-14,Standard Class,Consumer,Office Supplies,Paper,OFF-PA-10000241,80.0,90.0,3,3,2746
7149,2023-10-29,Standard Class,Consumer,Office Supplies,Appliances,OFF-AP-10004036,50.0,50.0,3,3,2877
7150,2022-12-19,Standard Class,Consumer,Technology,Phones,TEC-PH-10001578,880.0,970.0,3,3,3670
7151,2022-08-14,Standard Class,Home Office,Furniture,Chairs,FUR-CH-10002647,130.0,140.0,2,2,4315
7152,2022-04-27,Second Class,Consumer,Furniture,Tables,FUR-TA-10003008,150.0,180.0,2,2,3362
7153,2022-05-24,Standard Class,Corporate,Office Supplies,Paper,OFF-PA-10004071,80.0,90.0,2,4,4971
7154,2023-05-02,Standard Class,Consumer,Office Supplies,Appliances,OFF-AP-10004980,40.0,50.0,7,4,2923
7155,2022-06-17,Second Class,Consumer,Furniture,Furnishings,FUR-FU-10000747,240.0,280.0,6,4,4838
7156,2023-11-11,Second Class,Consumer,Office Supplies,Binders,OFF-BI-10004492,150.0,160.0,5,3,4485
7157,2022-06-08,Standard Class,Consumer,Office Supplies,Labels,OFF-LA-10004055,10.0,10.0,1,2,4890
7158,2023-11-11,Second Class,Consumer,Office Supplies,Storage,OFF-ST-10002485,80.0,90.0,4,5,1174
7159,2022-09-22,Second Class,Consumer,Office Supplies,Paper,OFF-PA-10001243,10.0,10.0,1,5,2980
7160,2022-04-22,Second Class,Home Office,Technology,Phones,TEC-PH-10004447,200.0,220.0,2,5,1381
7161,2022-08-11,Second Class,Home Office,Office Supplies,Fasteners,OFF-FA-10002280,20.0,20.0,4,2,2498
7162,2022-05-19,Standard Class,Consumer,Office Supplies,Paper,OFF-PA-10004734,20.0,20.0,3,4,1631
7163,2022-11-23,Standard Class,Consumer,Office Supplies,Binders,OFF-BI-10000145,20.0,20.0,5,2,571
7164,2023-10-04,Second Class,Corporate,Office Supplies,Envelopes,OFF-EN-10004773,200.0,250.0,8,5,1603
7165,2022-05-27,Second Class,Corporate,Office Supplies,Binders,OFF-BI-10004970,10.0,10.0,3,3,4887
7166,2023-12-25,First Class,Consumer,Office Supplies,Storage,OFF-ST-10000604,60.0,70.0,2,5,1269
7167,2023-06-18,Second Class,Consumer,Office Supplies,Art,OFF-AR-10003190,10.0,10.0,4,4,1990
7168,2022-12-21,Second Class,Consumer,Furniture,Chairs,FUR-CH-10000155,630.0,720.0,3,4,492
7169,2023-04-09,Second Class,Consumer,Office Supplies,Storage,OFF-ST-10003058,210.0,240.0,10,5,2847
7170,2023-04-28,Second Class,Consumer,Furniture,Tables,FUR-TA-10004767,150.0,170.0,3,5,5077
7171,2022-08-29,Standard Class,Consumer,Furniture,Chairs,FUR-CH-10002372,120.0,150.0,2,3,453
7172,2023-12-10,Second Class,Consumer,Technology,Accessories,TEC-AC-10000158,90.0,110.0,3,4,1568
7173,2023-08-13,Standard Class,Corporate,Technology,Accessories,TEC-AC-10000158,110.0,140.0,5,2,280
7174,2022-08-14,Standard Class,Corporate,Technology,Copiers,TEC-CO-10002313,1940.0,2400.0,5,3,1872
7175,2023-06-09,Standard Class,Corporate,Office Supplies,Paper,OFF-PA-10002581,60.0,70.0,3,5,2773
7176,2023-08-13,Standard Class,Corporate,Office Supplies,Appliances,OFF-AP-10001205,80.0,90.0,8,2,5065
7177,2022-08-01,Standard Class,Corporate,Office Supplies,Storage,OFF-ST-10000344,20.0,30.0,3,4,2553
7178,2022-08-15,Standard Class,Corporate,Office Supplies,Binders,OFF-BI-10002897,10.0,10.0,2,3,3547
7179,2022-04-12,Standard Class,Corporate,Office Supplies,Binders,OFF-BI-10003694,10.0,10.0,3,2,3169
7180,2022-03-30,Standard Class,Consumer,Technology,Phones,TEC-PH-10001644,80.0,90.0,3,2,2366
7181,2022-05-06,First Class,Corporate,Office Supplies,Art,OFF-AR-10002399,10.0,10.0,3,2,4040
7182,2023-06-05,Second Class,Consumer,Technology,Accessories,TEC-AC-10003063,30.0,40.0,2,3,4859
7183,2022-07-17,Standard Class,Home Office,Office Supplies,Binders,OFF-BI-10002071,20.0,20.0,5,4,2738
7184,2022-03-29,First Class,Consumer,Furniture,Chairs,FUR-CH-10004218,730.0,910.0,9,5,3638
7185,2022-09-29,Standard Class,Home Office,Office Supplies,Supplies,OFF-SU-10000432,10.0,10.0,2,3,3606
7186,2022-02-18,Standard Class,Home Office,Office Supplies,Art,OFF-AR-10003183,10.0,10.0,3,5,25
7187,2022-10-31,Standard Class,Home Office,Furniture,Chairs,FUR-CH-10002017,60.0,70.0,4,2,2235
7188,2022-03-26,Standard Class,Home Office,Furniture,Furnishings,FUR-FU-10003247,20.0,20.0,2,4,2516
7189,2022-12-12,Standard Class,Home Office,Office Supplies,Appliances,OFF-AP-10001563,40.0,40.0,4,3,2593
7190,2023-04-08,First Class,Home Office,Technology,Phones,TEC-PH-10004908,180.0,200.0,3,4,287
7191,2022-04-14,First Class,Home Office,Furniture,Tables,FUR-TA-10003392,620.0,670.0,3,2,1788
7192,2022-05-15,Second Class,Consumer,Office Supplies,Binders,OFF-BI-10004140,10.0,10.0,4,2,420
7193,2023-10-26,Second Class,Consumer,Office Supplies,Art,OFF-AR-10003631,30.0,30.0,8,2,3766
7194,2023-04-24,First Class,Consumer,Office Supplies,Storage,OFF-ST-10003716,1120.0,1350.0,6,3,444
7195,2023-07-03,First Class,Consumer,Office Supplies,Binders,OFF-BI-10003274,20.0,20.0,4,4,1454
7196,2023-09-12,Standard Class,Home Office,Furniture,Furnishings,FUR-FU-10004848,20.0,20.0,2,5,2127
7197,2022-06-04,Standard Class,Home Office,Office Supplies,Art,OFF-AR-10003504,20.0,20.0,5,3,4145
7198,2022-07-04,Standard Class,Home Office,Office Supplies,Labels,OFF-LA-10000305,10.0,10.0,2,2,1381
7199,2023-07-10,Standard Class,Home Office,Office Supplies,Art,OFF-AR-10001427,10.0,10.0,2,2,987
7200,2023-12-27,Standard Class,Home Office,Technology,Phones,TEC-PH-10004614,130.0,140.0,2,5,2264
7201,2023-09-07,Standard Class,Consumer,Technology,Phones,TEC-PH-10001944,110.0,120.0,1,3,689
7202,2022-12-06,Standard Class,Consumer,Furniture,Tables,FUR-TA-10001039,290.0,330.0,7,5,4874
7203,2022-08-16,Same Day,Corporate,Furniture,Furnishings,FUR-FU-10003806,650.0,760.0,5,5,64
7204,2023-05-15,Standard Class,Home Office,Furniture,Furnishings,FUR-FU-10002111,10.0,10.0,3,5,3808
7205,2023-07-26,Standard Class,Consumer,Office Supplies,Art,OFF-AR-10000817,10.0,10.0,2,5,1679
7206,2023-02-21,Standard Class,Consumer,Furniture,Furnishings,FUR-FU-10001424,20.0,20.0,2,4,762
7207,2023-08-17,Standard Class,Consumer,Technology,Machines,TEC-MA-10002930,340.0,370.0,11,4,1110
7208,2023-09-30,First Class,Corporate,Office Supplies,Art,OFF-AR-10003759,10.0,10.0,2,5,3218
7209,2023-09-25,First Class,Corporate,Office Supplies,Paper,OFF-PA-10001837,20.0,20.0,4,2,717
7210,2023-02-12,First Class,Corporate,Office Supplies,Paper,OFF-PA-10001667,10.0,10.0,2,4,4936
7211,2023-08-09,Standard Class,Corporate,Office Supplies,Paper,OFF-PA-10000246,20.0,30.0,3,4,1370
7212,2023-08-31,Standard Class,Corporate,Office Supplies,Binders,OFF-BI-10001078,40.0,50.0,12,5,2189
7213,2022-10-21,Standard Class,Corporate,Office Supplies,Binders,OFF-BI-10000138,10.0,10.0,3,4,1918
7214,2023-10-03,Standard Class,Consumer,Office Supplies,Labels,OFF-LA-10002034,10.0,10.0,3,3,4508
7215,2022-10-07,Second Class,Corporate,Office Supplies,Art,OFF-AR-10000127,20.0,20.0,5,2,2248
7216,2023-11-12,Second Class,Corporate,Office Supplies,Paper,OFF-PA-10003172,30.0,30.0,4,3,2089
7217,2023-04-02,First Class,Consumer,Office Supplies,Art,OFF-AR-10001246,10.0,10.0,3,4,329
7218,2023-08-07,First Class,Consumer,Office Supplies,Binders,OFF-BI-10002026,60.0,60.0,2,2,1626
7219,2022-05-30,First Class,Consumer,Technology,Accessories,TEC-AC-10000844,300.0,340.0,4,4,4024
7220,2023-07-15,First Class,Consumer,Office Supplies,Binders,OFF-BI-10001575,40.0,50.0,2,4,3043
7221,2023-03-18,Standard Class,Consumer,Office Supplies,Binders,OFF-BI-10004632,250.0,270.0,3,5,4969
7222,2023-01-17,Standard Class,Consumer,Technology,Phones,TEC-PH-10000193,130.0,140.0,3,2,2748
7223,2023-07-11,Standard Class,Consumer,Technology,Accessories,TEC-AC-10003441,30.0,40.0,3,3,4949
7224,2023-12-15,Standard Class,Consumer,Technology,Phones,TEC-PH-10004093,100.0,110.0,3,3,812
7225,2022-12-20,Standard Class,Consumer,Office Supplies,Appliances,OFF-AP-10002998,130.0,150.0,7,2,1305
7226,2022-12-17,Standard Class,Consumer,Furniture,Furnishings,FUR-FU-10000073,30.0,30.0,4,2,647
7227,2023-11-14,Standard Class,Corporate,Office Supplies,Paper,OFF-PA-10001125,110.0,120.0,5,4,874
7228,2023-04-28,Standard Class,Corporate,Technology,Accessories,TEC-AC-10003033,1080.0,1320.0,5,4,1873
7229,2022-06-21,First Class,Consumer,Office Supplies,Binders,OFF-BI-10002498,70.0,90.0,6,3,2181
7230,2023-04-07,First Class,Consumer,Office Supplies,Paper,OFF-PA-10004569,20.0,20.0,3,4,3558
7231,2022-05-19,First Class,Consumer,Office Supplies,Binders,OFF-BI-10002353,20.0,30.0,2,4,4916
7232,2023-12-29,First Class,Consumer,Office Supplies,Appliances,OFF-AP-10001564,410.0,470.0,2,5,3597
7233,2023-03-22,First Class,Consumer,Office Supplies,Paper,OFF-PA-10003673,30.0,30.0,4,5,4793
7234,2022-02-10,Standard Class,Consumer,Furniture,Furnishings,FUR-FU-10003347,90.0,110.0,8,5,4247
7235,2022-06-08,Standard Class,Consumer,Office Supplies,Paper,OFF-PA-10001934,10.0,10.0,2,5,2136
7236,2022-05-25,Standard Class,Consumer,Office Supplies,Binders,OFF-BI-10000632,60.0,70.0,2,5,4792
7237,2022-05-05,First Class,Consumer,Office Supplies,Art,OFF-AR-10003190,10.0,10.0,3,4,422
7238,2022-08-23,Same Day,Corporate,Technology,Machines,TEC-MA-10000904,270.0,340.0,3,2,1787
7239,2022-02-18,Standard Class,Consumer,Furniture,Furnishings,FUR-FU-10000771,40.0,40.0,7,2,4282
7240,2022-04-07,Standard Class,Consumer,Office Supplies,Envelopes,OFF-EN-10001990,40.0,40.0,7,3,2377
7241,2023-12-05,Second Class,Consumer,Furniture,Furnishings,FUR-FU-10002445,70.0,70.0,7,5,513
7242,2023-10-24,Second Class,Consumer,Office Supplies,Binders,OFF-BI-10003638,80.0,90.0,6,2,4090
7243,2023-09-29,Second Class,Consumer,Furniture,Furnishings,FUR-FU-10004864,20.0,20.0,2,3,4767
7244,2022-02-27,Second Class,Consumer,Furniture,Chairs,FUR-CH-10002024,3540.0,4420.0,9,3,1885
7245,2023-07-01,First Class,Consumer,Office Supplies,Art,OFF-AR-10002445,40.0,50.0,7,4,3845
7246,2022-01-19,Standard Class,Consumer,Office Supplies,Storage,OFF-ST-10001370,310.0,350.0,5,2,2784
7247,2023-11-13,Standard Class,Corporate,Office Supplies,Labels,OFF-LA-10000305,20.0,20.0,3,4,3567
7248,2023-08-08,Standard Class,Corporate,Furniture,Bookcases,FUR-BO-10001972,250.0,300.0,5,5,1490
7249,2023-05-11,Standard Class,Corporate,Office Supplies,Storage,OFF-ST-10002486,30.0,40.0,8,4,1903
7250,2023-07-04,Second Class,Consumer,Technology,Accessories,TEC-AC-10001874,100.0,120.0,2,2,4955
7251,2023-06-15,Second Class,Consumer,Technology,Accessories,TEC-AC-10003870,810.0,990.0,3,3,1816
7252,2023-09-11,Standard Class,Corporate,Office Supplies,Labels,OFF-LA-10002473,10.0,10.0,4,2,4719
7253,2023-06-14,Standard Class,Corporate,Office Supplies,Paper,OFF-PA-10003790,70.0,70.0,3,2,2397
7254,2023-11-17,Standard Class,Home Office,Office Supplies,Appliances,OFF-AP-10002684,300.0,360.0,3,3,4785
7255,2022-06-05,Standard Class,Home Office,Furniture,Furnishings,FUR-FU-10001037,40.0,50.0,5,2,4277
7256,2022-08-02,Standard Class,Home Office,Office Supplies,Storage,OFF-ST-10000876,40.0,50.0,4,5,2654
7257,2023-11-30,Standard Class,Home Office,Office Supplies,Art,OFF-AR-10003732,10.0,10.0,2,5,2653
7258,2022-04-03,Standard Class,Home Office,Office Supplies,Paper,OFF-PA-10000994,570.0,630.0,6,2,2236
7259,2023-03-14,Standard Class,Home Office,Office Supplies,Art,OFF-AR-10000940,10.0,10.0,5,4,497
7260,2023-07-14,Standard Class,Home Office,Office Supplies,Paper,OFF-PA-10004888,40.0,50.0,7,4,2228
7261,2022-12-27,Standard Class,Home Office,Technology,Phones,TEC-PH-10000441,110.0,130.0,1,5,3098
7262,2023-06-08,Second Class,Corporate,Office Supplies,Art,OFF-AR-10001231,10.0,10.0,7,4,3088
7263,2022-02-28,Standard Class,Corporate,Technology,Phones,TEC-PH-10003988,30.0,30.0,5,5,679
7264,2022-12-09,Standard Class,Corporate,Office Supplies,Envelopes,OFF-EN-10003068,30.0,30.0,4,5,1670
7265,2023-03-14,Standard Class,Consumer,Office Supplies,Art,OFF-AR-10004260,150.0,180.0,7,2,3419
7266,2022-10-18,Second Class,Corporate,Furniture,Chairs,FUR-CH-10001973,150.0,160.0,2,4,3127
7267,2022-05-26,Same Day,Consumer,Office Supplies,Binders,OFF-BI-10002824,10.0,10.0,3,2,4351
7268,2023-03-23,Same Day,Consumer,Office Supplies,Storage,OFF-ST-10004950,60.0,70.0,4,3,3493
7269,2023-02-16,Standard Class,Consumer,Office Supplies,Paper,OFF-PA-10004039,70.0,90.0,2,4,129
7270,2022-03-19,Standard Class,Consumer,Furniture,Furnishings,FUR-FU-10003374,290.0,320.0,8,2,2280
7271,2022-10-31,Standard Class,Corporate,Furniture,Bookcases,FUR-BO-10001918,230.0,270.0,2,5,3289
7272,2023-04-11,Standard Class,Corporate,Office Supplies,Appliances,OFF-AP-10002287,20.0,20.0,4,3,1597
7273,2022-06-17,Standard Class,Corporate,Office Supplies,Supplies,OFF-SU-10004498,20.0,20.0,2,4,1923
7274,2023-11-09,Standard Class,Corporate,Office Supplies,Binders,OFF-BI-10002557,10.0,10.0,3,5,1307
7275,2023-05-16,Standard Class,Home Office,Technology,Phones,TEC-PH-10004908,300.0,340.0,5,5,1336
7276,2022-02-25,Standard Class,Home Office,Furniture,Furnishings,FUR-FU-10000794,50.0,60.0,7,2,3020
7277,2023-05-13,Standard Class,Home Office,Technology,Accessories,TEC-AC-10004171,700.0,800.0,10,4,791
7278,2022-11-23,First Class,Home Office,Technology,Phones,TEC-PH-10002070,30.0,40.0,2,3,2510
7279,2023-07-13,First Class,Home Office,Technology,Accessories,TEC-AC-10003095,370.0,390.0,3,2,4905
7280,2023-10-25,Same Day,Corporate,Technology,Accessories,TEC-AC-10003832,170.0,190.0,7,4,2248
7281,2023-10-11,Standard Class,Consumer,Office Supplies,Binders,OFF-BI-10003527,2340.0,2540.0,2,4,1857
7282,2022-03-15,Standard Class,Home Office,Technology,Machines,TEC-MA-10001148,560.0,600.0,5,3,2381
7283,2023-06-18,Standard Class,Consumer,Office Supplies,Binders,OFF-BI-10002432,20.0,20.0,3,2,3348
7284,2022-01-22,Standard Class,Consumer,Office Supplies,Art,OFF-AR-10001374,30.0,30.0,5,4,1156
7285,2023-07-10,Standard Class,Consumer,Furniture,Furnishings,FUR-FU-10000723,70.0,70.0,2,2,854
7286,2023-08-11,Standard Class,Consumer,Technology,Accessories,TEC-AC-10003614,50.0,50.0,4,3,3002
7287,2023-11-12,Standard Class,Corporate,Technology,Accessories,TEC-AC-10004877,10.0,10.0,1,4,3385
7288,2023-07-03,Standard Class,Corporate,Furniture,Furnishings,FUR-FU-10004270,50.0,60.0,3,2,3508
7289,2022-03-09,Standard Class,Corporate,Technology,Machines,TEC-MA-10002210,510.0,560.0,3,2,1368
7290,2022-09-12,First Class,Consumer,Office Supplies,Storage,OFF-ST-10000675,290.0,310.0,9,2,2416
7291,2023-07-04,First Class,Consumer,Office Supplies,Binders,OFF-BI-10004781,50.0,50.0,2,2,578
7292,2023-12-05,First Class,Consumer,Office Supplies,Labels,OFF-LA-10004689,30.0,30.0,9,3,634
7293,2022-06-24,Standard Class,Consumer,Technology,Machines,TEC-MA-10001856,590.0,650.0,2,4,3645
7294,2023-04-03,Standard Class,Consumer,Furniture,Furnishings,FUR-FU-10000719,50.0,60.0,7,2,1149
7295,2022-07-27,Standard Class,Consumer,Furniture,Furnishings,FUR-FU-10003849,20.0,20.0,1,4,5099
7296,2022-06-11,First Class,Consumer,Office Supplies,Art,OFF-AR-10001725,40.0,40.0,2,5,3641
7297,2023-07-21,First Class,Consumer,Office Supplies,Fasteners,OFF-FA-10000840,10.0,10.0,6,5,2918
7298,2022-11-17,Second Class,Corporate,Office Supplies,Storage,OFF-ST-10000943,80.0,80.0,5,2,4614
7299,2022-02-08,First Class,Consumer,Furniture,Tables,FUR-TA-10002533,230.0,290.0,4,5,949
7300,2023-07-13,First Class,Consumer,Furniture,Furnishings,FUR-FU-10001546,10.0,10.0,2,3,89
7301,2022-05-11,First Class,Consumer,Furniture,Bookcases,FUR-BO-10003546,370.0,420.0,6,3,2793
7302,2023-08-11,First Class,Consumer,Office Supplies,Binders,OFF-BI-10004728,10.0,10.0,3,3,526
7303,2022-04-19,First Class,Consumer,Office Supplies,Storage,OFF-ST-10000025,340.0,380.0,5,4,1656
7304,2022-01-23,Standard Class,Consumer,Furniture,Chairs,FUR-CH-10003817,80.0,100.0,2,3,4359
7305,2023-12-27,Standard Class,Consumer,Office Supplies,Paper,OFF-PA-10000289,10.0,10.0,2,5,1243
7306,2022-03-21,Standard Class,Consumer,Furniture,Tables,FUR-TA-10001889,720.0,890.0,3,5,767
7307,2023-07-24,Second Class,Consumer,Technology,Accessories,TEC-AC-10002305,60.0,70.0,4,4,3244
7308,2023-11-07,Second Class,Consumer,Furniture,Chairs,FUR-CH-10004875,90.0,110.0,2,3,797
7309,2022-07-12,Second Class,Consumer,Office Supplies,Envelopes,OFF-EN-10001434,150.0,160.0,3,5,3447
7310,2022-07-03,Second Class,Corporate,Office Supplies,Fasteners,OFF-FA-10004395,10.0,10.0,3,5,3082
7311,2022-05-13,Standard Class,Consumer,Office Supplies,Binders,OFF-BI-10004632,50.0,60.0,5,3,5091
7312,2022-12-05,Standard Class,Consumer,Office Supplies,Binders,OFF-BI-10000145,10.0,10.0,2,4,2335
7313,2023-12-31,Standard Class,Consumer,Office Supplies,Binders,OFF-BI-10002498,10.0,10.0,2,5,3420
7314,2022-02-03,Standard Class,Consumer,Office Supplies,Art,OFF-AR-10001761,40.0,40.0,8,5,837
7315,2023-09-21,Standard Class,Home Office,Technology,Phones,TEC-PH-10001817,270.0,290.0,1,5,4722
7316,2023-07-16,Second Class,Consumer,Office Supplies,Art,OFF-AR-10004456,30.0,40.0,3,2,1775
7317,2022-03-17,Standard Class,Corporate,Furniture,Tables,FUR-TA-10001539,110.0,140.0,1,4,3313
7318,2023-02-14,Standard Class,Corporate,Office Supplies,Paper,OFF-PA-10003205,20.0,20.0,3,2,3226
7319,2022-09-12,Standard Class,Corporate,Office Supplies,Binders,OFF-BI-10002813,10.0,10.0,7,5,3515
7320,2022-11-01,Second Class,Consumer,Technology,Phones,TEC-PH-10002310,830.0,980.0,5,2,3608
7321,2022-04-19,Second Class,Consumer,Furniture,Furnishings,FUR-FU-10003623,130.0,140.0,5,4,4470
7322,2022-06-06,Standard Class,Corporate,Office Supplies,Paper,OFF-PA-10003424,10.0,10.0,3,5,857
7323,2022-11-15,Standard Class,Corporate,Technology,Accessories,TEC-AC-10004353,90.0,100.0,2,2,2466
7324,2022-12-09,First Class,Consumer,Furniture,Furnishings,FUR-FU-10001934,40.0,40.0,2,3,306
7325,2023-06-05,First Class,Consumer,Office Supplies,Labels,OFF-LA-10003766,10.0,10.0,3,4,3456
7326,2023-10-05,Standard Class,Consumer,Office Supplies,Appliances,OFF-AP-10004540,330.0,400.0,5,4,4409
7327,2023-03-21,Standard Class,Consumer,Office Supplies,Binders,OFF-BI-10001543,30.0,30.0,1,5,2796
7328,2023-08-03,Standard Class,Home Office,Furniture,Furnishings,FUR-FU-10004597,100.0,110.0,2,4,1991
7329,2023-05-29,Standard Class,Home Office,Technology,Machines,TEC-MA-10001148,1110.0,1280.0,4,4,4549
7330,2023-06-14,Standard Class,Home Office,Office Supplies,Storage,OFF-ST-10000078,1540.0,1860.0,7,5,1571
7331,2022-09-15,First Class,Corporate,Furniture,Furnishings,FUR-FU-10001037,20.0,20.0,6,5,80
7332,2023-05-18,Standard Class,Corporate,Technology,Phones,TEC-PH-10001433,50.0,60.0,1,4,3645
7333,2023-02-01,Standard Class,Corporate,Office Supplies,Binders,OFF-BI-10003007,70.0,80.0,7,3,4269
7334,2023-05-07,Standard Class,Consumer,Furniture,Furnishings,FUR-FU-10001290,60.0,70.0,2,4,2996
7335,2022-06-01,Standard Class,Consumer,Furniture,Furnishings,FUR-FU-10000087,40.0,50.0,3,2,4928
7336,2022-01-16,Standard Class,Consumer,Technology,Accessories,TEC-AC-10002049,790.0,840.0,2,2,191
7337,2023-04-03,Standard Class,Consumer,Furniture,Bookcases,FUR-BO-10002613,400.0,450.0,2,5,2796
7338,2022-07-17,First Class,Corporate,Office Supplies,Storage,OFF-ST-10004950,20.0,20.0,1,3,4481
7339,2023-10-24,Second Class,Corporate,Furniture,Chairs,FUR-CH-10004875,170.0,190.0,3,5,297
7340,2023-06-02,First Class,Corporate,Office Supplies,Art,OFF-AR-10003190,10.0,10.0,2,5,2774
7341,2022-06-24,Standard Class,Consumer,Furniture,Chairs,FUR-CH-10000553,60.0,70.0,2,5,2229
7342,2022-11-16,Standard Class,Consumer,Office Supplies,Labels,OFF-LA-10002762,140.0,160.0,13,2,3036
7343,2023-12-27,Standard Class,Consumer,Furniture,Furnishings,FUR-FU-10000719,20.0,30.0,3,4,4242
7344,2022-05-13,Standard Class,Consumer,Office Supplies,Storage,OFF-ST-10000563,180.0,190.0,6,4,755
7345,2022-05-02,Standard Class,Corporate,Furniture,Tables,FUR-TA-10004289,580.0,720.0,6,5,4807
7346,2023-07-12,Standard Class,Corporate,Technology,Phones,TEC-PH-10003555,60.0,70.0,4,5,4693
7347,2022-11-13,Standard Class,Corporate,Office Supplies,Art,OFF-AR-10001958,10.0,10.0,1,5,3628
7348,2022-06-26,Standard Class,Corporate,Furniture,Chairs,FUR-CH-10000225,50.0,60.0,1,5,2902
7349,2022-04-28,Standard Class,Consumer,Office Supplies,Appliances,OFF-AP-10002534,150.0,180.0,3,4,1256
7350,2022-08-02,Standard Class,Corporate,Office Supplies,Binders,OFF-BI-10000301,40.0,40.0,6,3,1982
7351,2022-08-30,Standard Class,Corporate,Office Supplies,Binders,OFF-BI-10003460,20.0,20.0,5,5,3442
7352,2022-04-06,Standard Class,Consumer,Technology,Accessories,TEC-AC-10001772,90.0,110.0,7,5,1594
7353,2022-09-05,Second Class,Home Office,Technology,Phones,TEC-PH-10003505,410.0,450.0,8,5,880
7354,2023-12-29,Standard Class,Home Office,Office Supplies,Labels,OFF-LA-10004484,20.0,20.0,5,3,2182
7355,2022-10-05,Standard Class,Home Office,Office Supplies,Paper,OFF-PA-10001593,30.0,30.0,5,3,3593
7356,2023-05-04,Second Class,Corporate,Office Supplies,Binders,OFF-BI-10004139,100.0,120.0,8,4,1130
7357,2022-01-23,Standard Class,Home Office,Office Supplies,Art,OFF-AR-10001315,10.0,10.0,1,2,4268
7358,2022-04-15,Standard Class,Home Office,Furniture,Furnishings,FUR-FU-10001488,140.0,170.0,2,4,1907
7359,2022-12-06,Second Class,Corporate,Technology,Phones,TEC-PH-10002170,210.0,250.0,6,3,2153
7360,2023-09-19,Second Class,Corporate,Furniture,Tables,FUR-TA-10004575,460.0,520.0,3,3,1909
7361,2022-10-19,First Class,Consumer,Office Supplies,Paper,OFF-PA-10000809,20.0,20.0,3,5,2971
7362,2023-04-07,First Class,Consumer,Furniture,Chairs,FUR-CH-10000225,160.0,190.0,3,2,3172
7363,2023-11-07,First Class,Consumer,Office Supplies,Binders,OFF-BI-10003707,40.0,40.0,3,3,3539
7364,2022-04-14,Standard Class,Corporate,Technology,Phones,TEC-PH-10004539,280.0,340.0,3,2,2865
7365,2023-01-09,Standard Class,Corporate,Office Supplies,Fasteners,OFF-FA-10004076,10.0,10.0,8,5,216
7366,2022-11-09,Standard Class,Corporate,Office Supplies,Binders,OFF-BI-10003166,10.0,10.0,2,2,232
7367,2023-07-13,Standard Class,Corporate,Office Supplies,Storage,OFF-ST-10002301,30.0,30.0,2,4,351
7368,2022-08-16,Standard Class,Corporate,Furniture,Chairs,FUR-CH-10002647,310.0,350.0,7,3,2754
7369,2022-09-11,First Class,Corporate,Office Supplies,Binders,OFF-BI-10004654,20.0,20.0,3,4,4419
7370,2022-10-07,Second Class,Consumer,Office Supplies,Labels,OFF-LA-10001175,10.0,10.0,2,5,2795
7371,2022-11-27,Standard Class,Corporate,Technology,Phones,TEC-PH-10001336,240.0,260.0,2,3,1131
7372,2023-11-21,Second Class,Consumer,Office Supplies,Storage,OFF-ST-10000760,130.0,150.0,11,4,1469
7373,2023-02-09,Second Class,Consumer,Office Supplies,Storage,OFF-ST-10002301,50.0,60.0,3,4,1528
7374,2023-05-23,Second Class,Consumer,Office Supplies,Supplies,OFF-SU-10004884,90.0,110.0,7,5,5073
7375,2022-04-14,Second Class,Consumer,Office Supplies,Fasteners,OFF-FA-10003112,10.0,10.0,1,3,3010
7376,2022-02-21,Standard Class,Corporate,Office Supplies,Binders,OFF-BI-10000069,30.0,40.0,3,4,2974
7377,2023-01-18,First Class,Corporate,Office Supplies,Art,OFF-AR-10001958,50.0,50.0,4,2,4397
7378,2023-02-22,Standard Class,Corporate,Office Supplies,Storage,OFF-ST-10001321,70.0,90.0,6,3,2288
7379,2023-01-04,Same Day,Consumer,Office Supplies,Art,OFF-AR-10003504,10.0,10.0,3,3,2276
7380,2022-03-16,Standard Class,Consumer,Office Supplies,Storage,OFF-ST-10000419,30.0,40.0,3,5,2339
7381,2022-05-04,Standard Class,Consumer,Office Supplies,Labels,OFF-LA-10004559,10.0,10.0,5,5,2487
7382,2022-03-05,Standard Class,Consumer,Technology,Phones,TEC-PH-10001644,130.0,150.0,5,3,496
7383,2022-02-08,Standard Class,Consumer,Office Supplies,Supplies,OFF-SU-10004782,20.0,20.0,2,2,1984
7384,2023-03-22,Standard Class,Consumer,Office Supplies,Paper,OFF-PA-10002250,20.0,20.0,3,4,3766
7385,2023-10-17,Standard Class,Consumer,Office Supplies,Appliances,OFF-AP-10001394,340.0,380.0,2,4,4776
7386,2022-01-28,Standard Class,Consumer,Office Supplies,Paper,OFF-PA-10001838,20.0,20.0,3,3,1718
7387,2022-03-29,Standard Class,Consumer,Office Supplies,Storage,OFF-ST-10004340,300.0,370.0,6,2,847
7388,2022-11-26,Standard Class,Consumer,Furniture,Furnishings,FUR-FU-10003664,1190.0,1340.0,14,3,2516
7389,2023-08-09,Standard Class,Consumer,Technology,Phones,TEC-PH-10004897,30.0,30.0,3,3,2172
7390,2023-03-30,Standard Class,Consumer,Furniture,Chairs,FUR-CH-10000454,350.0,390.0,2,2,1620
7391,2022-06-20,Standard Class,Consumer,Furniture,Furnishings,FUR-FU-10004017,90.0,100.0,5,2,4268
7392,2022-03-30,Second Class,Consumer,Office Supplies,Paper,OFF-PA-10000241,60.0,70.0,3,4,130
7393,2022-06-07,Standard Class,Consumer,Office Supplies,Paper,OFF-PA-10003016,20.0,20.0,5,4,4029
7394,2023-08-29,Standard Class,Consumer,Office Supplies,Art,OFF-AR-10001615,60.0,60.0,3,3,1676
7395,2022-05-30,Standard Class,Consumer,Office Supplies,Paper,OFF-PA-10002713,30.0,30.0,5,5,2711
7396,2022-07-22,Standard Class,Corporate,Furniture,Tables,FUR-TA-10002958,280.0,310.0,2,4,5076
7397,2023-08-18,Standard Class,Corporate,Furniture,Chairs,FUR-CH-10003746,740.0,870.0,3,3,2269
7398,2022-04-25,Same Day,Corporate,Office Supplies,Appliances,OFF-AP-10003217,720.0,800.0,6,4,1611
7399,2023-12-18,Second Class,Consumer,Office Supplies,Paper,OFF-PA-10001526,30.0,40.0,9,2,366
7400,2023-12-14,Second Class,Consumer,Technology,Accessories,TEC-AC-10002857,20.0,20.0,4,4,1313
7401,2022-04-09,Standard Class,Consumer,Furniture,Furnishings,FUR-FU-10003039,40.0,40.0,1,3,1083
7402,2022-10-28,Standard Class,Consumer,Office Supplies,Paper,OFF-PA-10002615,30.0,30.0,7,3,466
7403,2022-02-12,Standard Class,Consumer,Office Supplies,Supplies,OFF-SU-10002573,60.0,70.0,4,3,4378
7404,2022-10-27,Standard Class,Corporate,Furniture,Bookcases,FUR-BO-10004015,430.0,510.0,5,3,816
7405,2023-03-09,Standard Class,Corporate,Furniture,Furnishings,FUR-FU-10001979,100.0,120.0,3,2,1994
7406,2022-05-04,Standard Class,Corporate,Furniture,Chairs,FUR-CH-10003833,90.0,100.0,2,5,4284
7407,2023-07-20,Standard Class,Corporate,Furniture,Chairs,FUR-CH-10004495,680.0,720.0,3,2,2372
7408,2023-12-14,First Class,Consumer,Office Supplies,Labels,OFF-LA-10001613,10.0,10.0,5,4,2959
7409,2023-05-05,Standard Class,Corporate,Furniture,Furnishings,FUR-FU-10003247,140.0,170.0,8,3,989
7410,2023-08-27,Standard Class,Consumer,Furniture,Tables,FUR-TA-10004442,150.0,170.0,1,3,1648
7411,2023-07-04,First Class,Consumer,Technology,Accessories,TEC-AC-10001314,90.0,100.0,2,2,77
7412,2022-03-03,Standard Class,Home Office,Technology,Phones,TEC-PH-10001619,140.0,160.0,1,5,1053
7413,2023-02-18,Standard Class,Home Office,Technology,Accessories,TEC-AC-10002323,30.0,40.0,2,2,2664
7414,2023-07-29,Standard Class,Home Office,Furniture,Furnishings,FUR-FU-10000820,10.0,10.0,1,5,1685
7415,2022-12-14,Second Class,Corporate,Furniture,Chairs,FUR-CH-10004287,320.0,390.0,2,3,291
7416,2022-04-05,Second Class,Corporate,Technology,Accessories,TEC-AC-10000474,330.0,380.0,5,5,3107
7417,2022-08-22,Second Class,Corporate,Technology,Phones,TEC-PH-10001494,450.0,540.0,3,4,2480
7418,2022-03-02,Second Class,Corporate,Office Supplies,Paper,OFF-PA-10004996,40.0,40.0,5,2,4938
7419,2022-03-11,Second Class,Corporate,Office Supplies,Binders,OFF-BI-10004318,50.0,50.0,1,5,1574
7420,2023-05-03,Second Class,Corporate,Office Supplies,Storage,OFF-ST-10002574,520.0,550.0,5,5,2196
7421,2023-07-05,Second Class,Corporate,Office Supplies,Binders,OFF-BI-10002353,20.0,20.0,5,3,3286
7422,2022-06-26,Second Class,Corporate,Office Supplies,Storage,OFF-ST-10003641,110.0,130.0,2,2,64
7423,2023-12-01,Second Class,Corporate,Technology,Machines,TEC-MA-10001148,420.0,450.0,3,4,3585
7424,2023-04-29,Standard Class,Consumer,Office Supplies,Appliances,OFF-AP-10000026,190.0,200.0,4,3,4701
7425,2023-08-13,Standard Class,Consumer,Furniture,Furnishings,FUR-FU-10003878,40.0,40.0,3,4,3295
7426,2023-12-10,Second Class,Consumer,Furniture,Chairs,FUR-CH-10001146,70.0,90.0,2,3,2207
7427,2023-08-26,Second Class,Consumer,Furniture,Furnishings,FUR-FU-10003919,30.0,30.0,2,3,5022
7428,2023-11-15,Standard Class,Corporate,Office Supplies,Binders,OFF-BI-10000605,10.0,10.0,3,4,1022
7429,2023-05-08,Standard Class,Corporate,Office Supplies,Binders,OFF-BI-10000309,30.0,30.0,2,4,762
7430,2023-05-02,Standard Class,Corporate,Office Supplies,Paper,OFF-PA-10003349,10.0,10.0,2,4,3769
7431,2022-10-17,Standard Class,Corporate,Office Supplies,Paper,OFF-PA-10003063,20.0,20.0,4,5,2379
7432,2022-12-07,Standard Class,Corporate,Office Supplies,Appliances,OFF-AP-10003971,20.0,30.0,3,4,584
7433,2022-10-06,Standard Class,Consumer,Office Supplies,Fasteners,OFF-FA-10004838,10.0,10.0,3,3,483
7434,2022-05-19,Standard Class,Consumer,Office Supplies,Binders,OFF-BI-10001097,10.0,10.0,5,2,1357
7435,2023-08-23,Standard Class,Corporate,Office Supplies,Binders,OFF-BI-10000605,10.0,10.0,3,4,3146
7436,2022-05-28,Standard Class,Corporate,Office Supplies,Binders,OFF-BI-10003314,20.0,20.0,6,4,4940
7437,2022-04-18,Standard Class,Corporate,Office Supplies,Art,OFF-AR-10002067,90.0,100.0,5,2,5020
7438,2023-08-13,Standard Class,Corporate,Office Supplies,Binders,OFF-BI-10001031,20.0,20.0,5,5,3802
7439,2022-06-20,Second Class,Corporate,Furniture,Furnishings,FUR-FU-10003832,50.0,50.0,5,2,1690
7440,2023-06-03,Standard Class,Consumer,Office Supplies,Binders,OFF-BI-10000138,20.0,20.0,5,3,1509
7441,2023-01-17,Standard Class,Consumer,Furniture,Tables,FUR-TA-10004607,190.0,240.0,2,5,1712
7442,2023-02-28,First Class,Corporate,Office Supplies,Labels,OFF-LA-10003148,20.0,20.0,3,2,4010
7443,2023-10-10,First Class,Corporate,Office Supplies,Paper,OFF-PA-10001804,10.0,10.0,2,3,2856
7444,2023-08-15,First Class,Corporate,Office Supplies,Storage,OFF-ST-10000036,220.0,240.0,3,3,4109
7445,2023-12-25,Second Class,Home Office,Office Supplies,Paper,OFF-PA-10001166,10.0,10.0,1,5,3731
7446,2022-05-04,Second Class,Home Office,Office Supplies,Paper,OFF-PA-10001033,60.0,70.0,2,4,4329
7447,2023-02-12,Second Class,Home Office,Furniture,Furnishings,FUR-FU-10004597,20.0,20.0,1,2,3138
7448,2023-04-24,Second Class,Home Office,Office Supplies,Paper,OFF-PA-10000418,350.0,420.0,5,5,1113
7449,2022-01-22,First Class,Consumer,Furniture,Furnishings,FUR-FU-10004090,70.0,90.0,5,5,2482
7450,2022-01-29,Second Class,Home Office,Office Supplies,Art,OFF-AR-10000390,10.0,10.0,3,3,4305
7451,2022-07-14,Second Class,Home Office,Furniture,Chairs,FUR-CH-10003774,260.0,320.0,5,4,4463
7452,2023-08-19,Second Class,Home Office,Office Supplies,Binders,OFF-BI-10002412,10.0,10.0,5,3,1261
7453,2022-12-15,Second Class,Home Office,Technology,Phones,TEC-PH-10002415,1350.0,1420.0,6,5,2978
7454,2023-03-02,Standard Class,Consumer,Technology,Phones,TEC-PH-10003505,140.0,150.0,2,4,5002
7455,2023-05-20,Standard Class,Consumer,Office Supplies,Labels,OFF-LA-10003663,10.0,10.0,4,3,2313
7456,2022-12-06,Standard Class,Consumer,Office Supplies,Storage,OFF-ST-10001780,850.0,1040.0,2,2,264
7457,2022-10-26,First Class,Consumer,Technology,Phones,TEC-PH-10002033,520.0,570.0,2,4,988
7458,2023-07-18,First Class,Consumer,Office Supplies,Binders,OFF-BI-10001036,10.0,10.0,1,5,3849
7459,2022-06-28,First Class,Consumer,Furniture,Furnishings,FUR-FU-10001468,1020.0,1200.0,7,3,2678
7460,2022-06-15,First Class,Consumer,Furniture,Bookcases,FUR-BO-10001519,470.0,520.0,9,3,1969
7461,2022-10-20,Second Class,Consumer,Technology,Copiers,TEC-CO-10001943,530.0,640.0,4,4,4315
7462,2022-05-10,Second Class,Consumer,Office Supplies,Paper,OFF-PA-10003127,40.0,50.0,2,3,1856
7463,2023-04-10,Second Class,Consumer,Technology,Accessories,TEC-AC-10002076,460.0,540.0,9,5,1809
7464,2022-05-10,Standard Class,Consumer,Office Supplies,Art,OFF-AR-10003338,10.0,10.0,2,5,1279
7465,2022-01-18,Standard Class,Consumer,Office Supplies,Paper,OFF-PA-10004610,20.0,30.0,8,5,3376
7466,2023-05-22,Standard Class,Consumer,Office Supplies,Storage,OFF-ST-10001272,240.0,260.0,2,4,135
7467,2023-04-09,Standard Class,Corporate,Office Supplies,Appliances,OFF-AP-10001366,80.0,90.0,8,2,162
7468,2022-07-16,Second Class,Home Office,Furniture,Furnishings,FUR-FU-10001424,30.0,30.0,4,3,737
7469,2023-03-09,Standard Class,Consumer,Office Supplies,Paper,OFF-PA-10000349,10.0,10.0,3,5,1370
7470,2023-09-05,Standard Class,Consumer,Furniture,Furnishings,FUR-FU-10002456,10.0,10.0,2,4,4749
7471,2022-01-13,Standard Class,Corporate,Office Supplies,Binders,OFF-BI-10002609,10.0,10.0,4,4,1882
7472,2022-02-08,Standard Class,Corporate,Office Supplies,Storage,OFF-ST-10001522,140.0,150.0,2,2,4368
7473,2023-03-05,First Class,Home Office,Technology,Copiers,TEC-CO-10000971,1410.0,1500.0,5,2,5079
7474,2022-06-19,Standard Class,Corporate,Office Supplies,Art,OFF-AR-10000034,10.0,10.0,4,3,2137
7475,2022-08-02,Standard Class,Home Office,Furniture,Chairs,FUR-CH-10004063,2290.0,2570.0,9,3,2649
7476,2022-10-05,Standard Class,Home Office,Office Supplies,Binders,OFF-BI-10004632,570.0,610.0,2,5,1166
7477,2022-05-18,Standard Class,Home Office,Office Supplies,Art,OFF-AR-10001662,10.0,10.0,2,3,4800
7478,2022-05-31,Standard Class,Home Office,Technology,Phones,TEC-PH-10004977,330.0,390.0,2,4,731
7479,2023-08-09,Standard Class,Home Office,Technology,Phones,TEC-PH-10004539,630.0,760.0,4,5,2969
7480,2023-01-27,Standard Class,Home Office,Office Supplies,Fasteners,OFF-FA-10001883,30.0,30.0,4,4,2277
7481,2022-05-10,Standard Class,Home Office,Office Supplies,Paper,OFF-PA-10000955,10.0,10.0,1,4,854
7482,2022-12-31,Second Class,Home Office,Office Supplies,Envelopes,OFF-EN-10002500,10.0,10.0,1,3,4478
7483,2022-09-08,Standard Class,Home Office,Office Supplies,Binders,OFF-BI-10004654,20.0,20.0,4,5,965
7484,2023-07-15,Second Class,Corporate,Furniture,Chairs,FUR-CH-10003774,360.0,450.0,7,4,3258
7485,2022-09-19,Standard Class,Home Office,Office Supplies,Art,OFF-AR-10004707,10.0,10.0,1,4,2787
7486,2022-05-02,Standard Class,Home Office,Office Supplies,Binders,OFF-BI-10004040,20.0,30.0,5,5,4610
7487,2022-04-28,Second Class,Home Office,Office Supplies,Paper,OFF-PA-10001184,20.0,30.0,5,2,1362
7488,2022-03-05,Second Class,Home Office,Technology,Accessories,TEC-AC-10004145,2120.0,2250.0,9,3,4462
7489,2022-03-27,Second Class,Home Office,Furniture,Tables,FUR-TA-10003473,1000.0,1050.0,4,5,875
7490,2023-07-25,Standard Class,Consumer,Office Supplies,Paper,OFF-PA-10003172,10.0,10.0,2,2,2143
7491,2022-06-04,Standard Class,Corporate,Furniture,Furnishings,FUR-FU-10003799,90.0,110.0,6,2,4651
7492,2023-11-16,Same Day,Consumer,Technology,Phones,TEC-PH-10002583,110.0,120.0,6,4,4831
7493,2022-09-26,Standard Class,Consumer,Office Supplies,Paper,OFF-PA-10004239,10.0,10.0,3,4,4758
7494,2023-10-21,Standard Class,Consumer,Furniture,Tables,FUR-TA-10002855,460.0,510.0,5,5,470
7495,2023-04-27,Standard Class,Consumer,Office Supplies,Appliances,OFF-AP-10001626,10.0,10.0,2,3,2202
7496,2022-07-13,Standard Class,Consumer,Office Supplies,Binders,OFF-BI-10004022,10.0,10.0,2,2,603
7497,2023-07-12,Standard Class,Consumer,Furniture,Furnishings,FUR-FU-10003601,230.0,280.0,3,5,266
7498,2022-03-29,Standard Class,Consumer,Office Supplies,Fasteners,OFF-FA-10000490,,,4,5,1415
7499,2022-12-03,Standard Class,Consumer,Office Supplies,Art,OFF-AR-10004042,60.0,70.0,4,4,1395
7500,2023-09-04,Standard Class,Consumer,Furniture,Furnishings,FUR-FU-10002960,20.0,20.0,3,4,914
7501,2022-09-16,Standard Class,Consumer,Technology,Accessories,TEC-AC-10000991,120.0,140.0,3,3,3647
7502,2023-07-22,Standard Class,Consumer,Technology,Phones,TEC-PH-10004977,410.0,470.0,3,3,3438
7503,2022-11-23,Same Day,Consumer,Office Supplies,Art,OFF-AR-10000817,10.0,10.0,2,3,2558
7504,2022-10-01,Same Day,Consumer,Technology,Phones,TEC-PH-10002447,140.0,160.0,1,4,2845
7505,2022-03-22,Second Class,Corporate,Office Supplies,Envelopes,OFF-EN-10003134,20.0,20.0,2,2,536
7506,2022-08-15,Standard Class,Consumer,Office Supplies,Binders,OFF-BI-10000309,10.0,10.0,4,4,2586
7507,2023-09-15,Standard Class,Consumer,Technology,Phones,TEC-PH-10001615,40.0,50.0,2,4,2010
7508,2023-12-28,Standard Class,Consumer,Office Supplies,Storage,OFF-ST-10003208,300.0,360.0,2,4,4850
7509,2022-11-15,Standard Class,Consumer,Office Supplies,Paper,OFF-PA-10000605,10.0,10.0,2,2,373
7510,2022-05-30,Standard Class,Consumer,Technology,Phones,TEC-PH-10000560,1720.0,1890.0,9,3,2781
7511,2023-11-07,Standard Class,Consumer,Office Supplies,Storage,OFF-ST-10003455,50.0,60.0,5,4,126
7512,2022-05-11,Standard Class,Consumer,Furniture,Furnishings,FUR-FU-10002937,350.0,400.0,5,4,2155
7513,2022-03-06,Standard Class,Consumer,Office Supplies,Storage,OFF-ST-10001837,190.0,240.0,7,2,3358
7514,2022-11-26,Standard Class,Consumer,Office Supplies,Art,OFF-AR-10004757,10.0,10.0,5,2,2426
7515,2023-08-29,Second Class,Consumer,Office Supplies,Binders,OFF-BI-10004236,30.0,30.0,2,5,18
7516,2023-04-11,Second Class,Consumer,Office Supplies,Appliances,OFF-AP-10000159,180.0,210.0,5,4,1194
7517,2022-11-21,Second Class,Consumer,Office Supplies,Binders,OFF-BI-10003274,20.0,20.0,4,4,2666
7518,2022-12-21,Second Class,Consumer,Technology,Accessories,TEC-AC-10001013,120.0,150.0,5,4,4464
7519,2022-02-22,Second Class,Consumer,Office Supplies,Storage,OFF-ST-10004963,20.0,20.0,1,2,2763
7520,2023-12-18,Second Class,Consumer,Office Supplies,Labels,OFF-LA-10004409,10.0,10.0,2,5,1957
7521,2022-02-04,Second Class,Consumer,Technology,Copiers,TEC-CO-10001046,1160.0,1400.0,2,2,4240
7522,2023-02-08,Standard Class,Consumer,Office Supplies,Binders,OFF-BI-10002824,10.0,10.0,2,3,4421
7523,2023-06-27,Standard Class,Consumer,Office Supplies,Binders,OFF-BI-10001757,10.0,10.0,6,2,3134
7524,2023-09-12,Standard Class,Consumer,Furniture,Chairs,FUR-CH-10004477,70.0,90.0,2,3,1503
7525,2022-11-10,Standard Class,Consumer,Office Supplies,Envelopes,OFF-EN-10003072,20.0,20.0,7,5,1038
7526,2022-02-10,Standard Class,Consumer,Furniture,Chairs,FUR-CH-10003973,1420.0,1490.0,5,4,280
7527,2023-02-25,Same Day,Corporate,Office Supplies,Envelopes,OFF-EN-10001028,60.0,70.0,6,2,2479
7528,2023-01-17,Same Day,Corporate,Furniture,Furnishings,FUR-FU-10003829,10.0,10.0,3,4,2159
7529,2022-04-27,Same Day,Corporate,Office Supplies,Paper,OFF-PA-10002245,30.0,40.0,6,5,1201
7530,2022-02-01,Same Day,Corporate,Office Supplies,Binders,OFF-BI-10002215,20.0,20.0,3,3,1894
7531,2022-08-08,Same Day,Corporate,Office Supplies,Binders,OFF-BI-10003925,790.0,930.0,3,3,3387
7532,2022-08-28,First Class,Consumer,Furniture,Furnishings,FUR-FU-10002298,240.0,270.0,3,5,2318
7533,2022-12-05,First Class,Consumer,Furniture,Chairs,FUR-CH-10004853,460.0,480.0,4,2,3817
7534,2023-11-25,Standard Class,Consumer,Furniture,Chairs,FUR-CH-10002880,170.0,200.0,2,2,4758
7535,2023-06-12,Standard Class,Consumer,Furniture,Bookcases,FUR-BO-10004709,210.0,230.0,5,5,1250
7536,2023-12-13,Standard Class,Corporate,Office Supplies,Supplies,OFF-SU-10004231,30.0,30.0,3,2,4486
7537,2022-06-06,Standard Class,Consumer,Furniture,Furnishings,FUR-FU-10000820,10.0,10.0,2,3,768
7538,2022-04-12,Second Class,Consumer,Office Supplies,Paper,OFF-PA-10001736,60.0,70.0,2,4,3200
7539,2023-03-21,Standard Class,Corporate,Office Supplies,Storage,OFF-ST-10003306,100.0,110.0,1,4,49
7540,2023-08-06,Standard Class,Corporate,Office Supplies,Binders,OFF-BI-10003707,30.0,40.0,8,5,3795
7541,2023-12-14,Standard Class,Corporate,Furniture,Bookcases,FUR-BO-10003546,210.0,240.0,8,2,3033
7542,2022-06-11,Standard Class,Corporate,Technology,Phones,TEC-PH-10000213,40.0,50.0,2,2,2591
7543,2022-07-05,Standard Class,Corporate,Furniture,Furnishings,FUR-FU-10001488,470.0,510.0,6,2,3532
7544,2023-07-10,Standard Class,Corporate,Technology,Phones,TEC-PH-10004833,60.0,60.0,6,2,2347
7545,2023-05-12,Standard Class,Corporate,Furniture,Chairs,FUR-CH-10002335,780.0,910.0,5,5,1405
7546,2023-12-28,Standard Class,Corporate,Technology,Phones,TEC-PH-10001128,600.0,720.0,6,2,588
7547,2022-06-03,Standard Class,Corporate,Technology,Phones,TEC-PH-10004667,650.0,760.0,7,2,4111
7548,2023-11-25,Standard Class,Corporate,Office Supplies,Binders,OFF-BI-10004817,10.0,10.0,5,3,2531
7549,2022-12-12,Standard Class,Corporate,Office Supplies,Binders,OFF-BI-10004140,10.0,10.0,1,3,1328
7550,2022-04-23,First Class,Corporate,Furniture,Furnishings,FUR-FU-10004671,20.0,20.0,3,2,1085
7551,2022-02-08,Standard Class,Corporate,Office Supplies,Envelopes,OFF-EN-10002592,20.0,30.0,3,2,3843
7552,2023-04-19,Standard Class,Corporate,Technology,Phones,TEC-PH-10004447,730.0,830.0,6,2,3502
7553,2023-09-25,Standard Class,Corporate,Office Supplies,Binders,OFF-BI-10003669,10.0,10.0,3,2,611
7554,2022-10-17,Standard Class,Corporate,Office Supplies,Paper,OFF-PA-10000223,30.0,30.0,4,5,4994
7555,2022-03-11,Second Class,Consumer,Furniture,Bookcases,FUR-BO-10004467,290.0,350.0,7,3,4190
7556,2022-03-27,Second Class,Consumer,Office Supplies,Art,OFF-AR-10000716,20.0,20.0,5,4,3846
7557,2023-06-17,Standard Class,Corporate,Office Supplies,Paper,OFF-PA-10003641,150.0,160.0,6,2,2989
7558,2023-05-02,Standard Class,Corporate,Office Supplies,Binders,OFF-BI-10004519,470.0,500.0,3,3,3452
7559,2022-08-06,Standard Class,Consumer,Office Supplies,Appliances,OFF-AP-10002518,470.0,530.0,3,4,1330
7560,2022-08-28,Standard Class,Consumer,Office Supplies,Paper,OFF-PA-10000806,150.0,170.0,3,5,1903
7561,2023-07-19,Standard Class,Consumer,Furniture,Furnishings,FUR-FU-10003142,20.0,30.0,6,5,599
7562,2022-11-30,First Class,Consumer,Furniture,Chairs,FUR-CH-10000454,160.0,170.0,1,4,2835
7563,2023-11-14,Standard Class,Consumer,Furniture,Bookcases,FUR-BO-10003894,190.0,200.0,4,4,1813
7564,2022-07-22,First Class,Home Office,Technology,Accessories,TEC-AC-10001714,60.0,60.0,2,4,1481
7565,2022-12-14,Second Class,Consumer,Furniture,Chairs,FUR-CH-10001190,410.0,440.0,4,5,1756
7566,2023-08-01,Second Class,Consumer,Furniture,Bookcases,FUR-BO-10000468,50.0,50.0,1,3,866
7567,2023-04-30,First Class,Corporate,Technology,Accessories,TEC-AC-10001998,50.0,50.0,3,5,3027
7568,2022-12-20,First Class,Corporate,Office Supplies,Paper,OFF-PA-10001534,20.0,20.0,4,2,4890
7569,2023-04-26,Standard Class,Consumer,Office Supplies,Art,OFF-AR-10003045,20.0,30.0,9,3,2742
7570,2022-07-10,Standard Class,Consumer,Office Supplies,Paper,OFF-PA-10001363,50.0,50.0,4,4,4292
7571,2022-07-25,Standard Class,Consumer,Office Supplies,Fasteners,OFF-FA-10002280,20.0,20.0,3,3,1287
7572,2022-11-03,Standard Class,Corporate,Office Supplies,Storage,OFF-ST-10003479,170.0,190.0,5,2,4256
7573,2022-10-02,Standard Class,Corporate,Furniture,Tables,FUR-TA-10004607,540.0,590.0,4,4,1128
7574,2022-03-16,Standard Class,Corporate,Office Supplies,Art,OFF-AR-10001022,10.0,10.0,1,3,2669
7575,2023-07-05,Standard Class,Corporate,Office Supplies,Storage,OFF-ST-10004186,210.0,220.0,2,5,457
7576,2023-06-12,Standard Class,Corporate,Technology,Accessories,TEC-AC-10000865,220.0,240.0,4,5,1600
7577,2023-11-20,Second Class,Corporate,Technology,Accessories,TEC-AC-10000023,30.0,40.0,2,2,2617
7578,2023-03-28,Second Class,Corporate,Technology,Phones,TEC-PH-10001750,50.0,50.0,1,2,1838
7579,2023-05-16,First Class,Home Office,Furniture,Chairs,FUR-CH-10004997,480.0,560.0,3,5,3822
7580,2022-11-27,Second Class,Consumer,Office Supplies,Appliances,OFF-AP-10000275,2100.0,2630.0,8,5,3167
7581,2022-08-20,Second Class,Consumer,Office Supplies,Art,OFF-AR-10004999,20.0,20.0,3,3,5092
7582,2022-09-03,First Class,Consumer,Office Supplies,Storage,OFF-ST-10003816,380.0,420.0,3,2,1066
7583,2023-01-16,Standard Class,Corporate,Furniture,Chairs,FUR-CH-10003968,100.0,130.0,2,3,2220
7584,2022-03-09,Standard Class,Corporate,Technology,Phones,TEC-PH-10000730,3150.0,3500.0,7,3,4917
7585,2023-06-01,Standard Class,Corporate,Office Supplies,Labels,OFF-LA-10004409,10.0,10.0,5,4,3009
7586,2022-02-26,Standard Class,Corporate,Office Supplies,Paper,OFF-PA-10000675,100.0,120.0,3,2,150
7587,2022-08-13,Standard Class,Corporate,Office Supplies,Art,OFF-AR-10001573,10.0,10.0,4,2,3307
7588,2023-06-25,Standard Class,Corporate,Office Supplies,Binders,OFF-BI-10001597,110.0,120.0,3,3,4774
7589,2023-08-22,Standard Class,Consumer,Furniture,Furnishings,FUR-FU-10001196,20.0,20.0,3,5,216
7590,2022-04-05,Standard Class,Consumer,Office Supplies,Art,OFF-AR-10004602,120.0,130.0,7,5,3619
7591,2022-09-29,Standard Class,Consumer,Furniture,Furnishings,FUR-FU-10000260,60.0,60.0,9,4,1010
7592,2022-04-30,Standard Class,Consumer,Furniture,Chairs,FUR-CH-10001146,60.0,70.0,2,4,2884
7593,2022-07-14,Standard Class,Consumer,Office Supplies,Art,OFF-AR-10000896,10.0,10.0,3,4,1018
7594,2023-04-21,Standard Class,Consumer,Furniture,Chairs,FUR-CH-10000309,730.0,890.0,3,2,2714
7595,2022-11-10,Standard Class,Consumer,Office Supplies,Binders,OFF-BI-10001989,120.0,150.0,7,3,2548
7596,2023-03-30,Standard Class,Consumer,Office Supplies,Binders,OFF-BI-10001036,40.0,40.0,4,4,4651
7597,2022-08-08,Standard Class,Corporate,Technology,Phones,TEC-PH-10002103,200.0,230.0,3,2,609
7598,2022-11-01,Standard Class,Consumer,Office Supplies,Art,OFF-AR-10001473,10.0,10.0,2,5,73
7599,2023-11-28,Standard Class,Consumer,Office Supplies,Art,OFF-AR-10000411,30.0,40.0,3,5,3464
7600,2022-01-04,Standard Class,Consumer,Office Supplies,Paper,OFF-PA-10000246,30.0,40.0,5,2,1696
7601,2022-05-28,Standard Class,Consumer,Technology,Machines,TEC-MA-10004086,30.0,30.0,5,5,3798
7602,2022-03-30,Standard Class,Consumer,Office Supplies,Paper,OFF-PA-10003039,140.0,150.0,6,2,2734
7603,2022-02-07,Standard Class,Consumer,Technology,Accessories,TEC-AC-10004633,50.0,60.0,10,2,4683
7604,2023-08-24,Standard Class,Corporate,Office Supplies,Paper,OFF-PA-10000289,10.0,10.0,2,5,797
7605,2023-02-20,Standard Class,Consumer,Furniture,Furnishings,FUR-FU-10003247,30.0,30.0,3,4,2906
7606,2023-10-30,Standard Class,Consumer,Furniture,Furnishings,FUR-FU-10002191,10.0,10.0,2,5,1157
7607,2023-12-07,Standard Class,Consumer,Office Supplies,Storage,OFF-ST-10001496,1170.0,1300.0,9,4,1121
7608,2023-05-04,First Class,Consumer,Office Supplies,Storage,OFF-ST-10000585,240.0,260.0,2,4,4757
7609,2023-12-02,Standard Class,Consumer,Office Supplies,Paper,OFF-PA-10001166,30.0,30.0,4,5,251
7610,2022-12-23,Standard Class,Consumer,Office Supplies,Art,OFF-AR-10003651,20.0,20.0,7,5,427
7611,2022-03-30,First Class,Consumer,Office Supplies,Paper,OFF-PA-10001800,20.0,20.0,3,2,3686
7612,2023-12-29,First Class,Consumer,Office Supplies,Paper,OFF-PA-10000791,10.0,10.0,2,3,607
7613,2022-08-25,First Class,Consumer,Office Supplies,Fasteners,OFF-FA-10000134,10.0,10.0,1,4,528
7614,2023-08-12,First Class,Consumer,Office Supplies,Art,OFF-AR-10001149,10.0,10.0,2,3,20
7615,2023-05-25,Second Class,Consumer,Furniture,Furnishings,FUR-FU-10000010,10.0,10.0,3,4,2296
7616,2023-05-17,Standard Class,Corporate,Office Supplies,Binders,OFF-BI-10000201,10.0,10.0,9,3,4403
7617,2022-08-06,Standard Class,Consumer,Office Supplies,Paper,OFF-PA-10001776,20.0,20.0,2,3,4181
7618,2023-10-30,Standard Class,Consumer,Office Supplies,Binders,OFF-BI-10003656,560.0,680.0,5,5,4896
7619,2023-11-05,First Class,Corporate,Furniture,Tables,FUR-TA-10001539,150.0,190.0,1,2,4797
7620,2022-08-01,First Class,Corporate,Technology,Phones,TEC-PH-10004100,60.0,70.0,5,4,1404
7621,2022-08-30,Standard Class,Consumer,Technology,Phones,TEC-PH-10001580,460.0,540.0,5,3,1825
7622,2022-02-20,Standard Class,Consumer,Furniture,Chairs,FUR-CH-10002335,690.0,730.0,4,4,1007
7623,2022-04-22,Standard Class,Consumer,Office Supplies,Art,OFF-AR-10004707,10.0,10.0,3,5,353
7624,2023-12-14,Standard Class,Home Office,Office Supplies,Appliances,OFF-AP-10000576,40.0,40.0,1,5,4923
7625,2022-05-23,Second Class,Home Office,Office Supplies,Appliances,OFF-AP-10001394,730.0,850.0,5,2,199
7626,2023-12-17,Second Class,Home Office,Furniture,Furnishings,FUR-FU-10003724,70.0,80.0,9,5,206
7627,2023-09-04,Second Class,Corporate,Office Supplies,Appliances,OFF-AP-10002867,260.0,330.0,6,5,3671
7628,2023-02-18,Second Class,Corporate,Technology,Accessories,TEC-AC-10002718,20.0,20.0,2,5,1453
7629,2023-04-19,Second Class,Corporate,Office Supplies,Labels,OFF-LA-10003121,20.0,20.0,5,2,4770
7630,2023-09-15,First Class,Home Office,Office Supplies,Envelopes,OFF-EN-10002230,300.0,340.0,5,4,80
7631,2022-02-24,First Class,Home Office,Technology,Phones,TEC-PH-10001819,230.0,250.0,7,2,4937
7632,2023-07-28,First Class,Home Office,Furniture,Chairs,FUR-CH-10002304,110.0,130.0,7,4,923
7633,2023-10-11,Second Class,Consumer,Furniture,Chairs,FUR-CH-10002602,1050.0,1210.0,8,2,4927
7634,2023-12-06,Second Class,Consumer,Office Supplies,Binders,OFF-BI-10002414,10.0,10.0,1,2,2680
7635,2022-03-23,Second Class,Consumer,Office Supplies,Art,OFF-AR-10003696,30.0,30.0,1,2,3350
7636,2023-01-24,Second Class,Consumer,Furniture,Chairs,FUR-CH-10004495,240.0,300.0,1,2,3474
7637,2022-10-12,Second Class,Consumer,Furniture,Chairs,FUR-CH-10001270,240.0,260.0,3,2,1848
7638,2023-11-28,Standard Class,Corporate,Office Supplies,Art,OFF-AR-10001615,60.0,60.0,3,3,2693
7639,2023-08-05,Standard Class,Corporate,Office Supplies,Envelopes,OFF-EN-10003286,50.0,60.0,7,3,2956
7640,2023-12-07,Standard Class,Corporate,Furniture,Bookcases,FUR-BO-10003660,380.0,440.0,2,4,1400
7641,2022-08-01,Standard Class,Corporate,Office Supplies,Paper,OFF-PA-10002764,60.0,70.0,6,5,442
7642,2023-05-10,First Class,Home Office,Technology,Machines,TEC-MA-10001695,620.0,700.0,6,2,3160
7643,2023-12-24,First Class,Home Office,Office Supplies,Binders,OFF-BI-10002824,20.0,20.0,4,5,4433
7644,2022-09-25,First Class,Home Office,Office Supplies,Binders,OFF-BI-10002571,10.0,10.0,4,4,4010
7645,2023-07-13,First Class,Home Office,Technology,Accessories,TEC-AC-10001553,60.0,70.0,5,5,3213
7646,2022-10-13,Standard Class,Corporate,Furniture,Chairs,FUR-CH-10003973,780.0,890.0,3,5,4327
7647,2022-09-14,Standard Class,Consumer,Technology,Machines,TEC-MA-10002073,1160.0,1300.0,2,5,2167
7648,2023-06-10,First Class,Corporate,Office Supplies,Binders,OFF-BI-10003529,10.0,10.0,2,2,2965
7649,2023-10-23,First Class,Corporate,Furniture,Chairs,FUR-CH-10000309,1230.0,1350.0,4,4,2062
7650,2023-10-01,Standard Class,Corporate,Furniture,Tables,FUR-TA-10004154,1460.0,1550.0,9,4,3005
7651,2022-05-23,Standard Class,Corporate,Office Supplies,Envelopes,OFF-EN-10003286,20.0,20.0,3,5,4041
7652,2022-10-23,First Class,Consumer,Technology,Accessories,TEC-AC-10001552,100.0,120.0,3,2,4689
7653,2022-02-14,First Class,Consumer,Office Supplies,Storage,OFF-ST-10002790,110.0,120.0,2,4,4961
7654,2023-01-27,Standard Class,Corporate,Office Supplies,Art,OFF-AR-10003217,20.0,20.0,4,5,310
7655,2022-11-24,Second Class,Consumer,Furniture,Furnishings,FUR-FU-10002813,70.0,80.0,4,3,669
7656,2022-04-19,Second Class,Consumer,Office Supplies,Paper,OFF-PA-10003848,30.0,30.0,4,2,3044
7657,2023-10-06,Same Day,Home Office,Office Supplies,Appliances,OFF-AP-10000240,100.0,110.0,2,4,3250
7658,2023-06-03,Same Day,Home Office,Furniture,Furnishings,FUR-FU-10004091,170.0,190.0,4,4,191
7659,2022-01-30,First Class,Home Office,Office Supplies,Binders,OFF-BI-10001071,70.0,80.0,4,4,292
7660,2022-08-13,Standard Class,Corporate,Office Supplies,Binders,OFF-BI-10003676,40.0,50.0,5,5,4362
7661,2022-12-29,Standard Class,Consumer,Furniture,Furnishings,FUR-FU-10004864,70.0,80.0,3,3,4919
7662,2022-10-20,Standard Class,Consumer,Office Supplies,Binders,OFF-BI-10003708,10.0,10.0,7,4,856
7663,2022-12-21,First Class,Consumer,Office Supplies,Art,OFF-AR-10002067,80.0,100.0,5,3,4464
7664,2022-06-15,Standard Class,Consumer,Office Supplies,Art,OFF-AR-10003158,20.0,20.0,5,5,1573
7665,2022-03-29,Standard Class,Corporate,Furniture,Furnishings,FUR-FU-10000193,120.0,130.0,4,5,1459
7666,2022-07-20,Standard Class,Home Office,Office Supplies,Binders,OFF-BI-10000977,30.0,30.0,1,2,1942
7667,2022-08-05,Standard Class,Home Office,Technology,Copiers,TEC-CO-10001449,4320.0,5400.0,9,4,2921
7668,2023-08-04,Standard Class,Home Office,Office Supplies,Storage,OFF-ST-10000136,100.0,120.0,3,3,360
7669,2022-08-17,Second Class,Home Office,Office Supplies,Paper,OFF-PA-10000743,30.0,40.0,6,4,1279
7670,2023-12-17,Second Class,Home Office,Office Supplies,Paper,OFF-PA-10001019,60.0,60.0,3,4,3269
7671,2023-08-02,Second Class,Home Office,Technology,Accessories,TEC-AC-10003095,240.0,260.0,2,4,4927
7672,2023-08-07,Second Class,Home Office,Furniture,Bookcases,FUR-BO-10002916,150.0,170.0,1,4,2766
7673,2023-03-03,Second Class,Home Office,Furniture,Furnishings,FUR-FU-10002506,30.0,40.0,3,5,1857
7674,2022-11-18,Second Class,Home Office,Office Supplies,Paper,OFF-PA-10003823,130.0,150.0,5,3,1052
7675,2023-08-05,Second Class,Home Office,Furniture,Tables,FUR-TA-10004619,380.0,450.0,4,3,2463
7676,2022-10-27,Second Class,Consumer,Office Supplies,Appliances,OFF-AP-10001271,140.0,150.0,3,5,2076
7677,2023-10-19,Same Day,Consumer,Technology,Accessories,TEC-AC-10002331,20.0,20.0,3,3,4691
7678,2023-06-02,Standard Class,Home Office,Office Supplies,Paper,OFF-PA-10003228,160.0,200.0,4,2,1874
7679,2023-03-19,Standard Class,Home Office,Office Supplies,Paper,OFF-PA-10002586,10.0,10.0,3,5,891
7680,2022-01-29,Standard Class,Home Office,Technology,Accessories,TEC-AC-10002049,1400.0,1690.0,4,4,3056
7681,2022-01-11,Standard Class,Home Office,Furniture,Bookcases,FUR-BO-10000362,310.0,340.0,2,3,2776
7682,2023-06-15,Standard Class,Home Office,Furniture,Chairs,FUR-CH-10004218,540.0,610.0,6,4,1036
7683,2023-11-30,First Class,Home Office,Office Supplies,Appliances,OFF-AP-10003779,150.0,190.0,1,2,798
7684,2023-12-31,First Class,Home Office,Office Supplies,Binders,OFF-BI-10003527,3160.0,3810.0,3,3,5005
7685,2022-05-20,Standard Class,Consumer,Office Supplies,Binders,OFF-BI-10002897,30.0,30.0,9,4,408
7686,2022-08-01,Standard Class,Consumer,Technology,Phones,TEC-PH-10002584,530.0,630.0,1,5,1825
7687,2022-02-24,Standard Class,Corporate,Furniture,Tables,FUR-TA-10001095,1440.0,1570.0,9,3,4513
7688,2023-04-19,Standard Class,Corporate,Office Supplies,Binders,OFF-BI-10004002,20.0,20.0,1,4,4835
7689,2023-09-04,Standard Class,Corporate,Technology,Accessories,TEC-AC-10004518,130.0,160.0,8,3,3276
7690,2023-10-30,First Class,Corporate,Office Supplies,Appliances,OFF-AP-10002191,140.0,180.0,3,5,3760
7691,2023-03-28,First Class,Corporate,Furniture,Tables,FUR-TA-10004575,700.0,870.0,3,5,4079
7692,2022-03-28,First Class,Corporate,Office Supplies,Paper,OFF-PA-10003177,10.0,10.0,2,4,1558
7693,2022-09-27,Standard Class,Consumer,Office Supplies,Labels,OFF-LA-10003923,80.0,90.0,6,4,2465
7694,2022-05-18,Standard Class,Consumer,Technology,Phones,TEC-PH-10001051,280.0,320.0,4,4,2213
7695,2022-04-22,Same Day,Consumer,Furniture,Chairs,FUR-CH-10004754,150.0,170.0,7,2,149
7696,2022-03-19,First Class,Home Office,Office Supplies,Paper,OFF-PA-10000357,150.0,160.0,5,4,3086
7697,2022-09-09,First Class,Home Office,Office Supplies,Binders,OFF-BI-10001787,10.0,10.0,4,4,4392
7698,2023-05-06,Standard Class,Home Office,Technology,Copiers,TEC-CO-10002313,1030.0,1200.0,2,2,2173
7699,2022-08-12,Standard Class,Home Office,Office Supplies,Storage,OFF-ST-10002790,60.0,70.0,1,5,3834
7700,2023-07-12,Standard Class,Home Office,Office Supplies,Supplies,OFF-SU-10001664,20.0,30.0,3,3,2864
7701,2022-02-05,Standard Class,Home Office,Office Supplies,Fasteners,OFF-FA-10001332,20.0,20.0,6,2,3066
7702,2023-12-30,Standard Class,Home Office,Furniture,Tables,FUR-TA-10003473,480.0,530.0,2,3,1748
7703,2022-06-08,Standard Class,Consumer,Office Supplies,Paper,OFF-PA-10000605,10.0,10.0,2,5,2750
7704,2022-07-11,Standard Class,Consumer,Technology,Phones,TEC-PH-10002170,180.0,210.0,3,4,4257
7705,2022-08-20,Standard Class,Consumer,Furniture,Tables,FUR-TA-10004147,420.0,450.0,4,3,4276
7706,2022-12-28,Standard Class,Consumer,Technology,Accessories,TEC-AC-10003911,450.0,480.0,3,2,896
7707,2023-04-10,Standard Class,Consumer,Office Supplies,Art,OFF-AR-10002578,10.0,10.0,3,3,3654
7708,2022-04-23,Standard Class,Corporate,Office Supplies,Art,OFF-AR-10001761,10.0,10.0,2,3,2653
7709,2022-06-15,Standard Class,Consumer,Technology,Accessories,TEC-AC-10001553,30.0,40.0,3,4,604
7710,2022-09-14,Standard Class,Consumer,Office Supplies,Binders,OFF-BI-10000309,10.0,10.0,3,3,2001
7711,2022-12-28,Standard Class,Consumer,Technology,Phones,TEC-PH-10003095,80.0,90.0,5,5,2500
7712,2023-11-20,Second Class,Consumer,Furniture,Furnishings,FUR-FU-10001876,80.0,80.0,3,2,3882
7713,2023-07-27,Second Class,Consumer,Office Supplies,Storage,OFF-ST-10001522,120.0,150.0,2,3,2874
7714,2023-09-23,Second Class,Consumer,Office Supplies,Paper,OFF-PA-10000300,50.0,50.0,3,5,1107
7715,2022-11-27,First Class,Consumer,Office Supplies,Appliances,OFF-AP-10001469,220.0,250.0,6,5,768
7716,2022-03-03,Standard Class,Consumer,Technology,Accessories,TEC-AC-10001553,30.0,40.0,3,2,1393
7717,2022-03-31,Standard Class,Corporate,Office Supplies,Paper,OFF-PA-10004041,30.0,30.0,5,4,3245
7718,2022-05-27,Standard Class,Corporate,Office Supplies,Binders,OFF-BI-10002764,10.0,10.0,2,3,1249
7719,2023-07-27,Standard Class,Corporate,Technology,Accessories,TEC-AC-10001114,140.0,160.0,4,4,1649
7720,2023-02-01,Standard Class,Corporate,Office Supplies,Art,OFF-AR-10001615,50.0,60.0,3,2,2637
7721,2022-11-07,Standard Class,Corporate,Office Supplies,Envelopes,OFF-EN-10000461,20.0,20.0,2,4,274
7722,2022-12-08,Standard Class,Corporate,Office Supplies,Binders,OFF-BI-10004506,10.0,10.0,2,3,4077
7723,2023-12-18,Standard Class,Home Office,Office Supplies,Appliances,OFF-AP-10000027,30.0,40.0,3,2,4674
7724,2023-08-31,Standard Class,Corporate,Furniture,Chairs,FUR-CH-10003981,170.0,180.0,1,2,2564
7725,2023-06-15,Standard Class,Consumer,Office Supplies,Appliances,OFF-AP-10003849,260.0,290.0,1,2,5047
7726,2022-04-04,Standard Class,Consumer,Office Supplies,Storage,OFF-ST-10004963,20.0,20.0,2,5,3141
7727,2023-07-01,Standard Class,Consumer,Office Supplies,Storage,OFF-ST-10002574,300.0,330.0,3,4,105
7728,2022-03-22,Second Class,Home Office,Office Supplies,Art,OFF-AR-10001761,20.0,20.0,3,2,2534
7729,2023-03-22,Standard Class,Consumer,Office Supplies,Art,OFF-AR-10000716,20.0,20.0,4,2,4754
7730,2023-11-20,Standard Class,Home Office,Technology,Accessories,TEC-AC-10002637,370.0,430.0,3,3,1864
7731,2022-03-06,Standard Class,Home Office,Furniture,Chairs,FUR-CH-10003774,280.0,290.0,4,3,3065
7732,2022-06-07,First Class,Home Office,Office Supplies,Envelopes,OFF-EN-10000927,90.0,110.0,4,4,2204
7733,2022-04-09,Standard Class,Consumer,Office Supplies,Paper,OFF-PA-10000743,10.0,10.0,2,4,4979
7734,2022-03-12,Second Class,Consumer,Office Supplies,Paper,OFF-PA-10000697,20.0,20.0,4,3,924
7735,2023-02-07,Standard Class,Consumer,Office Supplies,Art,OFF-AR-10004441,10.0,10.0,3,2,1658
7736,2022-01-01,Standard Class,Corporate,Office Supplies,Paper,OFF-PA-10001870,20.0,20.0,3,2,4206
7737,2023-11-16,Standard Class,Consumer,Office Supplies,Binders,OFF-BI-10003684,60.0,70.0,4,4,1644
7738,2022-02-22,First Class,Consumer,Office Supplies,Art,OFF-AR-10001315,10.0,10.0,9,3,2393
7739,2023-06-10,Standard Class,Consumer,Technology,Phones,TEC-PH-10003589,80.0,90.0,5,4,4969
7740,2022-05-01,Standard Class,Home Office,Office Supplies,Paper,OFF-PA-10001609,10.0,10.0,2,2,1472
7741,2022-07-16,Standard Class,Home Office,Technology,Accessories,TEC-AC-10000474,80.0,90.0,1,5,3130
7742,2023-07-14,Second Class,Consumer,Technology,Phones,TEC-PH-10003095,40.0,40.0,2,4,4969
7743,2022-11-17,Standard Class,Consumer,Office Supplies,Paper,OFF-PA-10001639,20.0,30.0,4,5,462
7744,2023-12-26,Standard Class,Corporate,Office Supplies,Binders,OFF-BI-10002003,10.0,10.0,2,3,2719
7745,2022-01-12,Standard Class,Corporate,Technology,Phones,TEC-PH-10004539,490.0,570.0,3,4,987
7746,2023-05-08,Standard Class,Corporate,Office Supplies,Art,OFF-AR-10003829,10.0,10.0,3,2,1697
7747,2022-11-15,Standard Class,Home Office,Technology,Accessories,TEC-AC-10004761,30.0,30.0,2,5,2168
7748,2022-11-03,Second Class,Home Office,Office Supplies,Fasteners,OFF-FA-10003472,10.0,10.0,6,5,4616
7749,2023-07-28,Standard Class,Consumer,Furniture,Furnishings,FUR-FU-10003464,50.0,60.0,3,2,4955
7750,2023-05-18,Standard Class,Consumer,Office Supplies,Storage,OFF-ST-10003716,400.0,450.0,2,3,3332
7751,2023-12-02,Standard Class,Consumer,Office Supplies,Binders,OFF-BI-10004002,30.0,30.0,2,5,1873
7752,2023-11-25,Standard Class,Consumer,Technology,Phones,TEC-PH-10002496,430.0,470.0,3,3,4707
7753,2023-01-21,Standard Class,Consumer,Office Supplies,Binders,OFF-BI-10004826,30.0,30.0,2,4,2554
7754,2022-10-14,First Class,Corporate,Furniture,Furnishings,FUR-FU-10001546,20.0,20.0,2,5,540
7755,2023-10-23,Second Class,Corporate,Office Supplies,Art,OFF-AR-10001919,10.0,10.0,2,3,1229
7756,2022-02-09,Standard Class,Consumer,Office Supplies,Paper,OFF-PA-10002558,230.0,270.0,7,5,4616
7757,2023-04-13,Standard Class,Consumer,Technology,Accessories,TEC-AC-10003174,360.0,430.0,5,3,1469
7758,2023-02-22,Second Class,Corporate,Technology,Phones,TEC-PH-10003988,30.0,40.0,4,2,4950
7759,2022-10-12,Second Class,Corporate,Furniture,Furnishings,FUR-FU-10004845,140.0,150.0,3,3,590
7760,2022-02-02,Standard Class,Corporate,Office Supplies,Paper,OFF-PA-10003072,20.0,20.0,3,3,1661
7761,2023-06-02,Standard Class,Consumer,Office Supplies,Paper,OFF-PA-10003641,30.0,40.0,2,3,1024
7762,2023-07-25,First Class,Consumer,Office Supplies,Paper,OFF-PA-10003729,10.0,10.0,2,5,2110
7763,2022-02-21,First Class,Home Office,Office Supplies,Art,OFF-AR-10003251,10.0,10.0,1,3,68
7764,2022-12-03,Standard Class,Consumer,Office Supplies,Envelopes,OFF-EN-10003286,60.0,70.0,9,2,200
7765,2022-05-12,Same Day,Corporate,Office Supplies,Art,OFF-AR-10004078,20.0,20.0,3,3,4936
7766,2023-07-21,Same Day,Corporate,Furniture,Chairs,FUR-CH-10002331,1600.0,1780.0,5,5,653
7767,2023-06-02,Same Day,Corporate,Office Supplies,Art,OFF-AR-10001953,180.0,220.0,5,2,919
7768,2022-01-26,First Class,Consumer,Office Supplies,Art,OFF-AR-10002053,10.0,10.0,3,5,5001
7769,2022-05-09,Standard Class,Consumer,Office Supplies,Paper,OFF-PA-10003651,30.0,30.0,5,2,212
7770,2023-03-30,Same Day,Corporate,Technology,Phones,TEC-PH-10002885,830.0,1040.0,2,4,2822
7771,2022-09-25,Same Day,Corporate,Office Supplies,Appliances,OFF-AP-10002892,40.0,50.0,2,4,1782
7772,2022-03-01,Standard Class,Consumer,Office Supplies,Binders,OFF-BI-10000545,400.0,460.0,2,5,5085
7773,2022-05-31,Standard Class,Consumer,Technology,Machines,TEC-MA-10000418,3780.0,4500.0,5,2,4385
7774,2022-08-09,Standard Class,Consumer,Technology,Accessories,TEC-AC-10000926,50.0,60.0,3,5,382
7775,2022-07-30,First Class,Consumer,Office Supplies,Envelopes,OFF-EN-10001509,10.0,10.0,3,5,3222
7776,2022-08-09,Standard Class,Home Office,Office Supplies,Appliances,OFF-AP-10001366,10.0,10.0,1,4,1101
7777,2023-11-11,Standard Class,Home Office,Office Supplies,Fasteners,OFF-FA-10003485,10.0,10.0,3,3,194
7778,2023-04-09,Standard Class,Home Office,Office Supplies,Storage,OFF-ST-10004507,40.0,50.0,3,2,1107
7779,2023-11-01,Standard Class,Home Office,Office Supplies,Binders,OFF-BI-10002353,40.0,40.0,3,3,1965
7780,2022-01-22,Standard Class,Consumer,Office Supplies,Appliances,OFF-AP-10001271,170.0,200.0,4,4,4811
7781,2023-02-02,Standard Class,Consumer,Technology,Phones,TEC-PH-10004924,30.0,30.0,4,4,2832
7782,2023-11-03,Standard Class,Consumer,Office Supplies,Binders,OFF-BI-10002706,10.0,10.0,3,3,2457
7783,2022-06-29,Second Class,Corporate,Office Supplies,Storage,OFF-ST-10003442,40.0,50.0,2,2,2516
7784,2023-12-10,Second Class,Corporate,Furniture,Tables,FUR-TA-10002533,740.0,880.0,10,5,1947
7785,2022-03-03,Second Class,Corporate,Office Supplies,Supplies,OFF-SU-10003505,160.0,190.0,2,5,1016
7786,2022-07-08,Standard Class,Consumer,Office Supplies,Labels,OFF-LA-10002762,30.0,30.0,2,2,313
7787,2023-12-18,First Class,Consumer,Office Supplies,Binders,OFF-BI-10000279,20.0,20.0,1,4,4996
7788,2023-07-18,First Class,Consumer,Office Supplies,Fasteners,OFF-FA-10000936,10.0,10.0,3,3,2946
7789,2023-10-01,First Class,Consumer,Furniture,Furnishings,FUR-FU-10004973,20.0,20.0,3,2,2937
7790,2022-12-18,First Class,Consumer,Office Supplies,Paper,OFF-PA-10000791,30.0,30.0,8,3,2734
7791,2023-11-12,Same Day,Home Office,Office Supplies,Binders,OFF-BI-10001132,10.0,10.0,3,4,847
7792,2023-07-18,Standard Class,Corporate,Office Supplies,Binders,OFF-BI-10002012,10.0,10.0,5,2,3404
7793,2023-06-19,First Class,Corporate,Technology,Accessories,TEC-AC-10001383,30.0,40.0,2,2,428
7794,2022-03-04,Second Class,Corporate,Office Supplies,Paper,OFF-PA-10002036,30.0,30.0,5,5,2687
7795,2022-12-27,Second Class,Corporate,Office Supplies,Paper,OFF-PA-10002377,80.0,100.0,2,5,4460
7796,2022-06-10,Standard Class,Consumer,Technology,Phones,TEC-PH-10000526,280.0,310.0,4,2,756
7797,2022-07-19,Standard Class,Corporate,Office Supplies,Binders,OFF-BI-10001078,30.0,30.0,5,3,3596
7798,2022-09-25,First Class,Corporate,Office Supplies,Envelopes,OFF-EN-10004483,50.0,50.0,3,5,4464
7799,2022-01-26,First Class,Corporate,Technology,Phones,TEC-PH-10002624,390.0,470.0,1,4,2488
7800,2022-02-02,First Class,Corporate,Furniture,Chairs,FUR-CH-10003396,180.0,210.0,3,3,1378
7801,2022-02-08,Standard Class,Consumer,Office Supplies,Storage,OFF-ST-10002756,280.0,320.0,3,2,4071
7802,2022-09-10,Second Class,Consumer,Furniture,Furnishings,FUR-FU-10002813,40.0,40.0,2,4,4747
7803,2023-11-14,Standard Class,Home Office,Office Supplies,Labels,OFF-LA-10003714,10.0,10.0,4,3,2449
7804,2023-02-27,Standard Class,Home Office,Office Supplies,Storage,OFF-ST-10003716,590.0,720.0,4,4,710
7805,2022-01-19,Standard Class,Home Office,Office Supplies,Storage,OFF-ST-10002289,30.0,30.0,1,3,4949
7806,2022-05-27,Standard Class,Home Office,Office Supplies,Art,OFF-AR-10001315,10.0,10.0,2,3,570
7807,2023-02-24,Standard Class,Home Office,Office Supplies,Binders,OFF-BI-10000042,15.0,15.0,2,2,4749
7808,2022-02-09,Standard Class,Consumer,Office Supplies,Binders,OFF-BI-10004236,20.0,30.0,7,5,4547
7809,2023-05-19,Standard Class,Consumer,Office Supplies,Art,OFF-AR-10001955,40.0,50.0,3,2,1404
7810,2022-08-30,Standard Class,Consumer,Technology,Phones,TEC-PH-10004080,90.0,110.0,2,5,2569
7811,2023-12-18,First Class,Consumer,Office Supplies,Paper,OFF-PA-10000791,25.0,25.0,1,2,3071
7812,2023-02-14,First Class,Consumer,Office Supplies,Art,OFF-AR-10001770,10.0,10.0,3,2,1550
7813,2023-05-04,First Class,Consumer,Furniture,Tables,FUR-TA-10002356,500.0,550.0,3,2,3218
7814,2023-05-04,First Class,Consumer,Furniture,Furnishings,FUR-FU-10003274,10.0,10.0,6,3,833
7815,2022-12-21,First Class,Home Office,Furniture,Bookcases,FUR-BO-10004834,1220.0,1500.0,2,2,2474
7816,2023-08-21,First Class,Home Office,Technology,Phones,TEC-PH-10000307,20.0,20.0,2,4,4310
7817,2022-09-21,Second Class,Home Office,Office Supplies,Art,OFF-AR-10002240,90.0,110.0,3,4,5071
7818,2023-02-22,Second Class,Home Office,Office Supplies,Paper,OFF-PA-10001801,30.0,40.0,6,4,628
7819,2023-11-01,Second Class,Home Office,Office Supplies,Binders,OFF-BI-10001120,3770.0,4540.0,3,2,1645
7820,2022-11-30,Standard Class,Consumer,Office Supplies,Fasteners,OFF-FA-10000611,10.0,10.0,8,3,2159
7821,2022-05-29,Second Class,Home Office,Office Supplies,Storage,OFF-ST-10000036,540.0,590.0,6,4,40
7822,2023-06-08,Second Class,Consumer,Office Supplies,Storage,OFF-ST-10004950,100.0,110.0,9,2,4242
7823,2023-07-06,Standard Class,Home Office,Office Supplies,Art,OFF-AR-10003770,10.0,10.0,3,3,4207
7824,2022-10-20,Standard Class,Home Office,Technology,Accessories,TEC-AC-10002800,140.0,150.0,3,2,4266
7825,2023-01-18,Standard Class,Corporate,Furniture,Chairs,FUR-CH-10002439,190.0,230.0,5,3,4511
7826,2023-10-28,Standard Class,Corporate,Furniture,Chairs,FUR-CH-10004218,80.0,90.0,1,5,693
7827,2023-10-08,Standard Class,Corporate,Technology,Phones,TEC-PH-10004042,410.0,510.0,4,2,2255
7828,2023-03-10,Standard Class,Corporate,Office Supplies,Envelopes,OFF-EN-10001137,10.0,10.0,3,3,489
7829,2023-11-29,Standard Class,Corporate,Furniture,Chairs,FUR-CH-10002017,50.0,60.0,3,2,1297
7830,2022-04-24,Standard Class,Corporate,Office Supplies,Art,OFF-AR-10000588,50.0,60.0,3,5,4684
7831,2022-02-17,Standard Class,Corporate,Technology,Phones,TEC-PH-10003174,280.0,310.0,3,5,1539
7832,2023-05-09,Standard Class,Corporate,Office Supplies,Binders,OFF-BI-10001524,40.0,50.0,3,2,4204
7833,2023-02-09,Standard Class,Consumer,Technology,Phones,TEC-PH-10001552,20.0,20.0,2,2,3475
7834,2023-01-06,Standard Class,Home Office,Office Supplies,Art,OFF-AR-10004757,10.0,10.0,5,5,918
7835,2022-11-17,Second Class,Consumer,Furniture,Tables,FUR-TA-10002530,210.0,240.0,2,3,2073
7836,2022-05-10,Second Class,Consumer,Technology,Phones,TEC-PH-10001494,420.0,480.0,2,5,2359
7837,2023-08-09,Standard Class,Corporate,Furniture,Chairs,FUR-CH-10004289,270.0,310.0,4,2,4338
7838,2022-09-29,Standard Class,Corporate,Office Supplies,Labels,OFF-LA-10002945,10.0,10.0,2,4,1358
7839,2023-03-14,Standard Class,Corporate,Technology,Accessories,TEC-AC-10002567,140.0,160.0,2,3,3728
7840,2023-02-13,Standard Class,Consumer,Office Supplies,Envelopes,OFF-EN-10001509,10.0,10.0,3,4,1584
7841,2023-07-04,Standard Class,Consumer,Furniture,Tables,FUR-TA-10003954,1050.0,1180.0,4,5,1665
7842,2022-07-08,Standard Class,Consumer,Office Supplies,Appliances,OFF-AP-10002892,50.0,50.0,2,3,1356
7843,2023-02-23,Second Class,Consumer,Office Supplies,Binders,OFF-BI-10003638,50.0,60.0,3,3,4991
7844,2022-06-11,Second Class,Consumer,Office Supplies,Paper,OFF-PA-10001569,60.0,70.0,11,5,3815
7845,2022-03-07,Standard Class,Consumer,Furniture,Tables,FUR-TA-10001676,110.0,120.0,4,4,2842
7846,2023-06-01,Standard Class,Consumer,Office Supplies,Paper,OFF-PA-10001125,120.0,150.0,5,4,1702
7847,2023-10-23,Standard Class,Consumer,Technology,Phones,TEC-PH-10002496,1590.0,1870.0,12,5,806
7848,2022-01-06,Standard Class,Consumer,Furniture,Furnishings,FUR-FU-10004053,20.0,20.0,2,5,4974
7849,2022-04-27,Standard Class,Consumer,Office Supplies,Storage,OFF-ST-10000321,20.0,20.0,3,4,188
7850,2022-02-23,Standard Class,Consumer,Office Supplies,Storage,OFF-ST-10002957,10.0,10.0,3,5,4507
7851,2022-04-04,Standard Class,Consumer,Office Supplies,Labels,OFF-LA-10000973,10.0,10.0,2,5,3666
7852,2023-06-01,Standard Class,Corporate,Office Supplies,Paper,OFF-PA-10000143,10.0,10.0,2,4,2790
7853,2022-03-27,Standard Class,Corporate,Office Supplies,Appliances,OFF-AP-10003287,20.0,20.0,2,4,1072
7854,2023-10-30,Standard Class,Home Office,Office Supplies,Paper,OFF-PA-10001526,10.0,10.0,2,2,4889
7855,2022-03-02,Standard Class,Consumer,Office Supplies,Appliances,OFF-AP-10004540,270.0,320.0,4,4,3189
7856,2023-03-12,Standard Class,Consumer,Technology,Accessories,TEC-AC-10001266,40.0,50.0,4,5,1599
7857,2023-09-25,First Class,Corporate,Office Supplies,Binders,OFF-BI-10004233,30.0,30.0,2,5,3151
7858,2022-04-27,First Class,Corporate,Technology,Phones,TEC-PH-10003505,390.0,460.0,5,2,4231
7859,2023-06-21,First Class,Corporate,Office Supplies,Appliances,OFF-AP-10001005,190.0,240.0,3,4,590
7860,2023-04-24,First Class,Corporate,Office Supplies,Paper,OFF-PA-10001712,30.0,40.0,4,4,351
7861,2023-08-30,Standard Class,Consumer,Office Supplies,Binders,OFF-BI-10002353,20.0,20.0,4,5,3507
7862,2023-06-25,Standard Class,Consumer,Technology,Accessories,TEC-AC-10003038,20.0,20.0,2,2,3850
7863,2023-12-31,Standard Class,Consumer,Office Supplies,Storage,OFF-ST-10000934,70.0,80.0,2,2,4116
7864,2023-09-27,Second Class,Consumer,Office Supplies,Storage,OFF-ST-10002743,240.0,270.0,3,5,4057
7865,2022-11-11,Second Class,Consumer,Office Supplies,Paper,OFF-PA-10001846,20.0,20.0,4,2,852
7866,2022-05-17,Second Class,Consumer,Furniture,Chairs,FUR-CH-10004287,370.0,440.0,2,5,219
7867,2022-02-02,Second Class,Consumer,Furniture,Bookcases,FUR-BO-10001608,110.0,130.0,6,3,2407
7868,2022-11-21,Second Class,Home Office,Office Supplies,Paper,OFF-PA-10000357,140.0,170.0,3,5,2349
7869,2023-01-31,Standard Class,Consumer,Office Supplies,Paper,OFF-PA-10000575,10.0,10.0,2,5,1853
7870,2023-04-05,Standard Class,Consumer,Technology,Accessories,TEC-AC-10002167,20.0,20.0,2,3,4025
7871,2023-07-22,Standard Class,Corporate,Office Supplies,Envelopes,OFF-EN-10004459,20.0,20.0,4,5,3594
7872,2023-04-10,Standard Class,Home Office,Office Supplies,Labels,OFF-LA-10002271,10.0,10.0,2,3,1366
7873,2023-11-28,Standard Class,Home Office,Furniture,Chairs,FUR-CH-10004063,780.0,920.0,4,2,1797
7874,2022-08-12,Standard Class,Home Office,Office Supplies,Paper,OFF-PA-10004610,10.0,10.0,2,5,4361
7875,2023-08-02,Standard Class,Home Office,Office Supplies,Paper,OFF-PA-10001878,80.0,100.0,2,3,4426
7876,2022-08-17,Standard Class,Corporate,Office Supplies,Paper,OFF-PA-10002036,30.0,30.0,6,3,4775
7877,2022-07-09,Standard Class,Corporate,Office Supplies,Appliances,OFF-AP-10003278,10.0,10.0,1,3,4907
7878,2022-05-12,Standard Class,Consumer,Office Supplies,Labels,OFF-LA-10001641,10.0,10.0,2,2,493
7879,2022-12-26,Second Class,Home Office,Furniture,Furnishings,FUR-FU-10003806,190.0,240.0,4,4,2174
7880,2022-06-26,Standard Class,Corporate,Furniture,Tables,FUR-TA-10003392,300.0,340.0,2,4,2543
7881,2023-01-22,Second Class,Consumer,Office Supplies,Art,OFF-AR-10003856,10.0,10.0,6,5,4950
7882,2023-10-20,Second Class,Consumer,Technology,Accessories,TEC-AC-10002006,70.0,80.0,6,2,384
7883,2023-03-22,Second Class,Consumer,Technology,Accessories,TEC-AC-10002006,90.0,100.0,8,5,1392
7884,2022-11-19,Second Class,Consumer,Office Supplies,Paper,OFF-PA-10002246,10.0,10.0,2,2,1989
7885,2022-04-03,Second Class,Consumer,Office Supplies,Supplies,OFF-SU-10004782,50.0,50.0,7,2,5082
7886,2023-08-20,Second Class,Consumer,Furniture,Furnishings,FUR-FU-10004351,20.0,20.0,3,3,1401
7887,2022-04-25,Second Class,Consumer,Furniture,Furnishings,FUR-FU-10004270,20.0,20.0,5,5,4981
7888,2023-04-14,Second Class,Consumer,Furniture,Furnishings,FUR-FU-10004053,20.0,20.0,1,3,4215
7889,2022-01-07,Standard Class,Consumer,Office Supplies,Paper,OFF-PA-10000019,30.0,30.0,5,5,4818
7890,2023-10-29,Standard Class,Consumer,Office Supplies,Art,OFF-AR-10003811,20.0,20.0,9,2,4375
7891,2022-01-23,Standard Class,Consumer,Technology,Accessories,TEC-AC-10001838,350.0,400.0,2,5,1477
7892,2022-07-17,Standard Class,Consumer,Furniture,Furnishings,FUR-FU-10003553,300.0,340.0,5,5,321
7893,2023-01-12,Standard Class,Consumer,Office Supplies,Paper,OFF-PA-10003302,90.0,110.0,3,3,1131
7894,2022-07-13,Standard Class,Home Office,Office Supplies,Binders,OFF-BI-10002412,10.0,10.0,3,5,1537
7895,2023-10-14,Standard Class,Home Office,Office Supplies,Binders,OFF-BI-10002852,70.0,80.0,5,4,1939
7896,2022-08-13,Standard Class,Home Office,Office Supplies,Binders,OFF-BI-10000145,10.0,10.0,2,3,3593
7897,2022-07-27,Standard Class,Home Office,Office Supplies,Paper,OFF-PA-10001970,380.0,450.0,8,5,1363
7898,2022-05-22,Standard Class,Consumer,Office Supplies,Appliances,OFF-AP-10001563,230.0,270.0,7,3,314
7899,2023-03-18,Standard Class,Consumer,Office Supplies,Binders,OFF-BI-10001359,1370.0,1610.0,6,5,3162
7900,2022-10-02,Standard Class,Consumer,Office Supplies,Fasteners,OFF-FA-10003495,20.0,20.0,5,2,2631
7901,2022-09-15,Standard Class,Consumer,Technology,Accessories,TEC-AC-10003709,10.0,10.0,2,4,2560
7902,2022-12-04,Standard Class,Consumer,Furniture,Furnishings,FUR-FU-10003268,30.0,30.0,1,5,4208
7903,2023-11-09,Standard Class,Consumer,Office Supplies,Envelopes,OFF-EN-10003845,10.0,10.0,5,3,2975
7904,2022-12-09,Standard Class,Consumer,Furniture,Chairs,FUR-CH-10002073,350.0,420.0,2,4,2281
7905,2023-07-02,Standard Class,Consumer,Office Supplies,Paper,OFF-PA-10001357,70.0,80.0,2,5,1696
7906,2023-08-10,Standard Class,Home Office,Office Supplies,Envelopes,OFF-EN-10001415,10.0,10.0,1,5,4961
7907,2023-03-16,Standard Class,Home Office,Office Supplies,Binders,OFF-BI-10002813,10.0,10.0,10,2,3016
7908,2022-02-28,First Class,Corporate,Office Supplies,Appliances,OFF-AP-10003849,680.0,720.0,2,2,353
7909,2022-04-12,Standard Class,Consumer,Furniture,Tables,FUR-TA-10004147,220.0,270.0,3,3,1592
7910,2023-12-11,Standard Class,Consumer,Office Supplies,Art,OFF-AR-10001662,20.0,20.0,8,4,2740
7911,2022-04-14,Standard Class,Consumer,Office Supplies,Storage,OFF-ST-10001558,50.0,50.0,3,4,2564
7912,2023-12-12,Standard Class,Consumer,Furniture,Bookcases,FUR-BO-10001337,180.0,210.0,2,5,4448
7913,2023-03-16,Second Class,Consumer,Furniture,Furnishings,FUR-FU-10001602,30.0,30.0,2,5,1275
7914,2022-11-15,First Class,Consumer,Office Supplies,Storage,OFF-ST-10003996,30.0,30.0,2,4,4018
7915,2022-09-30,Standard Class,Home Office,Technology,Machines,TEC-MA-10003673,3130.0,3400.0,5,2,3127
7916,2023-01-01,Standard Class,Home Office,Technology,Accessories,TEC-AC-10004992,90.0,100.0,3,4,3228
7917,2022-05-30,Standard Class,Home Office,Furniture,Chairs,FUR-CH-10002880,280.0,340.0,4,2,3465
7918,2022-07-22,Second Class,Home Office,Office Supplies,Art,OFF-AR-10000380,30.0,30.0,1,4,4337
7919,2022-12-01,Second Class,Home Office,Office Supplies,Binders,OFF-BI-10002706,20.0,20.0,2,4,4446
7920,2022-01-04,Standard Class,Home Office,Office Supplies,Storage,OFF-ST-10000943,30.0,40.0,2,5,4079
7921,2023-06-16,Standard Class,Home Office,Technology,Accessories,TEC-AC-10001090,50.0,60.0,2,2,5090
7922,2022-10-08,Standard Class,Consumer,Office Supplies,Binders,OFF-BI-10002026,150.0,170.0,3,4,3288
7923,2023-12-22,Standard Class,Home Office,Technology,Phones,TEC-PH-10000526,360.0,380.0,5,5,687
7924,2022-01-13,Standard Class,Home Office,Office Supplies,Binders,OFF-BI-10004002,20.0,20.0,3,5,4131
7925,2023-09-26,First Class,Consumer,Office Supplies,Binders,OFF-BI-10002309,20.0,20.0,4,2,1600
7926,2022-02-20,First Class,Consumer,Office Supplies,Labels,OFF-LA-10003923,80.0,100.0,7,4,3768
7927,2023-12-10,Second Class,Corporate,Technology,Accessories,TEC-AC-10003433,,,3,3,2418
7928,2022-11-15,Second Class,Corporate,Technology,Phones,TEC-PH-10001363,470.0,570.0,1,4,2175
7929,2023-05-26,Second Class,Corporate,Furniture,Furnishings,FUR-FU-10000820,40.0,50.0,3,4,2236
7930,2022-01-10,First Class,Home Office,Furniture,Tables,FUR-TA-10004767,290.0,300.0,6,5,4533
7931,2023-07-30,Second Class,Corporate,Office Supplies,Art,OFF-AR-10001955,50.0,60.0,3,2,1178
7932,2023-11-07,Standard Class,Corporate,Furniture,Chairs,FUR-CH-10004886,200.0,230.0,3,2,1831
7933,2022-01-16,Standard Class,Corporate,Office Supplies,Paper,OFF-PA-10003641,100.0,110.0,5,4,2721
7934,2022-08-11,Standard Class,Corporate,Office Supplies,Envelopes,OFF-EN-10003134,20.0,20.0,2,5,4573
7935,2023-03-16,Standard Class,Corporate,Technology,Phones,TEC-PH-10002564,60.0,70.0,3,2,2694
7936,2023-07-05,Standard Class,Corporate,Office Supplies,Paper,OFF-PA-10003893,10.0,10.0,2,2,3494
7937,2023-12-14,Standard Class,Corporate,Office Supplies,Binders,OFF-BI-10000174,10.0,10.0,3,3,4491
7938,2022-07-11,Standard Class,Corporate,Office Supplies,Appliances,OFF-AP-10001058,2040.0,2520.0,9,2,3166
7939,2023-12-02,Standard Class,Corporate,Office Supplies,Storage,OFF-ST-10001496,510.0,540.0,3,5,5028
7940,2022-05-02,Standard Class,Corporate,Office Supplies,Binders,OFF-BI-10004230,200.0,220.0,8,5,4129
7941,2022-10-10,First Class,Corporate,Furniture,Chairs,FUR-CH-10001146,80.0,80.0,2,5,3123
7942,2022-02-28,First Class,Corporate,Office Supplies,Storage,OFF-ST-10001590,120.0,130.0,10,4,1712
7943,2022-11-21,Standard Class,Consumer,Office Supplies,Binders,OFF-BI-10003684,40.0,40.0,9,4,3361
7944,2023-12-24,Standard Class,Consumer,Office Supplies,Supplies,OFF-SU-10000946,30.0,40.0,7,4,3313
7945,2022-07-27,Standard Class,Consumer,Office Supplies,Art,OFF-AR-10001615,30.0,30.0,2,2,109
7946,2022-02-22,Standard Class,Consumer,Office Supplies,Binders,OFF-BI-10001597,40.0,40.0,5,4,1368
7947,2022-11-29,Standard Class,Consumer,Office Supplies,Binders,OFF-BI-10001116,10.0,10.0,3,4,1306
7948,2023-03-12,Standard Class,Consumer,Office Supplies,Fasteners,OFF-FA-10004395,20.0,20.0,5,3,491
7949,2023-01-16,Standard Class,Consumer,Furniture,Chairs,FUR-CH-10001270,310.0,360.0,6,3,705
7950,2022-09-11,Standard Class,Consumer,Furniture,Furnishings,FUR-FU-10001095,60.0,60.0,6,5,4421
7951,2023-07-19,Standard Class,Consumer,Office Supplies,Storage,OFF-ST-10001469,120.0,130.0,3,3,4276
7952,2023-02-06,Standard Class,Consumer,Office Supplies,Binders,OFF-BI-10003196,10.0,10.0,2,4,412
7953,2023-07-11,Standard Class,Consumer,Technology,Phones,TEC-PH-10002200,770.0,860.0,4,2,4703
7954,2023-06-19,Standard Class,Corporate,Office Supplies,Storage,OFF-ST-10000636,60.0,70.0,4,4,1753
7955,2022-12-14,Standard Class,Corporate,Office Supplies,Binders,OFF-BI-10000145,10.0,10.0,2,3,2582
7956,2022-09-22,Standard Class,Corporate,Furniture,Chairs,FUR-CH-10001190,350.0,440.0,4,4,2826
7957,2022-09-29,Standard Class,Corporate,Office Supplies,Fasteners,OFF-FA-10002780,10.0,10.0,5,5,545
7958,2023-12-03,Standard Class,Corporate,Office Supplies,Appliances,OFF-AP-10004052,20.0,20.0,4,2,5044
7959,2023-01-09,Standard Class,Corporate,Furniture,Furnishings,FUR-FU-10004666,70.0,70.0,5,2,1051
7960,2022-04-29,Standard Class,Corporate,Furniture,Tables,FUR-TA-10004086,200.0,210.0,3,3,3469
7961,2022-01-21,Standard Class,Corporate,Technology,Phones,TEC-PH-10000702,10.0,10.0,1,2,4323
7962,2023-06-18,Second Class,Corporate,Office Supplies,Storage,OFF-ST-10002301,70.0,80.0,5,4,1155
7963,2022-09-03,Second Class,Corporate,Office Supplies,Binders,OFF-BI-10001636,20.0,20.0,8,4,2587
7964,2022-02-16,Second Class,Corporate,Office Supplies,Appliances,OFF-AP-10002684,360.0,390.0,4,2,4901
7965,2022-02-13,Second Class,Corporate,Office Supplies,Paper,OFF-PA-10004609,20.0,20.0,4,3,1360
7966,2023-07-18,Second Class,Corporate,Office Supplies,Paper,OFF-PA-10003309,30.0,40.0,8,2,866
7967,2022-03-29,Standard Class,Corporate,Office Supplies,Paper,OFF-PA-10000380,30.0,30.0,4,2,1105
7968,2022-07-21,First Class,Corporate,Furniture,Bookcases,FUR-BO-10001567,80.0,90.0,3,5,765
7969,2022-11-27,First Class,Corporate,Technology,Phones,TEC-PH-10002583,20.0,20.0,1,3,1684
7970,2022-08-15,First Class,Corporate,Furniture,Chairs,FUR-CH-10004853,100.0,120.0,1,3,1018
7971,2022-09-04,Standard Class,Corporate,Technology,Phones,TEC-PH-10003580,470.0,520.0,4,4,3608
7972,2022-01-01,Standard Class,Corporate,Technology,Accessories,TEC-AC-10004227,30.0,30.0,3,3,3298
7973,2023-08-09,Standard Class,Corporate,Office Supplies,Paper,OFF-PA-10002787,10.0,10.0,2,3,3187
7974,2023-04-10,Standard Class,Corporate,Office Supplies,Binders,OFF-BI-10003981,20.0,20.0,2,2,39
7975,2022-06-23,Standard Class,Corporate,Furniture,Furnishings,FUR-FU-10001488,220.0,250.0,3,3,5013
7976,2023-01-08,Standard Class,Corporate,Office Supplies,Binders,OFF-BI-10003727,10.0,10.0,3,3,1829
7977,2022-02-13,Standard Class,Corporate,Office Supplies,Paper,OFF-PA-10000130,10.0,10.0,3,2,1322
7978,2023-07-13,Standard Class,Consumer,Technology,Phones,TEC-PH-10002680,530.0,660.0,3,2,1756
7979,2022-08-15,Standard Class,Consumer,Technology,Phones,TEC-PH-10002538,100.0,110.0,3,2,2911
7980,2022-09-23,Standard Class,Home Office,Office Supplies,Binders,OFF-BI-10001249,10.0,10.0,1,5,2934
7981,2022-02-16,Standard Class,Consumer,Office Supplies,Paper,OFF-PA-10000174,20.0,20.0,2,5,5055
7982,2022-03-07,First Class,Consumer,Office Supplies,Appliances,OFF-AP-10004532,70.0,80.0,4,3,93
7983,2023-08-03,First Class,Consumer,Furniture,Furnishings,FUR-FU-10001986,230.0,250.0,5,4,1147
7984,2023-01-07,Second Class,Corporate,Office Supplies,Fasteners,OFF-FA-10002975,20.0,20.0,5,4,572
7985,2022-02-23,Second Class,Corporate,Office Supplies,Art,OFF-AR-10003481,10.0,10.0,3,3,3811
7986,2023-10-23,First Class,Consumer,Office Supplies,Binders,OFF-BI-10004967,10.0,10.0,5,4,82
7987,2023-08-22,Second Class,Consumer,Technology,Phones,TEC-PH-10003589,70.0,90.0,5,4,2061
7988,2022-07-03,Standard Class,Home Office,Office Supplies,Labels,OFF-LA-10002945,30.0,30.0,4,5,3056
7989,2022-12-18,Standard Class,Home Office,Office Supplies,Labels,OFF-LA-10003537,40.0,40.0,3,5,3138
7990,2023-12-15,Standard Class,Home Office,Office Supplies,Storage,OFF-ST-10002406,10.0,10.0,1,3,4145
7991,2022-06-16,Standard Class,Home Office,Technology,Accessories,TEC-AC-10003433,,,2,3,1139
7992,2022-11-26,First Class,Consumer,Office Supplies,Binders,OFF-BI-10002082,40.0,40.0,4,3,3489
7993,2023-10-01,First Class,Consumer,Technology,Accessories,TEC-AC-10000521,20.0,20.0,2,4,4706
7994,2023-03-20,Second Class,Consumer,Office Supplies,Binders,OFF-BI-10001982,10.0,10.0,3,5,4862
7995,2023-07-06,Second Class,Consumer,Furniture,Bookcases,FUR-BO-10002268,140.0,150.0,6,2,1834
7996,2022-08-28,Second Class,Consumer,Office Supplies,Binders,OFF-BI-10001758,10.0,10.0,6,2,3607
7997,2022-10-13,First Class,Home Office,Technology,Accessories,TEC-AC-10004469,170.0,200.0,5,5,4159
7998,2022-08-29,First Class,Home Office,Furniture,Tables,FUR-TA-10001095,1350.0,1670.0,12,5,612
7999,2023-07-04,First Class,Corporate,Furniture,Furnishings,FUR-FU-10001852,10.0,10.0,7,4,4742
8000,2023-11-02,First Class,Corporate,Office Supplies,Appliances,OFF-AP-10000696,50.0,60.0,4,4,2754
8001,2023-08-30,Standard Class,Consumer,Technology,Phones,TEC-PH-10003885,210.0,260.0,4,3,3545
8002,2023-07-09,First Class,Consumer,Technology,Accessories,TEC-AC-10002926,270.0,300.0,6,5,3106
8003,2022-07-07,First Class,Consumer,Office Supplies,Supplies,OFF-SU-10001225,20.0,30.0,7,4,2573
8004,2023-09-11,First Class,Consumer,Technology,Phones,TEC-PH-10004434,240.0,270.0,2,3,3232
8005,2022-12-23,First Class,Consumer,Furniture,Furnishings,FUR-FU-10003878,50.0,50.0,3,3,3428
8006,2022-08-17,First Class,Consumer,Furniture,Furnishings,FUR-FU-10002268,10.0,10.0,2,2,776
8007,2022-02-02,Standard Class,Consumer,Office Supplies,Fasteners,OFF-FA-10001883,80.0,90.0,12,5,254
8008,2022-05-14,Standard Class,Consumer,Office Supplies,Storage,OFF-ST-10002756,490.0,540.0,4,4,3691
8009,2022-04-17,Standard Class,Consumer,Office Supplies,Paper,OFF-PA-10000474,90.0,110.0,3,2,1732
8010,2022-01-28,Standard Class,Consumer,Furniture,Chairs,FUR-CH-10002073,1250.0,1320.0,5,2,4429
8011,2023-07-23,Second Class,Corporate,Office Supplies,Paper,OFF-PA-10003641,120.0,130.0,6,4,4980
8012,2022-09-17,First Class,Consumer,Technology,Phones,TEC-PH-10002070,120.0,130.0,7,5,4202
8013,2022-06-08,Same Day,Consumer,Office Supplies,Binders,OFF-BI-10004519,580.0,660.0,5,5,3317
8014,2022-11-27,Same Day,Consumer,Technology,Accessories,TEC-AC-10002167,100.0,120.0,8,4,948
8015,2023-10-19,Same Day,Consumer,Office Supplies,Fasteners,OFF-FA-10000936,10.0,10.0,1,4,4794
8016,2023-07-16,Same Day,Consumer,Furniture,Furnishings,FUR-FU-10000732,20.0,20.0,3,4,1768
8017,2023-07-27,First Class,Home Office,Furniture,Furnishings,FUR-FU-10002501,50.0,60.0,6,3,2513
8018,2022-11-21,First Class,Home Office,Office Supplies,Art,OFF-AR-10000634,30.0,30.0,9,3,2689
8019,2023-04-17,Second Class,Corporate,Technology,Phones,TEC-PH-10001700,50.0,50.0,1,5,2788
8020,2023-04-09,First Class,Consumer,Office Supplies,Appliances,OFF-AP-10001962,70.0,80.0,10,3,191
8021,2022-06-25,First Class,Consumer,Office Supplies,Paper,OFF-PA-10001838,10.0,10.0,2,4,149
8022,2022-03-23,Standard Class,Corporate,Office Supplies,Appliances,OFF-AP-10000124,20.0,30.0,3,2,2665
8023,2022-09-01,Standard Class,Corporate,Office Supplies,Envelopes,OFF-EN-10003567,80.0,90.0,5,2,1929
8024,2023-06-02,Standard Class,Corporate,Furniture,Chairs,FUR-CH-10004997,590.0,660.0,5,2,3198
8025,2023-09-04,Standard Class,Corporate,Office Supplies,Binders,OFF-BI-10000494,,,1,4,2582
8026,2023-09-12,Second Class,Corporate,Furniture,Furnishings,FUR-FU-10000277,170.0,210.0,2,2,2826
8027,2022-10-25,Second Class,Corporate,Office Supplies,Storage,OFF-ST-10003641,70.0,80.0,1,5,2115
8028,2023-08-20,Second Class,Corporate,Technology,Accessories,TEC-AC-10001998,20.0,20.0,1,5,2862
8029,2022-06-23,Second Class,Corporate,Office Supplies,Storage,OFF-ST-10001932,720.0,770.0,4,5,3115
8030,2023-09-07,Standard Class,Consumer,Technology,Accessories,TEC-AC-10002323,90.0,110.0,6,5,3482
8031,2022-02-24,Standard Class,Consumer,Furniture,Furnishings,FUR-FU-10004270,20.0,20.0,3,2,3282
8032,2023-04-19,Standard Class,Consumer,Office Supplies,Paper,OFF-PA-10004621,30.0,30.0,5,5,4998
8033,2023-10-12,First Class,Consumer,Office Supplies,Paper,OFF-PA-10001019,40.0,50.0,3,3,145
8034,2023-04-30,First Class,Consumer,Office Supplies,Binders,OFF-BI-10000201,10.0,10.0,2,4,2621
8035,2023-05-23,First Class,Consumer,Furniture,Furnishings,FUR-FU-10004587,70.0,80.0,9,5,4277
8036,2022-11-07,First Class,Consumer,Office Supplies,Labels,OFF-LA-10001613,10.0,10.0,2,4,4347
8037,2022-05-07,First Class,Consumer,Office Supplies,Binders,OFF-BI-10001308,30.0,40.0,6,4,3886
8038,2022-11-19,Standard Class,Corporate,Office Supplies,Appliances,OFF-AP-10003278,40.0,40.0,3,5,4765
8039,2022-06-27,Second Class,Consumer,Furniture,Bookcases,FUR-BO-10003966,390.0,440.0,3,5,2784
8040,2023-04-01,Second Class,Corporate,Furniture,Chairs,FUR-CH-10004698,370.0,390.0,6,2,264
8041,2023-05-19,Second Class,Corporate,Office Supplies,Storage,OFF-ST-10000025,480.0,570.0,6,4,2291
8042,2023-09-14,Second Class,Corporate,Technology,Accessories,TEC-AC-10000682,20.0,30.0,2,3,518
8043,2023-06-19,Standard Class,Home Office,Technology,Accessories,TEC-AC-10001772,50.0,60.0,4,4,3852
8044,2022-02-24,Standard Class,Home Office,Furniture,Furnishings,FUR-FU-10001379,20.0,30.0,1,2,2538
8045,2022-11-10,Second Class,Consumer,Office Supplies,Binders,OFF-BI-10002794,280.0,300.0,9,4,3807
8046,2022-10-31,Standard Class,Consumer,Office Supplies,Appliances,OFF-AP-10001005,340.0,390.0,5,5,4982
8047,2022-11-11,Second Class,Consumer,Office Supplies,Binders,OFF-BI-10000201,10.0,10.0,3,2,700
8048,2023-03-22,Second Class,Consumer,Office Supplies,Paper,OFF-PA-10003673,20.0,20.0,3,5,5003
8049,2022-04-05,Standard Class,Corporate,Office Supplies,Appliances,OFF-AP-10000938,620.0,710.0,7,5,454
8050,2023-09-14,Standard Class,Corporate,Office Supplies,Binders,OFF-BI-10003274,10.0,10.0,5,3,200
8051,2023-04-16,Standard Class,Corporate,Furniture,Furnishings,FUR-FU-10001095,20.0,20.0,1,4,5077
8052,2022-11-28,Standard Class,Corporate,Office Supplies,Appliances,OFF-AP-10001492,30.0,40.0,6,2,3110
8053,2022-08-21,Second Class,Corporate,Office Supplies,Art,OFF-AR-10004999,20.0,20.0,3,3,3085
8054,2023-09-04,Standard Class,Corporate,Office Supplies,Binders,OFF-BI-10004094,10.0,10.0,1,5,2918
8055,2022-02-18,Standard Class,Consumer,Office Supplies,Storage,OFF-ST-10001490,720.0,890.0,5,3,1300
8056,2023-04-12,Standard Class,Consumer,Furniture,Bookcases,FUR-BO-10004695,290.0,310.0,2,2,2177
8057,2022-10-12,Standard Class,Consumer,Office Supplies,Storage,OFF-ST-10000736,600.0,730.0,9,5,135
8058,2023-07-04,Standard Class,Consumer,Office Supplies,Binders,OFF-BI-10001617,30.0,40.0,5,4,2216
8059,2023-05-30,Standard Class,Consumer,Technology,Phones,TEC-PH-10003589,30.0,40.0,3,2,3083
8060,2023-06-16,Standard Class,Consumer,Furniture,Furnishings,FUR-FU-10003981,10.0,10.0,2,4,4098
8061,2022-01-01,Standard Class,Corporate,Office Supplies,Paper,OFF-PA-10001970,60.0,60.0,5,2,3008
8062,2022-11-24,Standard Class,Corporate,Office Supplies,Binders,OFF-BI-10002437,20.0,20.0,2,4,3819
8063,2023-02-01,First Class,Consumer,Technology,Phones,TEC-PH-10000586,230.0,260.0,4,5,3508
8064,2022-03-06,First Class,Consumer,Technology,Phones,TEC-PH-10003811,330.0,360.0,3,5,698
8065,2022-11-02,First Class,Consumer,Office Supplies,Paper,OFF-PA-10004983,10.0,10.0,2,2,1434
8066,2023-10-27,First Class,Consumer,Office Supplies,Storage,OFF-ST-10003479,110.0,120.0,3,3,1234
8067,2022-01-09,First Class,Consumer,Office Supplies,Binders,OFF-BI-10004318,260.0,280.0,2,2,1
8068,2022-10-24,Standard Class,Corporate,Technology,Accessories,TEC-AC-10002567,200.0,240.0,3,5,2200
8069,2023-02-20,Standard Class,Corporate,Furniture,Furnishings,FUR-FU-10001731,20.0,20.0,6,4,3854
8070,2022-01-31,Standard Class,Consumer,Office Supplies,Storage,OFF-ST-10002743,420.0,450.0,5,3,4786
8071,2023-09-23,Standard Class,Consumer,Furniture,Furnishings,FUR-FU-10002116,130.0,140.0,5,5,3243
8072,2022-03-21,Standard Class,Consumer,Furniture,Chairs,FUR-CH-10003199,280.0,310.0,4,4,2961
8073,2023-06-09,Standard Class,Consumer,Office Supplies,Art,OFF-AR-10003158,10.0,10.0,4,5,3712
8074,2023-12-12,Standard Class,Consumer,Office Supplies,Binders,OFF-BI-10000301,10.0,10.0,5,2,154
8075,2022-08-17,Standard Class,Consumer,Office Supplies,Binders,OFF-BI-10000343,10.0,10.0,14,2,1945
8076,2022-06-03,Standard Class,Consumer,Office Supplies,Appliances,OFF-AP-10004708,20.0,20.0,2,5,1101
8077,2023-02-17,Standard Class,Corporate,Furniture,Furnishings,FUR-FU-10000794,30.0,30.0,3,4,1351
8078,2022-11-19,Standard Class,Corporate,Office Supplies,Binders,OFF-BI-10004519,140.0,170.0,1,3,207
8079,2022-12-12,Standard Class,Corporate,Technology,Accessories,TEC-AC-10001590,70.0,80.0,3,2,2002
8080,2022-09-16,Standard Class,Home Office,Office Supplies,Binders,OFF-BI-10001524,120.0,130.0,8,5,2470
8081,2023-08-22,Standard Class,Corporate,Office Supplies,Labels,OFF-LA-10001474,130.0,150.0,6,3,2450
8082,2022-11-26,Standard Class,Corporate,Office Supplies,Paper,OFF-PA-10001497,110.0,130.0,3,2,4384
8083,2023-01-29,Standard Class,Corporate,Office Supplies,Appliances,OFF-AP-10003287,170.0,200.0,5,4,637
8084,2023-05-31,Standard Class,Corporate,Office Supplies,Binders,OFF-BI-10002982,10.0,10.0,7,5,2620
8085,2023-09-19,Standard Class,Corporate,Office Supplies,Storage,OFF-ST-10001809,660.0,720.0,10,2,510
8086,2023-01-07,Standard Class,Home Office,Furniture,Furnishings,FUR-FU-10000246,50.0,60.0,5,5,3816
8087,2022-04-10,Standard Class,Consumer,Office Supplies,Appliances,OFF-AP-10000252,20.0,30.0,3,3,1107
8088,2023-07-30,Second Class,Corporate,Office Supplies,Art,OFF-AR-10002375,10.0,10.0,4,3,1722
8089,2023-02-26,Standard Class,Consumer,Office Supplies,Binders,OFF-BI-10003719,40.0,40.0,2,4,598
8090,2022-07-09,First Class,Corporate,Office Supplies,Appliances,OFF-AP-10001492,60.0,80.0,9,2,1149
8091,2022-06-12,Standard Class,Home Office,Office Supplies,Storage,OFF-ST-10000532,230.0,270.0,7,2,639
8092,2023-06-22,Standard Class,Consumer,Office Supplies,Labels,OFF-LA-10001613,10.0,10.0,2,3,2924
8093,2023-03-02,Second Class,Home Office,Office Supplies,Art,OFF-AR-10002818,100.0,110.0,5,2,4870
8094,2023-07-01,Second Class,Consumer,Furniture,Furnishings,FUR-FU-10001940,20.0,20.0,3,2,4426
8095,2022-03-13,Second Class,Consumer,Office Supplies,Paper,OFF-PA-10003883,20.0,30.0,4,5,4010
8096,2022-03-12,Second Class,Consumer,Office Supplies,Paper,OFF-PA-10002787,10.0,10.0,2,5,298
8097,2022-06-19,Second Class,Consumer,Technology,Accessories,TEC-AC-10000991,180.0,230.0,5,3,4493
8098,2023-10-17,Standard Class,Consumer,Office Supplies,Storage,OFF-ST-10003058,110.0,120.0,5,3,2781
8099,2022-11-28,Standard Class,Consumer,Office Supplies,Paper,OFF-PA-10004239,10.0,10.0,1,2,2023
8100,2022-11-22,First Class,Home Office,Technology,Accessories,TEC-AC-10003038,30.0,30.0,3,2,868
8101,2023-01-21,First Class,Home Office,Technology,Machines,TEC-MA-10000984,3190.0,3360.0,3,2,3881
8102,2023-08-11,Standard Class,Consumer,Office Supplies,Labels,OFF-LA-10004484,10.0,10.0,2,5,1797
8103,2023-12-20,Standard Class,Consumer,Technology,Machines,TEC-MA-10004002,2790.0,2970.0,7,5,1866
8104,2023-06-22,Standard Class,Consumer,Office Supplies,Storage,OFF-ST-10002406,100.0,100.0,7,2,985
8105,2023-11-16,Standard Class,Consumer,Technology,Phones,TEC-PH-10003645,690.0,780.0,6,4,4714
8106,2022-06-27,First Class,Home Office,Furniture,Bookcases,FUR-BO-10001601,80.0,90.0,1,4,1587
8107,2023-04-11,First Class,Home Office,Office Supplies,Art,OFF-AR-10000937,170.0,180.0,6,2,2045
8108,2023-10-26,First Class,Home Office,Technology,Phones,TEC-PH-10000038,360.0,440.0,4,5,3544
8109,2023-05-10,Standard Class,Consumer,Furniture,Chairs,FUR-CH-10003396,200.0,220.0,4,4,238
8110,2023-08-30,Standard Class,Consumer,Office Supplies,Envelopes,OFF-EN-10002592,50.0,60.0,6,2,1089
8111,2022-09-01,Standard Class,Consumer,Furniture,Chairs,FUR-CH-10000422,110.0,130.0,2,5,2471
8112,2022-07-19,Second Class,Consumer,Furniture,Chairs,FUR-CH-10002647,210.0,250.0,5,3,209
8113,2023-12-05,Second Class,Consumer,Office Supplies,Appliances,OFF-AP-10004859,10.0,10.0,4,3,402
8114,2023-07-25,Second Class,Consumer,Furniture,Chairs,FUR-CH-10004477,70.0,90.0,2,2,2517
8115,2022-01-23,Second Class,Corporate,Office Supplies,Art,OFF-AR-10004817,20.0,20.0,5,5,2801
8116,2022-03-29,Standard Class,Corporate,Furniture,Furnishings,FUR-FU-10003374,140.0,150.0,3,5,1877
8117,2022-09-18,Same Day,Corporate,Office Supplies,Storage,OFF-ST-10003123,30.0,30.0,1,3,1625
8118,2023-11-23,Standard Class,Consumer,Office Supplies,Paper,OFF-PA-10000675,170.0,200.0,5,5,624
8119,2023-02-02,Standard Class,Consumer,Furniture,Chairs,FUR-CH-10004997,440.0,530.0,4,5,3268
8120,2022-03-08,Standard Class,Consumer,Furniture,Furnishings,FUR-FU-10001934,30.0,40.0,2,5,1943
8121,2022-09-25,Standard Class,Consumer,Furniture,Chairs,FUR-CH-10004997,430.0,450.0,3,3,720
8122,2023-04-18,Standard Class,Consumer,Office Supplies,Binders,OFF-BI-10001890,30.0,30.0,11,4,1879
8123,2022-10-03,Standard Class,Consumer,Office Supplies,Envelopes,OFF-EN-10002500,30.0,30.0,3,5,3511
8124,2022-12-01,Standard Class,Consumer,Technology,Copiers,TEC-CO-10001766,980.0,1080.0,4,5,2732
8125,2023-09-19,Standard Class,Consumer,Furniture,Chairs,FUR-CH-10004860,130.0,160.0,2,2,3039
8126,2022-06-23,Standard Class,Consumer,Office Supplies,Binders,OFF-BI-10002049,10.0,10.0,3,3,3891
8127,2022-02-17,Standard Class,Consumer,Technology,Accessories,TEC-AC-10003499,20.0,20.0,2,5,1797
8128,2023-01-09,Standard Class,Consumer,Office Supplies,Storage,OFF-ST-10003470,550.0,670.0,3,5,619
8129,2022-08-14,Standard Class,Consumer,Furniture,Furnishings,FUR-FU-10000222,50.0,60.0,5,4,4848
8130,2022-10-10,First Class,Corporate,Technology,Accessories,TEC-AC-10000023,40.0,40.0,2,2,4793
8131,2022-04-27,First Class,Corporate,Office Supplies,Paper,OFF-PA-10003971,10.0,10.0,2,3,2683
8132,2023-05-13,First Class,Corporate,Office Supplies,Art,OFF-AR-10003481,10.0,10.0,4,3,4233
8133,2023-08-22,First Class,Corporate,Office Supplies,Storage,OFF-ST-10001490,450.0,540.0,3,4,1374
8134,2022-11-29,Standard Class,Corporate,Furniture,Furnishings,FUR-FU-10003708,60.0,70.0,3,4,1216
8135,2022-11-15,Standard Class,Consumer,Office Supplies,Paper,OFF-PA-10001970,30.0,40.0,3,3,1099
8136,2022-04-22,Standard Class,Consumer,Office Supplies,Labels,OFF-LA-10002762,70.0,90.0,7,3,1122
8137,2023-01-09,Standard Class,Corporate,Furniture,Tables,FUR-TA-10002533,480.0,560.0,7,4,92
8138,2023-05-24,Standard Class,Home Office,Furniture,Furnishings,FUR-FU-10004091,60.0,60.0,9,3,2647
8139,2023-10-07,Standard Class,Home Office,Office Supplies,Art,OFF-AR-10001545,10.0,10.0,8,5,2595
8140,2022-10-26,Standard Class,Home Office,Office Supplies,Storage,OFF-ST-10001476,230.0,280.0,10,2,4751
8141,2023-12-10,Standard Class,Home Office,Office Supplies,Paper,OFF-PA-10004971,20.0,20.0,4,5,4463
8142,2023-05-07,Standard Class,Consumer,Office Supplies,Labels,OFF-LA-10003223,10.0,10.0,3,5,2149
8143,2022-08-06,Standard Class,Consumer,Office Supplies,Storage,OFF-ST-10004340,160.0,190.0,3,5,992
8144,2023-03-18,Standard Class,Consumer,Furniture,Tables,FUR-TA-10001095,480.0,560.0,4,5,878
8145,2023-12-28,Standard Class,Consumer,Technology,Phones,TEC-PH-10001448,150.0,160.0,4,2,4379
8146,2023-03-20,Standard Class,Consumer,Office Supplies,Appliances,OFF-AP-10001005,390.0,470.0,6,4,3146
8147,2023-12-29,Standard Class,Consumer,Office Supplies,Art,OFF-AR-10003469,10.0,10.0,2,2,1013
8148,2023-06-08,Standard Class,Consumer,Office Supplies,Paper,OFF-PA-10000249,40.0,50.0,4,2,1322
8149,2022-09-10,Standard Class,Home Office,Office Supplies,Labels,OFF-LA-10001613,20.0,20.0,7,4,2328
8150,2022-10-28,First Class,Corporate,Office Supplies,Binders,OFF-BI-10001758,10.0,10.0,2,5,1168
8151,2023-11-22,First Class,Corporate,Furniture,Bookcases,FUR-BO-10004409,130.0,140.0,2,2,1294
8152,2022-04-09,First Class,Consumer,Office Supplies,Storage,OFF-ST-10001558,30.0,30.0,2,3,3514
8153,2023-07-24,First Class,Consumer,Office Supplies,Paper,OFF-PA-10002986,20.0,20.0,3,2,2242
8154,2022-10-25,First Class,Consumer,Technology,Copiers,TEC-CO-10004722,13020.0,14000.0,4,4,1421
8155,2022-06-23,Standard Class,Consumer,Technology,Accessories,TEC-AC-10002842,220.0,240.0,2,2,3044
8156,2022-07-13,Standard Class,Consumer,Office Supplies,Paper,OFF-PA-10001125,60.0,60.0,2,3,1385
8157,2023-12-16,Standard Class,Consumer,Furniture,Tables,FUR-TA-10002622,220.0,240.0,2,4,2456
8158,2023-08-23,Standard Class,Consumer,Technology,Accessories,TEC-AC-10002842,500.0,600.0,5,3,3659
8159,2022-10-21,Standard Class,Corporate,Office Supplies,Paper,OFF-PA-10004285,20.0,20.0,3,3,3638
8160,2022-04-20,Standard Class,Home Office,Technology,Accessories,TEC-AC-10004469,160.0,200.0,5,2,10
8161,2023-03-24,Standard Class,Consumer,Furniture,Chairs,FUR-CH-10001545,220.0,230.0,2,4,2548
8162,2023-11-08,Second Class,Consumer,Office Supplies,Appliances,OFF-AP-10002578,240.0,290.0,6,3,2066
8163,2022-04-12,Second Class,Consumer,Technology,Phones,TEC-PH-10003012,290.0,310.0,2,5,1106
8164,2023-08-04,Standard Class,Consumer,Furniture,Furnishings,FUR-FU-10004909,90.0,100.0,6,4,725
8165,2022-01-31,Standard Class,Consumer,Office Supplies,Binders,OFF-BI-10001524,100.0,120.0,7,5,4351
8166,2023-06-28,Standard Class,Consumer,Office Supplies,Binders,OFF-BI-10003355,10.0,10.0,3,2,2307
8167,2023-02-04,Standard Class,Consumer,Furniture,Bookcases,FUR-BO-10004357,460.0,510.0,3,2,1864
8168,2023-05-16,Standard Class,Corporate,Furniture,Tables,FUR-TA-10002774,800.0,860.0,7,4,1060
8169,2023-02-05,Standard Class,Home Office,Furniture,Tables,FUR-TA-10004575,1670.0,2040.0,7,2,436
8170,2022-05-07,Standard Class,Home Office,Furniture,Chairs,FUR-CH-10003312,400.0,450.0,2,2,505
8171,2022-03-28,Standard Class,Home Office,Technology,Accessories,TEC-AC-10001465,90.0,110.0,3,2,3241
8172,2023-07-10,Standard Class,Consumer,Office Supplies,Art,OFF-AR-10002240,240.0,260.0,7,4,520
8173,2023-11-13,Standard Class,Home Office,Office Supplies,Labels,OFF-LA-10004559,10.0,10.0,1,4,547
8174,2023-01-21,Standard Class,Home Office,Office Supplies,Binders,OFF-BI-10003291,30.0,40.0,6,5,1413
8175,2022-06-02,Standard Class,Home Office,Office Supplies,Storage,OFF-ST-10001505,20.0,20.0,4,2,999
8176,2022-03-26,Standard Class,Corporate,Office Supplies,Paper,OFF-PA-10003892,130.0,160.0,4,5,188
8177,2022-12-21,First Class,Home Office,Office Supplies,Storage,OFF-ST-10002370,110.0,130.0,6,4,952
8178,2022-07-20,First Class,Consumer,Technology,Accessories,TEC-AC-10000474,400.0,470.0,5,4,4521
8179,2022-10-31,Standard Class,Consumer,Technology,Copiers,TEC-CO-10002095,870.0,1000.0,2,3,5027
8180,2023-02-06,Standard Class,Consumer,Furniture,Tables,FUR-TA-10003469,260.0,280.0,4,5,60
8181,2022-01-14,Standard Class,Consumer,Furniture,Tables,FUR-TA-10002958,1150.0,1250.0,8,4,1020
8182,2022-08-06,Standard Class,Consumer,Technology,Phones,TEC-PH-10002923,100.0,110.0,5,2,1992
8183,2023-07-24,Standard Class,Corporate,Furniture,Furnishings,FUR-FU-10004973,20.0,20.0,3,4,2879
8184,2022-06-29,Standard Class,Corporate,Furniture,Furnishings,FUR-FU-10001918,20.0,20.0,1,4,2024
8185,2023-08-17,Standard Class,Corporate,Office Supplies,Paper,OFF-PA-10003641,50.0,60.0,3,4,4887
8186,2022-11-04,Second Class,Consumer,Office Supplies,Envelopes,OFF-EN-10002621,10.0,10.0,1,4,4465
8187,2023-02-10,Second Class,Consumer,Furniture,Chairs,FUR-CH-10003817,150.0,170.0,4,4,2744
8188,2022-12-02,Standard Class,Corporate,Office Supplies,Paper,OFF-PA-10000659,50.0,60.0,9,5,1772
8189,2022-01-10,Second Class,Consumer,Office Supplies,Paper,OFF-PA-10001870,20.0,20.0,3,2,2959
8190,2022-04-27,Second Class,Consumer,Office Supplies,Binders,OFF-BI-10000320,10.0,10.0,1,4,2537
8191,2023-02-09,Standard Class,Consumer,Office Supplies,Paper,OFF-PA-10004735,40.0,40.0,6,3,30
8192,2022-06-02,Standard Class,Consumer,Furniture,Furnishings,FUR-FU-10004091,170.0,190.0,4,5,2219
8193,2022-07-22,First Class,Consumer,Office Supplies,Binders,OFF-BI-10000546,10.0,10.0,7,3,1716
8194,2023-01-29,First Class,Consumer,Office Supplies,Appliances,OFF-AP-10001293,80.0,100.0,3,5,3633
8195,2022-12-02,First Class,Consumer,Furniture,Furnishings,FUR-FU-10000576,280.0,340.0,2,4,4030
8196,2022-09-03,Second Class,Corporate,Office Supplies,Paper,OFF-PA-10004519,10.0,10.0,2,3,1812
8197,2023-12-10,Standard Class,Consumer,Technology,Accessories,TEC-AC-10004568,80.0,90.0,4,5,2179
8198,2023-08-12,Standard Class,Consumer,Office Supplies,Art,OFF-AR-10001897,60.0,70.0,5,4,3784
8199,2022-09-02,Standard Class,Consumer,Office Supplies,Paper,OFF-PA-10001800,20.0,20.0,3,2,2117
8200,2023-03-11,Standard Class,Consumer,Office Supplies,Binders,OFF-BI-10001628,10.0,10.0,5,5,3749
8201,2023-06-21,Standard Class,Consumer,Office Supplies,Storage,OFF-ST-10004123,70.0,70.0,1,4,4682
8202,2022-10-07,Same Day,Corporate,Office Supplies,Storage,OFF-ST-10000885,60.0,70.0,5,2,583
8203,2023-03-09,Same Day,Corporate,Technology,Phones,TEC-PH-10004165,500.0,550.0,2,5,2001
8204,2023-02-03,Same Day,Corporate,Furniture,Furnishings,FUR-FU-10002240,10.0,10.0,3,4,2430
8205,2023-07-21,Same Day,Corporate,Technology,Machines,TEC-MA-10000045,4270.0,4640.0,4,3,2359
8206,2022-06-14,Same Day,Corporate,Furniture,Chairs,FUR-CH-10003746,490.0,580.0,2,5,1991
8207,2023-10-31,Standard Class,Consumer,Furniture,Tables,FUR-TA-10000577,150.0,190.0,1,2,1510
8208,2023-08-08,Standard Class,Consumer,Office Supplies,Art,OFF-AR-10004757,10.0,10.0,1,5,2801
8209,2023-08-05,Standard Class,Consumer,Office Supplies,Binders,OFF-BI-10000545,1110.0,1370.0,6,2,208
8210,2022-04-17,Standard Class,Consumer,Office Supplies,Storage,OFF-ST-10001522,260.0,290.0,4,3,4101
8211,2023-07-25,Standard Class,Corporate,Office Supplies,Appliances,OFF-AP-10001271,60.0,80.0,2,3,4533
8212,2022-09-29,Standard Class,Consumer,Furniture,Furnishings,FUR-FU-10002030,40.0,40.0,5,5,817
8213,2022-12-21,Standard Class,Consumer,Office Supplies,Storage,OFF-ST-10001272,290.0,310.0,3,5,1772
8214,2023-03-29,Standard Class,Corporate,Office Supplies,Binders,OFF-BI-10001116,10.0,10.0,4,2,3608
8215,2023-05-13,Standard Class,Corporate,Office Supplies,Paper,OFF-PA-10004665,10.0,10.0,1,3,2901
8216,2023-09-23,Standard Class,Corporate,Office Supplies,Binders,OFF-BI-10004506,20.0,20.0,1,2,330
8217,2023-09-05,Standard Class,Corporate,Office Supplies,Binders,OFF-BI-10001982,10.0,10.0,2,2,4853
8218,2023-09-03,Standard Class,Consumer,Office Supplies,Fasteners,OFF-FA-10002676,10.0,10.0,3,2,1093
8219,2022-01-26,Standard Class,Consumer,Furniture,Furnishings,FUR-FU-10000758,30.0,30.0,3,2,985
8220,2022-11-21,Standard Class,Consumer,Office Supplies,Labels,OFF-LA-10002271,10.0,10.0,2,2,2311
8221,2023-12-05,Standard Class,Consumer,Office Supplies,Binders,OFF-BI-10002609,10.0,10.0,3,5,1803
8222,2023-07-01,Standard Class,Consumer,Office Supplies,Fasteners,OFF-FA-10000254,20.0,20.0,4,4,1519
8223,2022-06-15,Standard Class,Consumer,Office Supplies,Storage,OFF-ST-10000321,10.0,10.0,2,5,3212
8224,2023-07-24,Standard Class,Corporate,Office Supplies,Paper,OFF-PA-10000241,170.0,190.0,6,3,2319
8225,2023-07-31,Standard Class,Corporate,Office Supplies,Paper,OFF-PA-10004782,10.0,10.0,2,3,3158
8226,2023-09-18,Second Class,Consumer,Office Supplies,Paper,OFF-PA-10004243,150.0,190.0,10,4,1362
8227,2023-05-26,Second Class,Consumer,Office Supplies,Paper,OFF-PA-10001033,40.0,40.0,1,2,4307
8228,2023-01-23,Second Class,Home Office,Furniture,Furnishings,FUR-FU-10000723,70.0,80.0,2,4,4916
8229,2022-10-09,Second Class,Home Office,Office Supplies,Storage,OFF-ST-10003455,20.0,30.0,2,4,4959
8230,2022-08-31,Second Class,Home Office,Technology,Accessories,TEC-AC-10001109,80.0,90.0,3,2,3093
8231,2022-03-16,Second Class,Consumer,Office Supplies,Art,OFF-AR-10004344,40.0,40.0,3,3,2962
8232,2023-08-05,Second Class,Consumer,Furniture,Bookcases,FUR-BO-10004695,1160.0,1270.0,7,5,3435
8233,2022-03-31,Standard Class,Consumer,Office Supplies,Storage,OFF-ST-10000675,160.0,170.0,5,3,3688
8234,2022-07-11,Standard Class,Consumer,Office Supplies,Storage,OFF-ST-10002301,40.0,40.0,2,5,4966
8235,2022-12-01,Standard Class,Consumer,Office Supplies,Supplies,OFF-SU-10001212,10.0,10.0,2,2,3602
8236,2022-07-02,Standard Class,Consumer,Furniture,Tables,FUR-TA-10001889,870.0,930.0,4,5,225
8237,2022-10-10,Standard Class,Consumer,Furniture,Chairs,FUR-CH-10002024,2600.0,2800.0,5,2,4709
8238,2023-04-20,Same Day,Consumer,Office Supplies,Storage,OFF-ST-10000617,10.0,10.0,2,2,3485
8239,2022-07-15,Same Day,Consumer,Office Supplies,Paper,OFF-PA-10000380,10.0,10.0,1,5,2115
8240,2023-11-17,Same Day,Consumer,Office Supplies,Art,OFF-AR-10003251,10.0,10.0,2,3,2161
8241,2023-04-30,Same Day,Consumer,Furniture,Furnishings,FUR-FU-10000175,30.0,40.0,4,5,3481
8242,2023-05-04,Standard Class,Consumer,Office Supplies,Binders,OFF-BI-10004716,20.0,20.0,2,5,4399
8243,2023-10-04,Standard Class,Consumer,Technology,Accessories,TEC-AC-10002842,310.0,360.0,3,5,3047
8244,2022-10-14,Standard Class,Consumer,Technology,Phones,TEC-PH-10003691,760.0,810.0,8,2,1136
8245,2022-06-28,Standard Class,Consumer,Furniture,Furnishings,FUR-FU-10002878,80.0,90.0,3,3,3492
8246,2023-04-30,Standard Class,Corporate,Office Supplies,Storage,OFF-ST-10000991,300.0,340.0,3,3,4215
8247,2022-07-14,Same Day,Home Office,Office Supplies,Appliances,OFF-AP-10002439,70.0,70.0,5,4,1305
8248,2023-05-07,Same Day,Home Office,Office Supplies,Art,OFF-AR-10004602,40.0,40.0,2,2,918
8249,2023-12-30,Second Class,Home Office,Technology,Phones,TEC-PH-10001795,610.0,740.0,2,5,2722
8250,2022-04-16,Second Class,Consumer,Office Supplies,Binders,OFF-BI-10002854,10.0,10.0,2,4,219
8251,2022-01-21,Second Class,Consumer,Furniture,Furnishings,FUR-FU-10000023,20.0,20.0,2,2,2856
8252,2022-02-17,Second Class,Consumer,Office Supplies,Appliances,OFF-AP-10000828,150.0,180.0,5,2,883
8253,2023-07-09,Second Class,Consumer,Office Supplies,Storage,OFF-ST-10000777,50.0,60.0,2,2,821
8254,2022-10-25,Standard Class,Consumer,Technology,Copiers,TEC-CO-10000971,280.0,300.0,1,5,3771
8255,2022-06-16,Standard Class,Consumer,Office Supplies,Paper,OFF-PA-10003134,180.0,190.0,4,5,2445
8256,2023-02-27,Standard Class,Consumer,Technology,Phones,TEC-PH-10002538,190.0,240.0,8,4,837
8257,2022-08-31,Standard Class,Consumer,Office Supplies,Storage,OFF-ST-10001228,50.0,50.0,3,4,2324
8258,2022-08-22,Standard Class,Consumer,Technology,Accessories,TEC-AC-10000397,160.0,170.0,5,5,3177
8259,2022-05-02,Standard Class,Consumer,Office Supplies,Binders,OFF-BI-10004308,90.0,100.0,6,3,3630
8260,2022-10-18,Same Day,Home Office,Office Supplies,Paper,OFF-PA-10000357,300.0,370.0,9,3,4379
8261,2022-02-09,Same Day,Home Office,Office Supplies,Binders,OFF-BI-10000773,10.0,10.0,1,3,3333
8262,2022-09-25,Same Day,Home Office,Office Supplies,Storage,OFF-ST-10001837,160.0,170.0,4,2,4128
8263,2023-12-10,Standard Class,Home Office,Office Supplies,Paper,OFF-PA-10002552,20.0,20.0,3,3,885
8264,2023-02-17,Standard Class,Consumer,Office Supplies,Binders,OFF-BI-10000014,10.0,10.0,4,4,2710
8265,2023-04-09,Standard Class,Consumer,Office Supplies,Appliances,OFF-AP-10004136,110.0,120.0,3,2,2955
8266,2023-10-12,Standard Class,Consumer,Office Supplies,Binders,OFF-BI-10003429,40.0,40.0,7,5,943
8267,2023-10-10,Standard Class,Consumer,Technology,Phones,TEC-PH-10000376,20.0,20.0,2,4,4227
8268,2023-05-05,Standard Class,Consumer,Furniture,Tables,FUR-TA-10003469,70.0,70.0,1,3,528
8269,2023-05-05,Standard Class,Consumer,Office Supplies,Supplies,OFF-SU-10004231,30.0,30.0,4,3,4953
8270,2022-08-22,Standard Class,Consumer,Technology,Phones,TEC-PH-10002584,1880.0,2000.0,4,4,1507
8271,2022-06-19,Standard Class,Consumer,Office Supplies,Art,OFF-AR-10003602,10.0,10.0,2,5,3116
8272,2023-07-27,Standard Class,Consumer,Furniture,Chairs,FUR-CH-10002331,2410.0,2560.0,8,3,2540
8273,2023-05-28,Standard Class,Corporate,Furniture,Chairs,FUR-CH-10001802,330.0,390.0,4,2,2136
8274,2023-10-06,Second Class,Home Office,Office Supplies,Art,OFF-AR-10000634,10.0,10.0,1,3,49
8275,2023-04-09,Standard Class,Corporate,Office Supplies,Storage,OFF-ST-10002615,890.0,1090.0,7,3,475
8276,2022-07-23,Standard Class,Home Office,Office Supplies,Paper,OFF-PA-10004040,30.0,40.0,9,3,174
8277,2022-10-07,Standard Class,Home Office,Office Supplies,Binders,OFF-BI-10003727,10.0,10.0,3,4,3061
8278,2023-09-07,Standard Class,Home Office,Office Supplies,Binders,OFF-BI-10002026,30.0,30.0,2,5,2582
8279,2022-07-27,Standard Class,Home Office,Office Supplies,Storage,OFF-ST-10001496,360.0,430.0,3,3,2386
8280,2022-04-03,Standard Class,Consumer,Office Supplies,Storage,OFF-ST-10003716,560.0,680.0,3,2,4777
8281,2022-02-10,First Class,Corporate,Office Supplies,Envelopes,OFF-EN-10002504,60.0,70.0,3,2,727
8282,2023-05-01,First Class,Corporate,Furniture,Chairs,FUR-CH-10001270,170.0,210.0,3,3,2491
8283,2022-10-03,Second Class,Home Office,Technology,Machines,TEC-MA-10004241,530.0,600.0,2,2,4972
8284,2022-11-22,Second Class,Home Office,Office Supplies,Art,OFF-AR-10001468,50.0,60.0,2,3,4443
8285,2023-07-30,Second Class,Home Office,Technology,Accessories,TEC-AC-10003198,580.0,640.0,8,4,4870
8286,2023-07-05,Second Class,Home Office,Furniture,Furnishings,FUR-FU-10003039,50.0,50.0,3,5,3259
8287,2022-01-04,Standard Class,Home Office,Office Supplies,Paper,OFF-PA-10000295,30.0,30.0,6,3,4556
8288,2022-03-27,Standard Class,Home Office,Office Supplies,Art,OFF-AR-10004344,40.0,50.0,5,2,1460
8289,2023-03-02,Standard Class,Home Office,Technology,Accessories,TEC-AC-10002473,140.0,160.0,7,5,2500
8290,2022-07-25,Standard Class,Home Office,Office Supplies,Appliances,OFF-AP-10002403,180.0,210.0,6,5,1011
8291,2022-10-03,Standard Class,Home Office,Office Supplies,Supplies,OFF-SU-10000432,10.0,10.0,2,4,3699
8292,2023-01-27,Standard Class,Home Office,Office Supplies,Labels,OFF-LA-10000443,10.0,10.0,1,2,4887
8293,2023-12-14,Standard Class,Consumer,Office Supplies,Binders,OFF-BI-10003166,10.0,10.0,3,3,4207
8294,2022-03-17,Standard Class,Corporate,Office Supplies,Binders,OFF-BI-10002393,20.0,20.0,4,3,1656
8295,2023-02-04,Standard Class,Consumer,Technology,Phones,TEC-PH-10001809,240.0,300.0,2,3,1962
8296,2022-04-02,Standard Class,Corporate,Office Supplies,Envelopes,OFF-EN-10002600,20.0,30.0,9,4,2038
8297,2022-10-27,Standard Class,Corporate,Technology,Accessories,TEC-AC-10000109,100.0,110.0,2,3,3011
8298,2022-09-04,Standard Class,Corporate,Furniture,Furnishings,FUR-FU-10003829,10.0,10.0,2,3,3250
8299,2023-11-18,Standard Class,Corporate,Office Supplies,Labels,OFF-LA-10003223,10.0,10.0,3,4,3280
8300,2022-05-25,Standard Class,Consumer,Office Supplies,Art,OFF-AR-10001770,10.0,10.0,3,3,1492
8301,2022-04-29,Standard Class,Consumer,Office Supplies,Envelopes,OFF-EN-10003296,150.0,180.0,2,2,1721
8302,2023-02-25,Standard Class,Corporate,Technology,Accessories,TEC-AC-10003870,1450.0,1650.0,5,2,4250
8303,2023-11-20,Standard Class,Corporate,Furniture,Chairs,FUR-CH-10000665,320.0,360.0,3,4,1199
8304,2023-04-17,Second Class,Home Office,Technology,Phones,TEC-PH-10003092,70.0,70.0,2,2,2840
8305,2022-10-09,Standard Class,Consumer,Furniture,Tables,FUR-TA-10001086,460.0,490.0,4,3,787
8306,2022-04-10,Standard Class,Home Office,Office Supplies,Paper,OFF-PA-10001870,20.0,30.0,5,4,2645
8307,2022-10-04,Standard Class,Home Office,Office Supplies,Binders,OFF-BI-10003305,40.0,40.0,7,2,2966
8308,2022-10-28,Standard Class,Home Office,Office Supplies,Binders,OFF-BI-10003007,80.0,80.0,2,3,4233
8309,2022-05-30,Same Day,Home Office,Office Supplies,Art,OFF-AR-10001419,30.0,40.0,9,2,137
8310,2023-06-21,Standard Class,Consumer,Office Supplies,Storage,OFF-ST-10003692,120.0,140.0,3,5,4266
8311,2022-07-12,Standard Class,Consumer,Furniture,Tables,FUR-TA-10001866,330.0,380.0,3,4,3030
8312,2022-12-09,Standard Class,Consumer,Furniture,Furnishings,FUR-FU-10002157,50.0,60.0,4,4,2518
8313,2022-08-01,Standard Class,Consumer,Technology,Phones,TEC-PH-10001459,2560.0,2940.0,7,3,610
8314,2022-05-26,Standard Class,Home Office,Furniture,Chairs,FUR-CH-10002126,460.0,510.0,3,3,2274
8315,2022-02-19,Standard Class,Home Office,Office Supplies,Fasteners,OFF-FA-10001561,10.0,10.0,2,5,2957
8316,2022-05-05,Standard Class,Home Office,Office Supplies,Art,OFF-AR-10003158,20.0,20.0,7,4,1846
8317,2023-01-22,Standard Class,Home Office,Office Supplies,Paper,OFF-PA-10001804,20.0,20.0,3,4,923
8318,2023-04-28,Standard Class,Consumer,Office Supplies,Art,OFF-AR-10000422,10.0,10.0,1,2,4963
8319,2023-10-10,Standard Class,Consumer,Office Supplies,Art,OFF-AR-10000127,20.0,20.0,8,3,1667
8320,2022-04-27,Standard Class,Consumer,Office Supplies,Storage,OFF-ST-10004634,10.0,10.0,1,5,3843
8321,2022-03-15,First Class,Consumer,Office Supplies,Art,OFF-AR-10003582,40.0,50.0,2,2,203
8322,2022-02-07,Standard Class,Consumer,Office Supplies,Binders,OFF-BI-10002026,20.0,20.0,2,2,3248
8323,2022-11-10,Standard Class,Consumer,Office Supplies,Appliances,OFF-AP-10000595,10.0,10.0,2,5,4532
8324,2022-10-29,Standard Class,Consumer,Office Supplies,Paper,OFF-PA-10001509,30.0,40.0,5,2,4115
8325,2023-02-21,First Class,Home Office,Office Supplies,Storage,OFF-ST-10001321,50.0,60.0,5,2,5023
8326,2023-05-08,First Class,Home Office,Technology,Phones,TEC-PH-10001750,130.0,160.0,3,3,478
8327,2023-04-30,Second Class,Corporate,Office Supplies,Binders,OFF-BI-10001890,10.0,10.0,4,3,1535
8328,2022-09-17,Second Class,Corporate,Office Supplies,Binders,OFF-BI-10004224,80.0,90.0,7,5,409
8329,2022-11-27,Standard Class,Consumer,Office Supplies,Paper,OFF-PA-10001357,120.0,140.0,3,5,96
8330,2023-09-23,Standard Class,Consumer,Office Supplies,Paper,OFF-PA-10004888,10.0,10.0,1,3,3639
8331,2023-11-12,Standard Class,Consumer,Technology,Accessories,TEC-AC-10002370,10.0,10.0,4,2,1109
8332,2022-09-07,First Class,Consumer,Office Supplies,Storage,OFF-ST-10004634,10.0,10.0,1,2,3637
8333,2022-08-27,First Class,Consumer,Furniture,Chairs,FUR-CH-10002647,330.0,350.0,5,5,2063
8334,2022-10-29,First Class,Consumer,Office Supplies,Paper,OFF-PA-10001801,20.0,20.0,3,2,2585
8335,2023-03-19,First Class,Consumer,Office Supplies,Binders,OFF-BI-10004632,40.0,50.0,4,3,4888
8336,2023-05-15,Second Class,Home Office,Office Supplies,Binders,OFF-BI-10002082,240.0,300.0,9,3,4710
8337,2023-12-18,Standard Class,Consumer,Office Supplies,Art,OFF-AR-10003986,10.0,10.0,2,3,3578
8338,2023-07-03,Standard Class,Corporate,Office Supplies,Paper,OFF-PA-10001243,20.0,20.0,4,5,4582
8339,2022-07-05,Standard Class,Corporate,Technology,Accessories,TEC-AC-10003198,460.0,500.0,5,5,851
8340,2022-10-30,Standard Class,Corporate,Furniture,Chairs,FUR-CH-10003774,400.0,440.0,6,5,1208
8341,2023-04-14,Standard Class,Consumer,Office Supplies,Paper,OFF-PA-10002262,30.0,30.0,5,4,3152
8342,2022-01-25,First Class,Consumer,Office Supplies,Appliances,OFF-AP-10004532,50.0,60.0,3,2,2265
8343,2022-10-02,Standard Class,Consumer,Office Supplies,Storage,OFF-ST-10001325,60.0,70.0,7,5,1342
8344,2022-04-04,Standard Class,Consumer,Office Supplies,Labels,OFF-LA-10004544,60.0,60.0,5,2,309
8345,2023-06-04,Standard Class,Consumer,Furniture,Furnishings,FUR-FU-10001473,30.0,30.0,3,2,1526
8346,2023-12-31,Standard Class,Consumer,Furniture,Chairs,FUR-CH-10000422,190.0,220.0,3,4,462
8347,2023-01-30,Standard Class,Corporate,Furniture,Furnishings,FUR-FU-10002960,30.0,30.0,5,5,4527
8348,2022-09-28,Standard Class,Corporate,Furniture,Furnishings,FUR-FU-10002445,10.0,10.0,1,3,4853
8349,2023-01-28,Standard Class,Corporate,Technology,Phones,TEC-PH-10001300,170.0,210.0,10,4,2392
8350,2023-06-04,Standard Class,Corporate,Furniture,Furnishings,FUR-FU-10001025,20.0,20.0,5,3,1240
8351,2023-06-26,Standard Class,Corporate,Office Supplies,Paper,OFF-PA-10002689,10.0,10.0,1,5,1501
8352,2022-07-19,Standard Class,Corporate,Furniture,Furnishings,FUR-FU-10004245,30.0,30.0,2,3,4148
8353,2022-06-27,Standard Class,Corporate,Office Supplies,Binders,OFF-BI-10003684,30.0,30.0,4,5,944
8354,2023-08-28,Standard Class,Corporate,Furniture,Tables,FUR-TA-10003748,330.0,370.0,5,2,4146
8355,2022-07-12,Standard Class,Corporate,Office Supplies,Binders,OFF-BI-10002133,50.0,60.0,5,3,3107
8356,2023-02-12,Standard Class,Corporate,Office Supplies,Fasteners,OFF-FA-10002280,10.0,10.0,2,3,686
8357,2023-07-10,Standard Class,Consumer,Furniture,Furnishings,FUR-FU-10000308,170.0,190.0,3,4,64
8358,2023-06-19,Standard Class,Consumer,Office Supplies,Storage,OFF-ST-10000876,80.0,90.0,7,3,4639
8359,2022-09-14,Standard Class,Consumer,Technology,Phones,TEC-PH-10000586,90.0,110.0,2,5,2325
8360,2023-08-25,Standard Class,Consumer,Technology,Accessories,TEC-AC-10003399,180.0,220.0,6,5,934
8361,2022-12-24,Second Class,Consumer,Office Supplies,Art,OFF-AR-10001955,30.0,30.0,2,2,3665
8362,2023-04-11,Second Class,Consumer,Office Supplies,Appliances,OFF-AP-10000027,10.0,10.0,2,3,4833
8363,2022-04-22,Second Class,Consumer,Furniture,Tables,FUR-TA-10002958,730.0,910.0,5,4,4140
8364,2023-04-26,Second Class,Consumer,Office Supplies,Storage,OFF-ST-10002615,320.0,370.0,3,5,3123
8365,2023-03-11,Standard Class,Consumer,Technology,Phones,TEC-PH-10002624,680.0,750.0,2,5,2992
8366,2022-04-12,First Class,Home Office,Technology,Phones,TEC-PH-10002275,530.0,600.0,4,5,1506
8367,2023-12-01,Second Class,Corporate,Office Supplies,Supplies,OFF-SU-10004290,30.0,30.0,4,5,513
8368,2022-03-14,Second Class,Corporate,Office Supplies,Paper,OFF-PA-10000174,20.0,20.0,2,5,3880
8369,2023-02-06,Second Class,Corporate,Office Supplies,Binders,OFF-BI-10004308,80.0,80.0,5,3,1086
8370,2022-01-29,Standard Class,Consumer,Furniture,Tables,FUR-TA-10003473,810.0,900.0,3,2,2710
8371,2023-03-29,Standard Class,Home Office,Furniture,Bookcases,FUR-BO-10003894,110.0,120.0,2,3,1227
8372,2023-12-28,First Class,Consumer,Office Supplies,Binders,OFF-BI-10001658,30.0,40.0,1,5,1984
8373,2023-04-26,Standard Class,Home Office,Furniture,Furnishings,FUR-FU-10003535,70.0,80.0,3,2,4227
8374,2022-08-26,First Class,Consumer,Office Supplies,Storage,OFF-ST-10000352,30.0,30.0,1,2,4462
8375,2023-12-22,Standard Class,Home Office,Office Supplies,Appliances,OFF-AP-10004859,90.0,90.0,6,2,824
8376,2023-04-28,Standard Class,Home Office,Office Supplies,Binders,OFF-BI-10001294,50.0,60.0,6,3,1020
8377,2022-03-22,Standard Class,Corporate,Office Supplies,Appliances,OFF-AP-10001242,50.0,60.0,1,2,4025
8378,2023-12-31,Standard Class,Corporate,Office Supplies,Storage,OFF-ST-10002344,50.0,60.0,1,4,1942
8379,2023-10-20,Standard Class,Corporate,Office Supplies,Paper,OFF-PA-10003349,20.0,20.0,3,4,4196
8380,2022-03-18,Standard Class,Corporate,Office Supplies,Envelopes,OFF-EN-10003055,180.0,220.0,7,4,2443
8381,2023-12-13,Second Class,Consumer,Office Supplies,Paper,OFF-PA-10001622,10.0,10.0,3,2,85
8382,2023-08-02,Second Class,Consumer,Technology,Phones,TEC-PH-10003800,80.0,80.0,2,4,1372
8383,2023-12-14,Standard Class,Corporate,Furniture,Chairs,FUR-CH-10001270,230.0,240.0,4,2,254
8384,2022-08-12,First Class,Home Office,Technology,Accessories,TEC-AC-10003447,50.0,60.0,3,4,348
8385,2023-04-27,First Class,Home Office,Office Supplies,Paper,OFF-PA-10004285,10.0,10.0,2,2,3842
8386,2022-07-02,Standard Class,Corporate,Office Supplies,Binders,OFF-BI-10001757,10.0,10.0,3,4,3209
8387,2023-03-19,Standard Class,Consumer,Office Supplies,Storage,OFF-ST-10001558,20.0,20.0,1,2,3034
8388,2022-01-01,Standard Class,Consumer,Office Supplies,Storage,OFF-ST-10001328,60.0,80.0,5,4,2268
8389,2022-10-15,Standard Class,Corporate,Office Supplies,Appliances,OFF-AP-10004708,60.0,80.0,2,5,4906
8390,2023-11-11,First Class,Home Office,Office Supplies,Fasteners,OFF-FA-10000621,20.0,20.0,6,4,3643
8391,2023-08-20,First Class,Corporate,Office Supplies,Paper,OFF-PA-10001838,10.0,10.0,2,3,939
8392,2023-07-20,Standard Class,Home Office,Furniture,Furnishings,FUR-FU-10001473,20.0,30.0,2,5,828
8393,2022-05-19,Second Class,Consumer,Technology,Phones,TEC-PH-10000193,130.0,140.0,3,3,1294
8394,2022-09-25,Second Class,Consumer,Furniture,Furnishings,FUR-FU-10002045,90.0,110.0,5,3,681
8395,2022-11-07,Second Class,Consumer,Office Supplies,Appliances,OFF-AP-10002945,840.0,900.0,3,5,1809
8396,2023-12-03,Second Class,Consumer,Furniture,Tables,FUR-TA-10001095,310.0,370.0,3,3,3810
8397,2022-05-17,Same Day,Consumer,Office Supplies,Paper,OFF-PA-10001144,290.0,310.0,7,4,1719
8398,2022-06-06,First Class,Home Office,Office Supplies,Binders,OFF-BI-10004099,10.0,10.0,5,4,3277
8399,2022-06-28,Second Class,Home Office,Furniture,Chairs,FUR-CH-10001973,130.0,160.0,2,4,3189
8400,2022-10-23,Standard Class,Consumer,Office Supplies,Storage,OFF-ST-10000344,10.0,10.0,1,4,1258
8401,2023-06-15,Second Class,Consumer,Office Supplies,Binders,OFF-BI-10002026,190.0,230.0,5,3,2237
8402,2022-05-10,Second Class,Consumer,Furniture,Chairs,FUR-CH-10003535,150.0,160.0,3,4,4982
8403,2023-09-08,Second Class,Consumer,Office Supplies,Paper,OFF-PA-10004156,20.0,20.0,2,2,3332
8404,2022-10-20,Standard Class,Corporate,Office Supplies,Paper,OFF-PA-10002254,90.0,110.0,4,2,442
8405,2022-11-05,Standard Class,Corporate,Furniture,Furnishings,FUR-FU-10003247,70.0,80.0,4,3,2261
8406,2023-02-10,Standard Class,Corporate,Technology,Accessories,TEC-AC-10002473,120.0,140.0,5,3,4303
8407,2022-01-06,Standard Class,Corporate,Furniture,Furnishings,FUR-FU-10001057,40.0,40.0,2,2,4761
8408,2023-08-24,Standard Class,Corporate,Office Supplies,Art,OFF-AR-10001419,30.0,30.0,7,4,1834
8409,2022-04-16,Standard Class,Corporate,Office Supplies,Art,OFF-AR-10004010,150.0,170.0,5,5,2245
8410,2022-01-07,Standard Class,Home Office,Office Supplies,Binders,OFF-BI-10004230,100.0,110.0,4,2,677
8411,2022-04-11,Same Day,Corporate,Furniture,Tables,FUR-TA-10001768,540.0,630.0,4,5,4805
8412,2023-01-17,Second Class,Consumer,Office Supplies,Art,OFF-AR-10003514,30.0,30.0,7,3,3518
8413,2023-12-30,Standard Class,Consumer,Furniture,Tables,FUR-TA-10002228,840.0,930.0,4,2,586
8414,2023-09-24,Standard Class,Corporate,Office Supplies,Paper,OFF-PA-10001972,40.0,50.0,10,5,2838
8415,2023-07-02,Standard Class,Corporate,Technology,Accessories,TEC-AC-10002942,150.0,170.0,3,4,2867
8416,2022-08-17,Standard Class,Home Office,Office Supplies,Paper,OFF-PA-10000474,100.0,110.0,3,2,3565
8417,2023-12-14,First Class,Home Office,Office Supplies,Binders,OFF-BI-10004330,140.0,150.0,5,3,457
8418,2022-08-21,First Class,Home Office,Office Supplies,Storage,OFF-ST-10000604,100.0,100.0,3,3,313
8419,2022-09-11,First Class,Home Office,Furniture,Tables,FUR-TA-10004154,270.0,290.0,1,3,4656
8420,2022-06-20,First Class,Home Office,Office Supplies,Storage,OFF-ST-10000636,60.0,70.0,4,3,2035
8421,2023-06-07,First Class,Home Office,Technology,Accessories,TEC-AC-10004171,190.0,200.0,2,3,2826
8422,2023-07-23,Standard Class,Consumer,Technology,Accessories,TEC-AC-10002167,40.0,50.0,3,4,3086
8423,2023-08-12,Standard Class,Consumer,Office Supplies,Fasteners,OFF-FA-10000621,20.0,20.0,5,4,5029
8424,2022-04-29,Standard Class,Consumer,Furniture,Furnishings,FUR-FU-10004053,30.0,40.0,2,3,3125
8425,2023-11-10,Standard Class,Consumer,Furniture,Bookcases,FUR-BO-10003404,2040.0,2150.0,5,3,3027
8426,2022-10-22,First Class,Corporate,Office Supplies,Binders,OFF-BI-10004099,20.0,20.0,8,5,4049
8427,2023-03-18,Standard Class,Consumer,Office Supplies,Supplies,OFF-SU-10004290,10.0,10.0,2,3,3883
8428,2022-04-03,First Class,Consumer,Office Supplies,Supplies,OFF-SU-10001935,10.0,10.0,2,5,187
8429,2023-12-20,Standard Class,Corporate,Technology,Accessories,TEC-AC-10004227,50.0,60.0,6,2,4514
8430,2022-12-18,Second Class,Consumer,Furniture,Furnishings,FUR-FU-10004904,280.0,300.0,5,3,4969
8431,2023-09-05,Standard Class,Consumer,Office Supplies,Storage,OFF-ST-10001511,120.0,130.0,2,5,49
8432,2023-12-11,Standard Class,Corporate,Furniture,Furnishings,FUR-FU-10003535,250.0,270.0,10,2,747
8433,2022-04-17,Second Class,Corporate,Office Supplies,Fasteners,OFF-FA-10000053,10.0,10.0,4,3,4989
8434,2023-12-04,Second Class,Corporate,Office Supplies,Paper,OFF-PA-10004610,10.0,10.0,2,3,1020
8435,2022-10-31,Second Class,Corporate,Furniture,Furnishings,FUR-FU-10000550,10.0,10.0,5,2,2824
8436,2022-08-11,Second Class,Corporate,Office Supplies,Binders,OFF-BI-10001721,10.0,10.0,2,2,2413
8437,2022-08-02,Standard Class,Consumer,Office Supplies,Binders,OFF-BI-10004040,40.0,50.0,11,5,1777
8438,2023-06-17,Standard Class,Consumer,Technology,Accessories,TEC-AC-10002550,20.0,30.0,2,2,192
8439,2022-08-28,Standard Class,Consumer,Office Supplies,Binders,OFF-BI-10003876,120.0,140.0,4,4,977
8440,2022-03-07,Second Class,Corporate,Technology,Phones,TEC-PH-10000213,40.0,50.0,2,2,255
8441,2023-04-07,Second Class,Home Office,Office Supplies,Paper,OFF-PA-10002615,10.0,10.0,3,2,3585
8442,2023-03-22,Standard Class,Consumer,Office Supplies,Paper,OFF-PA-10002254,80.0,80.0,4,2,4981
8443,2023-08-30,Standard Class,Home Office,Technology,Phones,TEC-PH-10004586,370.0,430.0,2,4,3133
8444,2022-11-08,Standard Class,Home Office,Office Supplies,Binders,OFF-BI-10002982,10.0,10.0,1,2,4190
8445,2022-02-01,Standard Class,Home Office,Technology,Phones,TEC-PH-10002538,60.0,70.0,3,2,1656
8446,2022-04-26,First Class,Corporate,Furniture,Tables,FUR-TA-10001039,230.0,240.0,4,3,806
8447,2023-04-15,First Class,Corporate,Furniture,Furnishings,FUR-FU-10004963,40.0,40.0,4,2,1831
8448,2022-09-12,First Class,Corporate,Furniture,Furnishings,FUR-FU-10000277,190.0,210.0,2,5,317
8449,2022-11-07,First Class,Corporate,Furniture,Tables,FUR-TA-10004915,540.0,640.0,3,2,824
8450,2023-11-08,First Class,Corporate,Office Supplies,Paper,OFF-PA-10003724,30.0,40.0,8,4,3736
8451,2022-08-09,First Class,Corporate,Office Supplies,Appliances,OFF-AP-10002906,,,1,5,4041
8452,2022-04-10,First Class,Consumer,Technology,Phones,TEC-PH-10001459,1510.0,1680.0,5,4,2348
8453,2023-07-26,Standard Class,Corporate,Furniture,Chairs,FUR-CH-10002880,310.0,340.0,4,2,37
8454,2023-03-07,Standard Class,Corporate,Office Supplies,Storage,OFF-ST-10001780,1290.0,1550.0,3,4,1732
8455,2023-09-14,Standard Class,Corporate,Furniture,Furnishings,FUR-FU-10004748,120.0,130.0,5,3,3807
8456,2023-12-12,Standard Class,Corporate,Technology,Phones,TEC-PH-10001918,180.0,220.0,2,5,2102
8457,2022-05-27,Second Class,Corporate,Furniture,Chairs,FUR-CH-10001146,90.0,110.0,3,4,1217
8458,2022-11-25,Second Class,Corporate,Office Supplies,Binders,OFF-BI-10004364,10.0,10.0,3,3,1736
8459,2023-10-20,Standard Class,Consumer,Office Supplies,Binders,OFF-BI-10002133,20.0,30.0,3,5,2667
8460,2022-09-30,Standard Class,Consumer,Office Supplies,Binders,OFF-BI-10002225,10.0,10.0,3,5,2636
8461,2022-01-19,Standard Class,Consumer,Office Supplies,Binders,OFF-BI-10002432,30.0,30.0,5,2,700
8462,2023-11-27,Standard Class,Consumer,Office Supplies,Storage,OFF-ST-10000563,80.0,100.0,3,2,5059
8463,2022-06-18,Second Class,Consumer,Office Supplies,Labels,OFF-LA-10001982,10.0,10.0,2,4,3039
8464,2023-05-02,Standard Class,Home Office,Technology,Phones,TEC-PH-10003273,280.0,300.0,3,3,970
8465,2023-02-06,Standard Class,Consumer,Technology,Accessories,TEC-AC-10002718,40.0,50.0,4,5,986
8466,2023-06-10,Standard Class,Consumer,Office Supplies,Storage,OFF-ST-10001505,20.0,20.0,3,5,3085
8467,2022-12-26,Standard Class,Consumer,Office Supplies,Appliances,OFF-AP-10000179,330.0,370.0,3,4,659
8468,2023-12-09,Standard Class,Corporate,Office Supplies,Binders,OFF-BI-10002309,10.0,10.0,2,5,1083
8469,2022-06-23,Standard Class,Corporate,Furniture,Tables,FUR-TA-10001950,2220.0,2680.0,6,5,4341
8470,2022-06-25,Standard Class,Home Office,Furniture,Bookcases,FUR-BO-10001972,340.0,390.0,4,2,2988
8471,2022-03-28,Standard Class,Home Office,Technology,Accessories,TEC-AC-10002473,40.0,50.0,2,5,309
8472,2023-11-06,Standard Class,Home Office,Furniture,Furnishings,FUR-FU-10000193,70.0,80.0,3,5,3560
8473,2023-10-13,Standard Class,Home Office,Office Supplies,Labels,OFF-LA-10000081,20.0,20.0,1,3,2400
8474,2022-12-24,Second Class,Consumer,Office Supplies,Storage,OFF-ST-10000876,10.0,10.0,1,5,3878
8475,2022-09-01,Standard Class,Corporate,Office Supplies,Binders,OFF-BI-10004492,30.0,40.0,4,2,3092
8476,2023-03-12,Standard Class,Corporate,Office Supplies,Paper,OFF-PA-10001033,60.0,70.0,2,4,2718
8477,2022-12-18,Standard Class,Home Office,Office Supplies,Paper,OFF-PA-10004039,30.0,40.0,1,3,692
8478,2022-08-20,Same Day,Corporate,Technology,Machines,TEC-MA-10004552,830.0,1040.0,4,5,1441
8479,2022-10-24,Standard Class,Home Office,Office Supplies,Art,OFF-AR-10002578,10.0,10.0,2,3,3507
8480,2023-01-19,Standard Class,Consumer,Office Supplies,Paper,OFF-PA-10004022,20.0,20.0,2,4,796
8481,2023-09-17,Standard Class,Consumer,Technology,Phones,TEC-PH-10004100,40.0,40.0,2,5,3878
8482,2022-02-06,Standard Class,Home Office,Office Supplies,Art,OFF-AR-10001860,20.0,20.0,3,3,3820
8483,2022-09-10,Standard Class,Corporate,Office Supplies,Labels,OFF-LA-10001297,20.0,20.0,2,4,4727
8484,2022-09-26,Standard Class,Consumer,Office Supplies,Binders,OFF-BI-10004828,70.0,80.0,5,5,4889
8485,2022-12-14,Same Day,Consumer,Furniture,Furnishings,FUR-FU-10002759,160.0,200.0,10,2,15
8486,2023-10-25,Standard Class,Home Office,Office Supplies,Paper,OFF-PA-10000740,40.0,50.0,2,4,2887
8487,2022-06-29,Standard Class,Home Office,Office Supplies,Paper,OFF-PA-10001144,90.0,110.0,2,4,2991
8488,2023-07-31,Standard Class,Home Office,Office Supplies,Paper,OFF-PA-10000859,10.0,10.0,3,3,1704
8489,2023-02-22,Second Class,Consumer,Technology,Machines,TEC-MA-10001127,8050.0,8750.0,5,2,157
8490,2022-05-03,Second Class,Consumer,Office Supplies,Binders,OFF-BI-10002557,30.0,40.0,8,5,360
8491,2022-09-01,Second Class,Consumer,Furniture,Furnishings,FUR-FU-10001731,20.0,20.0,7,5,1037
8492,2022-07-07,Standard Class,Consumer,Office Supplies,Fasteners,OFF-FA-10001135,10.0,10.0,3,2,3747
8493,2023-12-13,Standard Class,Consumer,Office Supplies,Paper,OFF-PA-10000069,50.0,60.0,8,5,3748
8494,2022-02-19,Standard Class,Consumer,Technology,Copiers,TEC-CO-10001943,450.0,480.0,3,5,354
8495,2023-05-23,Standard Class,Consumer,Office Supplies,Binders,OFF-BI-10000977,10.0,10.0,1,2,348
8496,2022-12-16,Standard Class,Corporate,Technology,Accessories,TEC-AC-10002942,160.0,170.0,3,2,168
8497,2022-03-27,Second Class,Consumer,Office Supplies,Art,OFF-AR-10000588,50.0,60.0,3,4,526
8498,2023-02-03,Second Class,Consumer,Technology,Accessories,TEC-AC-10002001,400.0,480.0,3,2,3164
8499,2022-12-06,Second Class,Consumer,Office Supplies,Supplies,OFF-SU-10000381,20.0,20.0,2,2,3452
8500,2022-02-19,Second Class,Consumer,Office Supplies,Binders,OFF-BI-10001617,50.0,50.0,6,3,597
8501,2023-09-12,Second Class,Consumer,Office Supplies,Paper,OFF-PA-10001878,90.0,100.0,2,2,4400
8502,2023-07-05,Second Class,Corporate,Technology,Phones,TEC-PH-10000376,20.0,20.0,2,2,4626
8503,2022-11-26,Second Class,Corporate,Furniture,Chairs,FUR-CH-10003396,170.0,180.0,3,4,4334
8504,2022-07-15,Standard Class,Home Office,Office Supplies,Paper,OFF-PA-10003363,10.0,10.0,2,2,1328
8505,2022-05-14,Standard Class,Consumer,Furniture,Chairs,FUR-CH-10003298,350.0,370.0,4,2,2550
8506,2022-05-27,Standard Class,Home Office,Office Supplies,Binders,OFF-BI-10001757,10.0,10.0,9,5,2353
8507,2023-03-01,Standard Class,Home Office,Technology,Accessories,TEC-AC-10004633,30.0,30.0,5,5,1696
8508,2022-12-10,Standard Class,Home Office,Office Supplies,Envelopes,OFF-EN-10001453,130.0,150.0,3,2,3280
8509,2023-12-24,First Class,Consumer,Technology,Accessories,TEC-AC-10004761,150.0,180.0,11,2,2087
8510,2022-08-17,First Class,Consumer,Technology,Phones,TEC-PH-10003691,120.0,130.0,1,4,3587
8511,2022-08-31,First Class,Consumer,Office Supplies,Binders,OFF-BI-10004965,20.0,20.0,2,3,183
8512,2023-04-30,Standard Class,Consumer,Office Supplies,Binders,OFF-BI-10004233,30.0,30.0,2,5,1299
8513,2022-05-26,Standard Class,Corporate,Furniture,Furnishings,FUR-FU-10003601,60.0,70.0,2,3,4475
8514,2022-10-27,Standard Class,Corporate,Office Supplies,Paper,OFF-PA-10002787,20.0,20.0,4,3,4666
8515,2022-09-01,Standard Class,Corporate,Office Supplies,Art,OFF-AR-10003602,20.0,20.0,3,5,1083
8516,2022-04-08,Standard Class,Corporate,Office Supplies,Art,OFF-AR-10002053,40.0,40.0,12,5,4524
8517,2023-01-10,Standard Class,Consumer,Office Supplies,Art,OFF-AR-10002833,10.0,10.0,2,4,312
8518,2023-12-01,Second Class,Consumer,Furniture,Furnishings,FUR-FU-10002501,30.0,30.0,6,4,850
8519,2022-11-28,Standard Class,Consumer,Furniture,Furnishings,FUR-FU-10002506,10.0,10.0,1,3,3627
8520,2023-03-31,Standard Class,Consumer,Furniture,Chairs,FUR-CH-10003817,170.0,180.0,3,3,4236
8521,2023-06-15,Standard Class,Consumer,Furniture,Chairs,FUR-CH-10004860,270.0,300.0,3,5,3304
8522,2023-02-24,Standard Class,Home Office,Furniture,Furnishings,FUR-FU-10002268,40.0,50.0,14,2,5027
8523,2022-03-29,Standard Class,Corporate,Technology,Phones,TEC-PH-10000148,10.0,10.0,1,2,3725
8524,2022-01-23,Standard Class,Consumer,Office Supplies,Paper,OFF-PA-10004082,50.0,60.0,7,3,2938
8525,2022-07-04,Same Day,Consumer,Technology,Phones,TEC-PH-10004348,30.0,40.0,2,2,4991
8526,2022-08-26,Same Day,Consumer,Furniture,Furnishings,FUR-FU-10003424,40.0,50.0,6,2,3157
8527,2022-10-14,Same Day,Consumer,Office Supplies,Binders,OFF-BI-10004654,10.0,10.0,3,5,4754
8528,2023-09-30,Same Day,Consumer,Technology,Accessories,TEC-AC-10004571,130.0,160.0,2,4,4015
8529,2023-11-02,Same Day,Consumer,Office Supplies,Storage,OFF-ST-10000675,40.0,50.0,2,4,3128
8530,2022-10-24,Standard Class,Home Office,Furniture,Chairs,FUR-CH-10001714,230.0,240.0,2,5,2363
8531,2022-01-08,Standard Class,Consumer,Office Supplies,Paper,OFF-PA-10000380,30.0,30.0,4,5,3276
8532,2023-02-05,Standard Class,Consumer,Office Supplies,Paper,OFF-PA-10002713,10.0,10.0,2,3,3818
8533,2023-01-31,Standard Class,Consumer,Office Supplies,Storage,OFF-ST-10001370,440.0,500.0,7,2,2457
8534,2023-06-24,Standard Class,Consumer,Furniture,Chairs,FUR-CH-10000513,330.0,390.0,3,5,3729
8535,2023-02-26,Second Class,Corporate,Office Supplies,Labels,OFF-LA-10003223,10.0,10.0,2,5,1826
8536,2022-07-09,Standard Class,Consumer,Technology,Accessories,TEC-AC-10002217,50.0,60.0,3,3,5001
8537,2022-11-05,Standard Class,Home Office,Office Supplies,Binders,OFF-BI-10003707,20.0,20.0,4,3,933
8538,2022-12-07,Standard Class,Home Office,Office Supplies,Paper,OFF-PA-10000552,30.0,30.0,5,5,4844
8539,2023-06-18,Standard Class,Home Office,Office Supplies,Art,OFF-AR-10003183,10.0,10.0,3,2,2773
8540,2022-11-18,Standard Class,Consumer,Technology,Copiers,TEC-CO-10000971,400.0,480.0,2,2,2543
8541,2022-02-14,Standard Class,Consumer,Office Supplies,Binders,OFF-BI-10003910,30.0,30.0,5,4,1972
8542,2023-01-22,First Class,Corporate,Office Supplies,Storage,OFF-ST-10001172,20.0,30.0,2,5,4200
8543,2022-11-06,First Class,Corporate,Furniture,Chairs,FUR-CH-10001270,340.0,420.0,7,3,501
8544,2022-05-27,Standard Class,Consumer,Technology,Accessories,TEC-AC-10004571,180.0,200.0,2,3,1186
8545,2022-11-23,Standard Class,Corporate,Furniture,Furnishings,FUR-FU-10004053,20.0,20.0,1,5,4098
8546,2023-01-07,Standard Class,Corporate,Furniture,Furnishings,FUR-FU-10003731,40.0,40.0,4,4,457
8547,2022-10-03,Standard Class,Corporate,Office Supplies,Binders,OFF-BI-10000962,20.0,30.0,2,3,1796
8548,2022-01-08,Standard Class,Corporate,Technology,Accessories,TEC-AC-10001266,40.0,40.0,3,5,3312
8549,2022-05-22,Standard Class,Corporate,Office Supplies,Labels,OFF-LA-10000452,10.0,10.0,4,3,3892
8550,2023-09-04,First Class,Corporate,Furniture,Furnishings,FUR-FU-10000073,20.0,20.0,4,2,1605
8551,2023-02-10,Standard Class,Corporate,Office Supplies,Labels,OFF-LA-10002368,10.0,10.0,3,4,4873
8552,2023-12-01,Standard Class,Corporate,Office Supplies,Fasteners,OFF-FA-10004248,10.0,10.0,4,5,2071
8553,2023-12-29,Standard Class,Corporate,Technology,Copiers,TEC-CO-10004202,660.0,720.0,3,5,2344
8554,2022-12-15,Standard Class,Consumer,Technology,Accessories,TEC-AC-10000927,220.0,240.0,8,3,3554
8555,2023-04-04,First Class,Consumer,Furniture,Tables,FUR-TA-10002530,930.0,1060.0,7,4,1245
8556,2022-09-13,Same Day,Consumer,Technology,Accessories,TEC-AC-10002567,380.0,450.0,7,3,2746
8557,2022-07-15,Same Day,Consumer,Office Supplies,Storage,OFF-ST-10002182,140.0,150.0,9,5,3819
8558,2022-12-06,Second Class,Corporate,Technology,Phones,TEC-PH-10004539,380.0,450.0,3,2,2136
8559,2022-05-16,Second Class,Corporate,Office Supplies,Labels,OFF-LA-10002945,40.0,50.0,9,3,4495
8560,2023-02-11,Second Class,Corporate,Technology,Phones,TEC-PH-10004345,240.0,290.0,3,3,1948
8561,2022-06-25,Second Class,Corporate,Technology,Phones,TEC-PH-10004912,110.0,130.0,3,2,4006
8562,2023-03-13,Second Class,Corporate,Furniture,Furnishings,FUR-FU-10000206,10.0,10.0,2,2,210
8563,2023-03-30,Second Class,Corporate,Furniture,Chairs,FUR-CH-10000847,1330.0,1450.0,5,2,210
8564,2023-10-25,Standard Class,Home Office,Office Supplies,Binders,OFF-BI-10000822,15.0,15.0,3,2,934
8565,2023-06-03,Standard Class,Home Office,Furniture,Furnishings,FUR-FU-10000747,200.0,220.0,6,3,3637
8566,2023-01-05,First Class,Consumer,Technology,Phones,TEC-PH-10002350,60.0,70.0,3,2,4743
8567,2023-07-21,First Class,Consumer,Office Supplies,Paper,OFF-PA-10000697,20.0,20.0,4,4,3410
8568,2022-07-24,First Class,Consumer,Office Supplies,Paper,OFF-PA-10002787,30.0,30.0,6,2,2117
8569,2022-08-30,Standard Class,Corporate,Office Supplies,Binders,OFF-BI-10004318,810.0,970.0,7,5,104
8570,2023-02-10,Standard Class,Corporate,Office Supplies,Binders,OFF-BI-10001721,180.0,220.0,13,5,3125
8571,2023-03-19,Standard Class,Corporate,Technology,Copiers,TEC-CO-10004202,420.0,480.0,2,5,2620
8572,2023-03-04,Same Day,Home Office,Office Supplies,Paper,OFF-PA-10003893,10.0,10.0,3,5,2568
8573,2023-01-05,Standard Class,Consumer,Technology,Machines,TEC-MA-10004679,820.0,1000.0,5,3,224
8574,2023-12-24,First Class,Consumer,Office Supplies,Paper,OFF-PA-10000249,20.0,20.0,2,5,376
8575,2022-08-10,Same Day,Home Office,Office Supplies,Fasteners,OFF-FA-10000053,10.0,10.0,3,2,4795
8576,2022-02-11,Second Class,Consumer,Office Supplies,Appliances,OFF-AP-10000804,10.0,10.0,4,3,4216
8577,2023-11-04,First Class,Consumer,Furniture,Furnishings,FUR-FU-10004188,90.0,100.0,1,4,3775
8578,2022-10-10,Standard Class,Consumer,Furniture,Tables,FUR-TA-10004915,510.0,610.0,2,4,2687
8579,2022-05-20,Standard Class,Consumer,Office Supplies,Storage,OFF-ST-10001228,30.0,30.0,2,3,4277
8580,2022-06-26,Standard Class,Consumer,Office Supplies,Labels,OFF-LA-10002368,10.0,10.0,1,4,193
8581,2023-05-09,Second Class,Corporate,Furniture,Furnishings,FUR-FU-10003489,10.0,10.0,3,5,4295
8582,2022-09-16,Second Class,Corporate,Office Supplies,Paper,OFF-PA-10000289,10.0,10.0,2,4,5060
8583,2023-03-13,Second Class,Corporate,Technology,Accessories,TEC-AC-10004227,20.0,20.0,2,2,804
8584,2022-08-06,Second Class,Corporate,Office Supplies,Storage,OFF-ST-10000636,60.0,70.0,5,4,4531
8585,2022-02-17,Second Class,Corporate,Office Supplies,Binders,OFF-BI-10003676,20.0,20.0,2,5,1266
8586,2022-07-30,Standard Class,Consumer,Office Supplies,Binders,OFF-BI-10001116,10.0,10.0,7,2,187
8587,2023-05-24,Standard Class,Corporate,Technology,Accessories,TEC-AC-10003832,1080.0,1290.0,5,2,2247
8588,2023-01-06,Standard Class,Corporate,Office Supplies,Appliances,OFF-AP-10003040,160.0,170.0,5,3,4842
8589,2022-11-28,Standard Class,Corporate,Office Supplies,Storage,OFF-ST-10002583,50.0,50.0,2,4,822
8590,2023-09-11,First Class,Consumer,Office Supplies,Art,OFF-AR-10002053,10.0,10.0,2,4,1322
8591,2022-06-23,First Class,Corporate,Office Supplies,Envelopes,OFF-EN-10004846,10.0,10.0,3,2,302
8592,2023-02-02,First Class,Consumer,Office Supplies,Envelopes,OFF-EN-10003134,20.0,20.0,2,2,4499
8593,2023-02-09,First Class,Consumer,Furniture,Furnishings,FUR-FU-10001025,10.0,10.0,3,3,289
8594,2022-06-07,Standard Class,Home Office,Technology,Accessories,TEC-AC-10002567,170.0,190.0,3,5,4391
8595,2022-06-28,Standard Class,Home Office,Technology,Phones,TEC-PH-10004094,440.0,500.0,4,5,1855
8596,2023-01-19,First Class,Corporate,Office Supplies,Binders,OFF-BI-10004364,10.0,10.0,2,3,3388
8597,2023-07-25,First Class,Corporate,Office Supplies,Paper,OFF-PA-10000474,30.0,40.0,1,2,3068
8598,2023-12-28,Standard Class,Home Office,Office Supplies,Binders,OFF-BI-10004308,70.0,70.0,4,5,3162
8599,2022-12-31,Standard Class,Corporate,Office Supplies,Binders,OFF-BI-10002012,10.0,10.0,3,2,824
8600,2023-02-10,Standard Class,Corporate,Office Supplies,Paper,OFF-PA-10002586,10.0,10.0,3,2,4239
8601,2022-04-11,Standard Class,Corporate,Office Supplies,Appliances,OFF-AP-10000692,40.0,40.0,2,2,606
8602,2023-04-14,Standard Class,Corporate,Office Supplies,Binders,OFF-BI-10001553,10.0,10.0,1,4,4721
8603,2022-06-21,Same Day,Home Office,Technology,Phones,TEC-PH-10004908,410.0,480.0,7,4,1671
8604,2023-03-21,Standard Class,Corporate,Technology,Accessories,TEC-AC-10002217,30.0,30.0,2,4,2620
8605,2023-03-01,Standard Class,Corporate,Technology,Accessories,TEC-AC-10002942,150.0,170.0,3,5,2715
8606,2022-08-13,Standard Class,Corporate,Technology,Phones,TEC-PH-10002890,150.0,180.0,5,2,243
8607,2022-09-30,Standard Class,Consumer,Technology,Accessories,TEC-AC-10003614,20.0,20.0,2,4,4210
8608,2022-12-30,Standard Class,Consumer,Furniture,Furnishings,FUR-FU-10002878,50.0,60.0,2,4,356
8609,2023-10-14,Standard Class,Consumer,Office Supplies,Appliances,OFF-AP-10001626,20.0,20.0,4,5,664
8610,2023-04-28,Standard Class,Consumer,Furniture,Bookcases,FUR-BO-10003272,290.0,350.0,2,2,4682
8611,2022-05-07,Standard Class,Consumer,Furniture,Furnishings,FUR-FU-10002191,10.0,10.0,2,5,989
8612,2022-08-28,Second Class,Consumer,Technology,Accessories,TEC-AC-10000682,60.0,80.0,5,4,4750
8613,2022-01-26,Second Class,Corporate,Office Supplies,Art,OFF-AR-10000588,30.0,40.0,2,2,2307
8614,2022-02-27,Standard Class,Consumer,Technology,Accessories,TEC-AC-10002001,400.0,480.0,3,2,405
8615,2023-02-10,Standard Class,Consumer,Office Supplies,Labels,OFF-LA-10003720,10.0,10.0,2,3,3339
8616,2022-05-29,Standard Class,Consumer,Office Supplies,Binders,OFF-BI-10004364,10.0,10.0,3,2,3325
8617,2022-07-22,Standard Class,Consumer,Office Supplies,Paper,OFF-PA-10000100,70.0,80.0,2,5,3417
8618,2022-07-11,Standard Class,Consumer,Office Supplies,Binders,OFF-BI-10004826,30.0,40.0,3,5,2537
8619,2022-10-14,Standard Class,Corporate,Furniture,Tables,FUR-TA-10001520,330.0,400.0,7,2,1003
8620,2023-03-16,Second Class,Corporate,Office Supplies,Storage,OFF-ST-10001031,60.0,70.0,4,3,4193
8621,2022-12-26,Second Class,Consumer,Furniture,Furnishings,FUR-FU-10003878,30.0,30.0,5,4,3873
8622,2022-04-19,Standard Class,Corporate,Office Supplies,Appliances,OFF-AP-10000358,20.0,20.0,2,2,338
8623,2022-08-19,Standard Class,Consumer,Office Supplies,Storage,OFF-ST-10000876,30.0,40.0,4,2,316
8624,2022-06-22,Standard Class,Consumer,Office Supplies,Binders,OFF-BI-10004224,110.0,120.0,6,5,1455
8625,2022-02-25,Standard Class,Consumer,Technology,Accessories,TEC-AC-10004568,100.0,110.0,5,3,335
8626,2022-07-21,Standard Class,Corporate,Office Supplies,Paper,OFF-PA-10000533,20.0,20.0,3,3,1310
8627,2023-10-13,Standard Class,Corporate,Office Supplies,Storage,OFF-ST-10003638,60.0,70.0,3,3,1636
8628,2022-08-16,Standard Class,Corporate,Technology,Accessories,TEC-AC-10002305,70.0,90.0,5,5,3288
8629,2023-04-10,Standard Class,Corporate,Office Supplies,Binders,OFF-BI-10000605,10.0,10.0,2,4,3123
8630,2023-12-10,Standard Class,Corporate,Furniture,Tables,FUR-TA-10003569,450.0,480.0,2,3,1698
8631,2023-01-04,Standard Class,Corporate,Office Supplies,Fasteners,OFF-FA-10003059,10.0,10.0,4,4,4740
8632,2022-04-23,First Class,Consumer,Furniture,Bookcases,FUR-BO-10004409,160.0,180.0,5,5,2128
8633,2022-05-17,First Class,Consumer,Office Supplies,Binders,OFF-BI-10000545,1300.0,1370.0,6,3,1720
8634,2022-01-31,First Class,Consumer,Office Supplies,Appliances,OFF-AP-10004052,10.0,10.0,3,3,34
8635,2022-07-24,Standard Class,Consumer,Furniture,Bookcases,FUR-BO-10001798,120.0,130.0,2,3,2674
8636,2023-11-28,First Class,Consumer,Office Supplies,Art,OFF-AR-10004010,150.0,170.0,5,2,4925
8637,2023-10-19,First Class,Consumer,Office Supplies,Storage,OFF-ST-10000585,730.0,830.0,5,3,3610
8638,2022-05-15,Standard Class,Consumer,Furniture,Furnishings,FUR-FU-10000397,120.0,140.0,7,3,3321
8639,2022-08-07,First Class,Home Office,Technology,Accessories,TEC-AC-10000736,320.0,400.0,5,2,5050
8640,2022-12-25,Second Class,Corporate,Office Supplies,Binders,OFF-BI-10004970,10.0,10.0,3,3,373
8641,2023-03-16,Standard Class,Corporate,Office Supplies,Binders,OFF-BI-10000545,650.0,760.0,5,3,166
8642,2023-03-09,Same Day,Consumer,Office Supplies,Binders,OFF-BI-10001670,60.0,70.0,6,2,4202
8643,2022-01-21,Standard Class,Corporate,Office Supplies,Fasteners,OFF-FA-10000624,30.0,30.0,11,4,3801
8644,2023-06-22,Standard Class,Corporate,Office Supplies,Labels,OFF-LA-10002945,10.0,10.0,1,4,252
8645,2022-07-14,Standard Class,Corporate,Office Supplies,Binders,OFF-BI-10000315,40.0,40.0,7,4,4808
8646,2022-02-17,Standard Class,Corporate,Furniture,Furnishings,FUR-FU-10000023,20.0,20.0,1,3,2248
8647,2023-03-19,Standard Class,Consumer,Furniture,Chairs,FUR-CH-10004698,180.0,190.0,3,5,740
8648,2023-08-05,First Class,Corporate,Furniture,Chairs,FUR-CH-10004477,90.0,100.0,2,3,3636
8649,2022-04-20,Standard Class,Consumer,Office Supplies,Storage,OFF-ST-10003816,620.0,700.0,5,2,174
8650,2023-01-28,Standard Class,Consumer,Office Supplies,Binders,OFF-BI-10002429,30.0,30.0,3,5,1830
8651,2023-10-10,Same Day,Consumer,Office Supplies,Fasteners,OFF-FA-10000840,10.0,10.0,5,3,3033
8652,2022-05-02,Same Day,Consumer,Furniture,Furnishings,FUR-FU-10001918,10.0,10.0,3,4,1618
8653,2022-06-05,Same Day,Consumer,Office Supplies,Supplies,OFF-SU-10001574,10.0,10.0,2,3,3255
8654,2022-06-11,Same Day,Consumer,Technology,Accessories,TEC-AC-10001606,170.0,200.0,2,4,2924
8655,2023-12-05,Same Day,Consumer,Technology,Accessories,TEC-AC-10003399,130.0,140.0,4,4,626
8656,2022-02-06,Same Day,Consumer,Technology,Accessories,TEC-AC-10000865,110.0,120.0,2,5,2902
8657,2022-05-09,Same Day,Consumer,Office Supplies,Paper,OFF-PA-10002923,40.0,50.0,1,3,3788
8658,2022-02-28,Same Day,Consumer,Office Supplies,Appliances,OFF-AP-10004785,20.0,20.0,2,2,4323
8659,2022-02-17,Standard Class,Corporate,Office Supplies,Binders,OFF-BI-10003727,10.0,10.0,1,5,2194
8660,2022-12-28,Standard Class,Corporate,Office Supplies,Paper,OFF-PA-10002246,30.0,30.0,6,5,4861
8661,2022-12-07,Standard Class,Consumer,Furniture,Bookcases,FUR-BO-10003965,620.0,720.0,5,2,859
8662,2023-04-27,Standard Class,Consumer,Furniture,Furnishings,FUR-FU-10000175,20.0,20.0,4,2,3143
8663,2022-09-19,Standard Class,Consumer,Technology,Phones,TEC-PH-10001336,570.0,620.0,6,5,899
8664,2022-05-31,Standard Class,Consumer,Office Supplies,Paper,OFF-PA-10001954,110.0,130.0,7,3,342
8665,2022-08-15,Second Class,Consumer,Furniture,Furnishings,FUR-FU-10004973,80.0,90.0,5,2,4836
8666,2022-10-21,First Class,Home Office,Office Supplies,Supplies,OFF-SU-10004231,50.0,50.0,5,5,1835
8667,2023-06-19,First Class,Corporate,Office Supplies,Art,OFF-AR-10004269,20.0,20.0,5,3,4776
8668,2022-02-17,Second Class,Home Office,Office Supplies,Binders,OFF-BI-10004002,60.0,60.0,4,5,1422
8669,2023-01-12,Second Class,Home Office,Technology,Machines,TEC-MA-10000752,10.0,10.0,1,4,2353
8670,2023-06-07,Second Class,Consumer,Office Supplies,Paper,OFF-PA-10004947,20.0,20.0,4,5,1057
8671,2023-10-20,Second Class,Consumer,Furniture,Furnishings,FUR-FU-10004904,170.0,180.0,3,5,1936
8672,2022-10-31,Second Class,Consumer,Office Supplies,Storage,OFF-ST-10002790,100.0,120.0,2,2,789
8673,2022-07-14,Standard Class,Consumer,Office Supplies,Fasteners,OFF-FA-10004854,20.0,20.0,2,3,727
8674,2022-01-16,Standard Class,Consumer,Furniture,Chairs,FUR-CH-10004063,560.0,600.0,3,2,2626
8675,2022-11-30,Standard Class,Consumer,Office Supplies,Storage,OFF-ST-10000642,40.0,50.0,3,2,2402
8676,2023-05-11,Standard Class,Consumer,Office Supplies,Art,OFF-AR-10004078,20.0,30.0,6,4,3809
8677,2023-11-16,Standard Class,Consumer,Furniture,Furnishings,FUR-FU-10004270,10.0,10.0,1,3,3004
8678,2022-03-26,First Class,Consumer,Furniture,Tables,FUR-TA-10004607,420.0,520.0,5,2,3110
8679,2023-01-21,Second Class,Home Office,Office Supplies,Binders,OFF-BI-10001132,10.0,10.0,8,5,1919
8680,2023-02-12,Second Class,Home Office,Technology,Accessories,TEC-AC-10001714,140.0,160.0,5,5,4290
8681,2023-09-25,Second Class,Corporate,Office Supplies,Appliances,OFF-AP-10002945,1680.0,2100.0,7,2,3438
8682,2023-07-03,Second Class,Corporate,Office Supplies,Supplies,OFF-SU-10004664,40.0,40.0,5,5,5025
8683,2022-04-01,Standard Class,Home Office,Technology,Accessories,TEC-AC-10002550,40.0,50.0,3,3,4853
8684,2022-11-05,Standard Class,Consumer,Office Supplies,Art,OFF-AR-10002335,10.0,10.0,2,5,920
8685,2022-01-04,Standard Class,Home Office,Technology,Accessories,TEC-AC-10001445,20.0,20.0,7,2,2139
8686,2023-03-26,Second Class,Corporate,Office Supplies,Storage,OFF-ST-10003996,80.0,100.0,6,4,737
8687,2023-10-12,Same Day,Corporate,Office Supplies,Supplies,OFF-SU-10003505,190.0,230.0,2,4,3541
8688,2023-08-18,Same Day,Corporate,Office Supplies,Fasteners,OFF-FA-10000624,20.0,20.0,5,2,2007
8689,2023-07-06,Same Day,Corporate,Office Supplies,Paper,OFF-PA-10002870,10.0,10.0,2,4,3016
8690,2023-06-07,Standard Class,Corporate,Office Supplies,Art,OFF-AR-10002257,10.0,10.0,3,2,1519
8691,2022-01-03,Standard Class,Corporate,Technology,Phones,TEC-PH-10003580,230.0,260.0,2,3,3808
8692,2023-09-29,Standard Class,Corporate,Technology,Phones,TEC-PH-10001530,200.0,250.0,2,4,4335
8693,2023-10-20,Standard Class,Corporate,Technology,Accessories,TEC-AC-10000420,250.0,280.0,5,2,116
8694,2022-09-10,Standard Class,Home Office,Technology,Accessories,TEC-AC-10000892,420.0,450.0,5,5,532
8695,2022-01-05,Second Class,Home Office,Office Supplies,Paper,OFF-PA-10001934,20.0,20.0,3,5,3325
8696,2023-12-05,Second Class,Home Office,Furniture,Tables,FUR-TA-10003473,240.0,300.0,1,2,2679
8697,2022-09-23,Standard Class,Corporate,Technology,Phones,TEC-PH-10001051,220.0,240.0,3,2,726
8698,2022-06-28,Standard Class,Corporate,Furniture,Furnishings,FUR-FU-10004351,30.0,30.0,4,4,3232
8699,2022-01-23,Standard Class,Corporate,Furniture,Tables,FUR-TA-10004152,110.0,120.0,2,4,3697
8700,2023-11-25,Standard Class,Corporate,Technology,Phones,TEC-PH-10000560,2080.0,2240.0,8,2,1189
8701,2023-10-25,Standard Class,Corporate,Office Supplies,Appliances,OFF-AP-10004249,70.0,80.0,8,3,1788
8702,2022-07-27,Standard Class,Corporate,Office Supplies,Storage,OFF-ST-10001490,110.0,140.0,1,2,39
8703,2023-04-27,Standard Class,Corporate,Office Supplies,Paper,OFF-PA-10000312,70.0,90.0,5,2,1757
8704,2022-03-06,Standard Class,Consumer,Office Supplies,Appliances,OFF-AP-10002906,,,2,4,2829
8705,2023-06-01,First Class,Consumer,Technology,Phones,TEC-PH-10004100,110.0,120.0,8,2,4093
8706,2023-04-15,Standard Class,Home Office,Office Supplies,Fasteners,OFF-FA-10000254,20.0,20.0,1,4,2971
8707,2022-12-23,Standard Class,Home Office,Furniture,Chairs,FUR-CH-10004289,160.0,170.0,2,4,3215
8708,2023-02-26,Standard Class,Home Office,Office Supplies,Art,OFF-AR-10003469,10.0,10.0,2,2,3650
8709,2022-09-18,First Class,Corporate,Technology,Phones,TEC-PH-10004188,60.0,80.0,4,3,4460
8710,2023-09-16,First Class,Corporate,Furniture,Bookcases,FUR-BO-10004015,280.0,310.0,3,4,4268
8711,2023-03-01,First Class,Corporate,Office Supplies,Storage,OFF-ST-10000991,300.0,340.0,3,3,1747
8712,2022-11-09,Standard Class,Consumer,Furniture,Tables,FUR-TA-10002958,510.0,630.0,3,4,2725
8713,2023-12-16,Standard Class,Consumer,Furniture,Bookcases,FUR-BO-10002213,290.0,360.0,3,3,3855
8714,2022-11-29,Standard Class,Corporate,Technology,Phones,TEC-PH-10000004,60.0,70.0,6,5,3357
8715,2023-01-05,Standard Class,Corporate,Office Supplies,Binders,OFF-BI-10003708,30.0,30.0,5,5,1101
8716,2022-11-15,Second Class,Corporate,Office Supplies,Binders,OFF-BI-10002949,10.0,10.0,1,2,2240
8717,2022-04-22,Second Class,Home Office,Office Supplies,Appliances,OFF-AP-10001242,50.0,60.0,4,3,2099
8718,2022-09-17,Second Class,Home Office,Furniture,Furnishings,FUR-FU-10001424,10.0,10.0,2,3,4831
8719,2022-08-10,Second Class,Home Office,Office Supplies,Art,OFF-AR-10003469,10.0,10.0,8,2,2081
8720,2022-02-09,Second Class,Home Office,Office Supplies,Paper,OFF-PA-10000232,20.0,20.0,3,4,1541
8721,2022-07-20,Second Class,Home Office,Furniture,Chairs,FUR-CH-10000229,350.0,380.0,2,2,1515
8722,2022-04-29,Second Class,Home Office,Office Supplies,Storage,OFF-ST-10002562,60.0,70.0,9,3,2124
8723,2023-09-20,Second Class,Home Office,Office Supplies,Binders,OFF-BI-10001525,10.0,10.0,2,4,4073
8724,2023-01-06,Second Class,Home Office,Office Supplies,Paper,OFF-PA-10002986,40.0,40.0,7,3,961
8725,2022-01-20,Second Class,Home Office,Office Supplies,Paper,OFF-PA-10000143,30.0,30.0,6,2,2250
8726,2022-11-19,Standard Class,Consumer,Office Supplies,Art,OFF-AR-10003752,50.0,50.0,4,2,4916
8727,2022-02-02,Standard Class,Corporate,Technology,Accessories,TEC-AC-10002370,10.0,10.0,3,3,3575
8728,2022-11-06,Standard Class,Corporate,Furniture,Furnishings,FUR-FU-10002030,40.0,50.0,3,3,4344
8729,2023-02-11,Standard Class,Corporate,Furniture,Bookcases,FUR-BO-10002853,110.0,130.0,2,2,1090
8730,2022-05-17,Standard Class,Corporate,Office Supplies,Storage,OFF-ST-10002562,20.0,20.0,3,2,3783
8731,2023-05-03,Standard Class,Corporate,Technology,Accessories,TEC-AC-10004227,60.0,70.0,7,2,2817
8732,2023-04-25,Standard Class,Corporate,Office Supplies,Supplies,OFF-SU-10002573,50.0,50.0,3,3,622
8733,2023-01-18,Second Class,Corporate,Office Supplies,Paper,OFF-PA-10003848,20.0,20.0,3,3,1512
8734,2022-02-28,Second Class,Corporate,Furniture,Furnishings,FUR-FU-10001290,120.0,130.0,3,5,449
8735,2023-03-01,Second Class,Corporate,Technology,Accessories,TEC-AC-10003832,1170.0,1290.0,5,2,3548
8736,2023-03-25,Second Class,Corporate,Office Supplies,Storage,OFF-ST-10001558,60.0,60.0,4,4,1023
8737,2022-11-28,Standard Class,Corporate,Office Supplies,Storage,OFF-ST-10001490,450.0,540.0,3,2,1677
8738,2023-01-09,Standard Class,Corporate,Office Supplies,Binders,OFF-BI-10003669,10.0,10.0,5,2,4505
8739,2023-12-07,First Class,Consumer,Office Supplies,Art,OFF-AR-10004441,10.0,10.0,4,3,538
8740,2022-04-28,First Class,Consumer,Technology,Phones,TEC-PH-10001924,60.0,80.0,2,4,4881
8741,2023-09-10,First Class,Consumer,Office Supplies,Art,OFF-AR-10004456,60.0,70.0,5,3,496
8742,2023-06-04,Same Day,Home Office,Office Supplies,Binders,OFF-BI-10001890,10.0,10.0,3,3,2459
8743,2023-12-14,First Class,Consumer,Furniture,Furnishings,FUR-FU-10000629,10.0,10.0,1,2,894
8744,2023-01-26,First Class,Consumer,Technology,Accessories,TEC-AC-10002323,50.0,50.0,3,5,1202
8745,2022-10-21,Second Class,Home Office,Office Supplies,Art,OFF-AR-10003056,20.0,20.0,4,2,1449
8746,2022-06-14,Second Class,Home Office,Office Supplies,Paper,OFF-PA-10000300,50.0,60.0,3,2,1518
8747,2023-07-26,Standard Class,Corporate,Furniture,Furnishings,FUR-FU-10000293,180.0,210.0,2,3,575
8748,2023-05-21,Standard Class,Corporate,Office Supplies,Binders,OFF-BI-10003638,30.0,30.0,2,5,447
8749,2023-06-02,Standard Class,Corporate,Technology,Machines,TEC-MA-10002109,210.0,240.0,2,5,993
8750,2022-02-05,First Class,Consumer,Office Supplies,Binders,OFF-BI-10003527,2680.0,3050.0,3,2,2375
8751,2023-01-10,First Class,Consumer,Technology,Phones,TEC-PH-10004922,120.0,130.0,2,5,563
8752,2022-10-26,Standard Class,Home Office,Office Supplies,Paper,OFF-PA-10001001,80.0,90.0,4,4,807
8753,2022-03-04,Standard Class,Home Office,Technology,Phones,TEC-PH-10001198,170.0,180.0,3,2,3184
8754,2022-06-15,First Class,Consumer,Office Supplies,Labels,OFF-LA-10000443,20.0,20.0,6,5,2086
8755,2022-05-30,First Class,Consumer,Office Supplies,Binders,OFF-BI-10003669,10.0,10.0,3,5,4568
8756,2023-09-22,First Class,Consumer,Office Supplies,Binders,OFF-BI-10001628,10.0,10.0,2,4,2669
8757,2022-09-20,Standard Class,Corporate,Office Supplies,Appliances,OFF-AP-10002350,40.0,40.0,2,5,194
8758,2022-12-31,Standard Class,Corporate,Office Supplies,Paper,OFF-PA-10004100,40.0,50.0,8,4,1136
8759,2022-06-02,Standard Class,Corporate,Furniture,Furnishings,FUR-FU-10000794,30.0,30.0,3,2,2560
8760,2023-01-14,Standard Class,Corporate,Office Supplies,Binders,OFF-BI-10002012,10.0,10.0,3,3,4426
8761,2023-10-21,Standard Class,Home Office,Office Supplies,Binders,OFF-BI-10003527,1080.0,1270.0,1,3,4778
8762,2022-12-16,Standard Class,Home Office,Office Supplies,Envelopes,OFF-EN-10004483,120.0,130.0,8,5,4431
8763,2022-11-23,Standard Class,Consumer,Office Supplies,Storage,OFF-ST-10003722,10.0,10.0,1,5,257
8764,2023-07-08,Standard Class,Consumer,Office Supplies,Supplies,OFF-SU-10002557,20.0,30.0,2,2,4906
8765,2023-03-15,Standard Class,Corporate,Office Supplies,Art,OFF-AR-10002257,10.0,10.0,2,4,182
8766,2022-11-09,Standard Class,Corporate,Office Supplies,Binders,OFF-BI-10000756,20.0,20.0,2,3,1083
8767,2022-01-20,Standard Class,Corporate,Office Supplies,Appliances,OFF-AP-10004136,20.0,20.0,3,3,945
8768,2023-03-31,Standard Class,Corporate,Office Supplies,Binders,OFF-BI-10002194,10.0,10.0,5,5,1826
8769,2022-10-19,Standard Class,Consumer,Technology,Accessories,TEC-AC-10000892,230.0,290.0,4,3,2731
8770,2023-10-24,Same Day,Home Office,Technology,Phones,TEC-PH-10001870,130.0,150.0,3,5,4359
8771,2023-08-13,Same Day,Home Office,Furniture,Chairs,FUR-CH-10002304,70.0,80.0,4,2,412
8772,2022-02-04,First Class,Corporate,Office Supplies,Appliances,OFF-AP-10002534,770.0,940.0,4,4,2457
8773,2022-01-02,First Class,Corporate,Office Supplies,Paper,OFF-PA-10001125,60.0,70.0,3,4,1145
8774,2022-09-14,Standard Class,Home Office,Office Supplies,Appliances,OFF-AP-10000804,30.0,30.0,6,5,3183
8775,2023-06-13,Standard Class,Home Office,Office Supplies,Binders,OFF-BI-10002982,10.0,10.0,2,3,865
8776,2022-06-02,Second Class,Home Office,Office Supplies,Art,OFF-AR-10001547,10.0,10.0,2,5,2500
8777,2023-05-26,First Class,Corporate,Furniture,Chairs,FUR-CH-10000665,500.0,530.0,5,2,1503
8778,2023-10-20,First Class,Corporate,Office Supplies,Paper,OFF-PA-10000520,40.0,40.0,8,5,3778
8779,2023-10-20,Standard Class,Corporate,Furniture,Bookcases,FUR-BO-10004015,260.0,290.0,3,2,4878
8780,2023-07-06,Second Class,Consumer,Office Supplies,Storage,OFF-ST-10004258,30.0,30.0,3,5,607
8781,2023-07-15,First Class,Corporate,Office Supplies,Art,OFF-AR-10003696,50.0,60.0,2,2,45
8782,2022-07-20,First Class,Corporate,Furniture,Bookcases,FUR-BO-10001811,1010.0,1230.0,6,4,2360
8783,2023-05-12,Standard Class,Corporate,Office Supplies,Binders,OFF-BI-10001249,20.0,20.0,4,4,3635
8784,2022-01-19,Standard Class,Corporate,Furniture,Tables,FUR-TA-10003473,950.0,1130.0,3,5,858
8785,2023-03-19,Standard Class,Home Office,Office Supplies,Labels,OFF-LA-10003190,10.0,10.0,2,2,216
8786,2022-11-23,Standard Class,Corporate,Technology,Phones,TEC-PH-10001305,180.0,200.0,5,2,642
8787,2023-12-28,Standard Class,Corporate,Office Supplies,Paper,OFF-PA-10001534,20.0,20.0,3,5,757
8788,2023-05-02,Standard Class,Corporate,Technology,Accessories,TEC-AC-10000844,230.0,270.0,4,4,2642
8789,2022-09-12,Standard Class,Consumer,Furniture,Chairs,FUR-CH-10000847,640.0,700.0,3,2,1713
8790,2023-03-24,Standard Class,Consumer,Furniture,Bookcases,FUR-BO-10000468,70.0,80.0,2,2,598
8791,2023-05-14,Standard Class,Corporate,Office Supplies,Binders,OFF-BI-10002799,50.0,50.0,9,5,4820
8792,2022-04-13,Standard Class,Consumer,Technology,Phones,TEC-PH-10001557,510.0,540.0,7,3,2547
8793,2023-02-05,First Class,Corporate,Office Supplies,Labels,OFF-LA-10001934,10.0,10.0,2,4,3531
8794,2022-08-19,First Class,Corporate,Office Supplies,Fasteners,OFF-FA-10004248,20.0,20.0,5,5,482
8795,2023-06-21,First Class,Corporate,Technology,Phones,TEC-PH-10001944,520.0,580.0,5,4,1254
8796,2023-08-10,First Class,Corporate,Technology,Phones,TEC-PH-10002085,170.0,210.0,4,4,2162
8797,2023-12-03,Standard Class,Consumer,Office Supplies,Paper,OFF-PA-10003441,10.0,10.0,2,4,3137
8798,2022-03-23,Standard Class,Consumer,Office Supplies,Art,OFF-AR-10004602,50.0,50.0,2,5,1626
8799,2022-06-24,Standard Class,Home Office,Technology,Phones,TEC-PH-10002555,1170.0,1290.0,5,5,1054
8800,2023-12-09,First Class,Consumer,Technology,Copiers,TEC-CO-10001449,1440.0,1800.0,5,2,1491
8801,2022-03-21,Standard Class,Corporate,Office Supplies,Paper,OFF-PA-10004285,10.0,10.0,2,5,4669
8802,2022-12-01,First Class,Consumer,Technology,Phones,TEC-PH-10000562,200.0,220.0,2,4,276
8803,2023-07-10,First Class,Consumer,Furniture,Bookcases,FUR-BO-10003966,270.0,340.0,2,3,4010
8804,2023-08-25,First Class,Corporate,Technology,Accessories,TEC-AC-10003614,20.0,30.0,3,3,2444
8805,2023-11-30,First Class,Corporate,Office Supplies,Labels,OFF-LA-10003148,20.0,20.0,3,4,3480
8806,2022-11-19,Standard Class,Consumer,Office Supplies,Binders,OFF-BI-10002133,80.0,100.0,3,4,1192
8807,2023-11-06,Standard Class,Corporate,Furniture,Furnishings,FUR-FU-10002813,40.0,40.0,2,4,3662
8808,2023-05-24,Standard Class,Consumer,Office Supplies,Binders,OFF-BI-10004330,30.0,30.0,3,4,2935
8809,2023-08-01,Standard Class,Consumer,Technology,Phones,TEC-PH-10002807,110.0,120.0,5,4,3512
8810,2022-01-04,Standard Class,Consumer,Office Supplies,Labels,OFF-LA-10001404,10.0,10.0,5,2,2835
8811,2022-10-21,Standard Class,Corporate,Office Supplies,Paper,OFF-PA-10004911,30.0,40.0,4,4,635
8812,2022-03-23,Standard Class,Corporate,Office Supplies,Appliances,OFF-AP-10004233,170.0,210.0,3,5,2280
8813,2022-09-29,Standard Class,Corporate,Office Supplies,Art,OFF-AR-10002766,10.0,10.0,5,4,4749
8814,2022-12-30,Standard Class,Corporate,Furniture,Chairs,FUR-CH-10003199,230.0,270.0,3,4,948
8815,2022-12-24,Second Class,Consumer,Technology,Phones,TEC-PH-10003012,280.0,310.0,2,4,2793
8816,2023-03-16,Second Class,Consumer,Office Supplies,Paper,OFF-PA-10001583,30.0,40.0,6,4,964
8817,2023-05-22,Second Class,Consumer,Office Supplies,Art,OFF-AR-10001940,10.0,10.0,4,4,1551
8818,2023-06-19,Second Class,Consumer,Office Supplies,Envelopes,OFF-EN-10003286,20.0,20.0,2,4,4930
8819,2023-08-15,Second Class,Consumer,Office Supplies,Paper,OFF-PA-10003441,40.0,40.0,6,2,3771
8820,2023-02-03,Standard Class,Consumer,Office Supplies,Paper,OFF-PA-10003395,320.0,340.0,4,4,4797
8821,2022-01-21,Standard Class,Consumer,Technology,Copiers,TEC-CO-10003236,880.0,960.0,2,3,1228
8822,2023-02-16,Standard Class,Consumer,Office Supplies,Binders,OFF-BI-10002982,10.0,10.0,2,3,1688
8823,2022-10-28,Standard Class,Consumer,Office Supplies,Art,OFF-AR-10004010,50.0,60.0,2,3,909
8824,2022-02-22,Standard Class,Consumer,Office Supplies,Paper,OFF-PA-10002947,10.0,10.0,2,5,1329
8825,2023-10-07,Second Class,Consumer,Office Supplies,Envelopes,OFF-EN-10003845,10.0,10.0,3,2,3001
8826,2023-01-03,First Class,Consumer,Office Supplies,Labels,OFF-LA-10003190,10.0,10.0,3,5,960
8827,2023-02-26,Second Class,Consumer,Office Supplies,Paper,OFF-PA-10002986,30.0,30.0,5,3,4965
8828,2022-05-06,Second Class,Consumer,Office Supplies,Paper,OFF-PA-10001593,30.0,30.0,7,2,3599
8829,2022-03-03,Standard Class,Corporate,Office Supplies,Paper,OFF-PA-10000528,10.0,10.0,2,5,2399
8830,2023-12-09,First Class,Corporate,Office Supplies,Storage,OFF-ST-10001932,310.0,390.0,2,4,2966
8831,2022-04-05,Second Class,Corporate,Office Supplies,Binders,OFF-BI-10003727,20.0,30.0,10,5,1129
8832,2022-06-04,Standard Class,Home Office,Furniture,Furnishings,FUR-FU-10002759,40.0,40.0,2,2,3584
8833,2023-04-30,Standard Class,Consumer,Office Supplies,Binders,OFF-BI-10000545,1110.0,1220.0,2,3,4626
8834,2022-11-25,Standard Class,Home Office,Office Supplies,Storage,OFF-ST-10004950,20.0,20.0,1,5,21
8835,2023-12-09,Standard Class,Home Office,Technology,Phones,TEC-PH-10003171,80.0,90.0,2,5,4355
8836,2023-07-21,Standard Class,Home Office,Office Supplies,Art,OFF-AR-10000614,10.0,10.0,4,5,1613
8837,2022-09-29,Standard Class,Home Office,Office Supplies,Art,OFF-AR-10000034,10.0,10.0,3,5,3746
8838,2023-08-03,Standard Class,Home Office,Office Supplies,Labels,OFF-LA-10003766,20.0,20.0,5,3,3436
8839,2022-11-21,Second Class,Corporate,Office Supplies,Art,OFF-AR-10001725,60.0,70.0,3,4,17
8840,2022-10-27,Second Class,Corporate,Office Supplies,Binders,OFF-BI-10002794,60.0,70.0,2,4,3845
8841,2022-08-07,Second Class,Corporate,Technology,Accessories,TEC-AC-10004171,260.0,300.0,3,5,4533
8842,2022-03-28,Standard Class,Corporate,Technology,Accessories,TEC-AC-10003628,80.0,90.0,3,4,4549
8843,2022-08-26,Standard Class,Corporate,Technology,Accessories,TEC-AC-10004761,20.0,30.0,2,2,3777
8844,2023-05-26,Second Class,Corporate,Office Supplies,Storage,OFF-ST-10000885,70.0,70.0,5,4,1674
8845,2022-12-15,Standard Class,Consumer,Office Supplies,Binders,OFF-BI-10004209,10.0,10.0,3,2,4276
8846,2023-01-03,Standard Class,Consumer,Office Supplies,Fasteners,OFF-FA-10002988,10.0,10.0,3,5,1377
8847,2022-08-25,Standard Class,Consumer,Office Supplies,Paper,OFF-PA-10002222,80.0,90.0,5,5,1931
8848,2022-08-04,Standard Class,Consumer,Office Supplies,Appliances,OFF-AP-10004487,110.0,130.0,2,2,3494
8849,2022-09-23,First Class,Corporate,Technology,Phones,TEC-PH-10003505,60.0,70.0,1,5,1934
8850,2023-05-19,First Class,Corporate,Furniture,Furnishings,FUR-FU-10000076,150.0,160.0,10,2,912
8851,2022-02-13,First Class,Corporate,Office Supplies,Binders,OFF-BI-10004728,10.0,10.0,2,5,996
8852,2023-01-19,First Class,Corporate,Office Supplies,Paper,OFF-PA-10002250,10.0,10.0,2,3,75
8853,2022-03-19,Second Class,Consumer,Office Supplies,Paper,OFF-PA-10003823,100.0,120.0,4,5,4816
8854,2023-11-10,First Class,Consumer,Office Supplies,Supplies,OFF-SU-10000898,50.0,60.0,5,2,671
8855,2023-11-26,First Class,Consumer,Technology,Accessories,TEC-AC-10003832,590.0,620.0,3,5,2458
8856,2023-01-19,Standard Class,Corporate,Office Supplies,Binders,OFF-BI-10001679,20.0,20.0,3,4,1280
8857,2022-02-25,Standard Class,Corporate,Technology,Accessories,TEC-AC-10002335,170.0,210.0,6,4,1625
8858,2022-07-24,Standard Class,Corporate,Technology,Phones,TEC-PH-10003187,20.0,30.0,2,5,4123
8859,2022-01-25,Standard Class,Corporate,Office Supplies,Binders,OFF-BI-10003527,4060.0,5080.0,5,5,1133
8860,2022-08-06,Standard Class,Home Office,Technology,Phones,TEC-PH-10003171,30.0,40.0,1,3,5036
8861,2023-08-22,Standard Class,Home Office,Office Supplies,Labels,OFF-LA-10000414,20.0,30.0,3,4,331
8862,2023-11-23,Standard Class,Home Office,Furniture,Furnishings,FUR-FU-10002107,10.0,10.0,4,5,2174
8863,2022-03-22,Standard Class,Home Office,Office Supplies,Binders,OFF-BI-10004593,200.0,210.0,4,5,4818
8864,2022-04-29,Standard Class,Home Office,Office Supplies,Appliances,OFF-AP-10003860,90.0,110.0,4,2,3078
8865,2023-01-16,Standard Class,Home Office,Office Supplies,Paper,OFF-PA-10000556,30.0,40.0,6,3,2232
8866,2023-07-09,Standard Class,Consumer,Office Supplies,Appliances,OFF-AP-10003281,30.0,40.0,3,2,2114
8867,2023-03-21,First Class,Consumer,Furniture,Bookcases,FUR-BO-10004218,460.0,490.0,5,5,3658
8868,2022-09-03,First Class,Consumer,Technology,Phones,TEC-PH-10002185,10.0,10.0,2,5,3407
8869,2023-12-25,Standard Class,Consumer,Technology,Machines,TEC-MA-10003176,620.0,690.0,2,5,283
8870,2023-07-22,Standard Class,Corporate,Office Supplies,Binders,OFF-BI-10002003,20.0,20.0,5,3,1550
8871,2022-07-08,Standard Class,Corporate,Furniture,Furnishings,FUR-FU-10000023,60.0,70.0,12,3,972
8872,2023-12-03,Standard Class,Corporate,Office Supplies,Storage,OFF-ST-10002756,460.0,540.0,4,3,214
8873,2022-02-13,Same Day,Consumer,Technology,Machines,TEC-MA-10002694,90.0,100.0,2,4,4223
8874,2022-05-26,Same Day,Consumer,Office Supplies,Binders,OFF-BI-10002429,20.0,20.0,2,4,2082
8875,2023-10-18,Second Class,Consumer,Office Supplies,Binders,OFF-BI-10003684,20.0,20.0,5,4,1729
8876,2022-11-08,Standard Class,Consumer,Office Supplies,Supplies,OFF-SU-10003505,160.0,190.0,2,2,3677
8877,2023-12-14,Standard Class,Consumer,Office Supplies,Appliances,OFF-AP-10002534,60.0,60.0,1,4,1915
8878,2023-05-21,Standard Class,Consumer,Technology,Machines,TEC-MA-10004626,400.0,480.0,4,2,3141
8879,2022-04-07,Standard Class,Consumer,Office Supplies,Storage,OFF-ST-10000615,30.0,30.0,3,5,1542
8880,2023-03-13,First Class,Corporate,Office Supplies,Paper,OFF-PA-10000659,170.0,190.0,11,2,3780
8881,2023-02-07,First Class,Corporate,Technology,Accessories,TEC-AC-10000736,200.0,240.0,3,5,5081
8882,2023-02-08,Second Class,Home Office,Technology,Accessories,TEC-AC-10003038,40.0,50.0,7,4,2878
8883,2023-08-25,Standard Class,Corporate,Technology,Phones,TEC-PH-10004071,20.0,20.0,2,2,2865
8884,2023-01-23,Standard Class,Corporate,Office Supplies,Paper,OFF-PA-10001667,10.0,10.0,3,4,1884
8885,2022-04-04,Standard Class,Corporate,Office Supplies,Binders,OFF-BI-10001982,10.0,10.0,4,4,3451
8886,2022-11-03,Standard Class,Corporate,Office Supplies,Binders,OFF-BI-10004141,10.0,10.0,3,5,583
8887,2023-05-20,Standard Class,Corporate,Office Supplies,Binders,OFF-BI-10002103,20.0,20.0,8,4,3123
8888,2023-02-05,Second Class,Corporate,Office Supplies,Storage,OFF-ST-10002574,250.0,280.0,2,5,4149
8889,2022-04-27,Standard Class,Home Office,Furniture,Furnishings,FUR-FU-10003394,570.0,630.0,9,4,309
8890,2023-08-16,Second Class,Home Office,Technology,Phones,TEC-PH-10003072,370.0,450.0,3,3,273
8891,2022-04-18,Second Class,Home Office,Office Supplies,Appliances,OFF-AP-10003057,1640.0,1930.0,7,4,3178
8892,2023-01-15,First Class,Home Office,Furniture,Chairs,FUR-CH-10001146,100.0,120.0,2,5,2893
8893,2022-04-22,Standard Class,Home Office,Furniture,Chairs,FUR-CH-10003973,2390.0,2680.0,9,5,4973
8894,2023-12-24,Standard Class,Consumer,Furniture,Tables,FUR-TA-10001307,430.0,490.0,2,3,2716
8895,2023-06-24,Standard Class,Consumer,Furniture,Furnishings,FUR-FU-10004071,290.0,310.0,3,3,2274
8896,2022-05-22,Standard Class,Consumer,Office Supplies,Storage,OFF-ST-10001505,20.0,20.0,3,3,845
8897,2023-12-21,Standard Class,Consumer,Technology,Phones,TEC-PH-10004614,150.0,170.0,3,4,941
8898,2022-08-03,Standard Class,Consumer,Office Supplies,Paper,OFF-PA-10004911,40.0,40.0,4,3,2127
8899,2022-04-13,Second Class,Corporate,Technology,Phones,TEC-PH-10003601,440.0,490.0,3,2,228
8900,2022-06-25,Second Class,Corporate,Office Supplies,Labels,OFF-LA-10004545,20.0,30.0,2,5,2565
8901,2022-08-23,Standard Class,Consumer,Furniture,Furnishings,FUR-FU-10001379,20.0,30.0,3,3,4906
8902,2023-03-22,Standard Class,Consumer,Office Supplies,Paper,OFF-PA-10001846,20.0,20.0,4,4,1313
8903,2022-08-03,Standard Class,Consumer,Furniture,Chairs,FUR-CH-10000422,160.0,190.0,3,4,1102
8904,2023-01-16,Standard Class,Consumer,Office Supplies,Paper,OFF-PA-10004621,10.0,10.0,2,4,4106
8905,2023-05-30,Same Day,Home Office,Office Supplies,Labels,OFF-LA-10001474,30.0,30.0,1,5,4908
8906,2023-10-22,Same Day,Home Office,Technology,Accessories,TEC-AC-10001635,30.0,30.0,3,4,3878
8907,2022-01-22,Same Day,Home Office,Office Supplies,Paper,OFF-PA-10001950,70.0,80.0,9,2,252
8908,2023-03-11,First Class,Corporate,Technology,Phones,TEC-PH-10001552,60.0,70.0,7,2,2242
8909,2023-03-08,Standard Class,Corporate,Office Supplies,Paper,OFF-PA-10003790,150.0,180.0,8,3,2157
8910,2023-04-30,Standard Class,Consumer,Office Supplies,Labels,OFF-LA-10002475,20.0,20.0,3,2,2591
8911,2022-11-01,Standard Class,Consumer,Technology,Accessories,TEC-AC-10000303,100.0,100.0,3,3,842
8912,2022-11-15,Standard Class,Consumer,Technology,Phones,TEC-PH-10000127,120.0,140.0,9,3,2142
8913,2022-11-08,Standard Class,Consumer,Office Supplies,Binders,OFF-BI-10004364,10.0,10.0,2,2,3253
8914,2023-08-01,Standard Class,Consumer,Office Supplies,Labels,OFF-LA-10002195,20.0,20.0,2,4,363
8915,2023-12-31,Standard Class,Corporate,Office Supplies,Storage,OFF-ST-10001490,720.0,860.0,6,3,629
8916,2022-01-04,Standard Class,Corporate,Office Supplies,Binders,OFF-BI-10002852,10.0,10.0,4,4,2148
8917,2023-09-10,Standard Class,Corporate,Office Supplies,Appliances,OFF-AP-10000390,50.0,50.0,4,5,5052
8918,2022-11-15,Standard Class,Corporate,Office Supplies,Paper,OFF-PA-10004327,80.0,80.0,2,5,2935
8919,2023-08-23,Standard Class,Corporate,Office Supplies,Binders,OFF-BI-10002353,20.0,20.0,6,5,3546
8920,2023-06-27,Standard Class,Corporate,Furniture,Furnishings,FUR-FU-10003192,150.0,180.0,2,3,624
8921,2022-12-12,Standard Class,Corporate,Technology,Accessories,TEC-AC-10000736,140.0,160.0,2,4,3257
8922,2022-11-08,Standard Class,Corporate,Technology,Phones,TEC-PH-10003095,50.0,50.0,3,2,3828
8923,2023-02-25,Standard Class,Corporate,Furniture,Furnishings,FUR-FU-10002885,10.0,10.0,3,5,587
8924,2023-12-06,Standard Class,Consumer,Office Supplies,Binders,OFF-BI-10001525,10.0,10.0,4,5,4262
8925,2022-07-25,Standard Class,Consumer,Technology,Phones,TEC-PH-10004241,1320.0,1440.0,4,5,1517
8926,2023-04-02,Standard Class,Consumer,Office Supplies,Binders,OFF-BI-10000546,10.0,10.0,3,2,885
8927,2022-06-25,Standard Class,Consumer,Furniture,Tables,FUR-TA-10004256,570.0,630.0,3,4,4148
8928,2022-10-07,Second Class,Corporate,Office Supplies,Art,OFF-AR-10002067,90.0,100.0,5,2,1591
8929,2023-04-27,Standard Class,Consumer,Furniture,Tables,FUR-TA-10000688,570.0,610.0,4,5,1431
8930,2023-03-18,Standard Class,Consumer,Furniture,Tables,FUR-TA-10002530,170.0,210.0,2,5,357
8931,2023-08-19,Standard Class,Consumer,Technology,Phones,TEC-PH-10001061,200.0,240.0,3,2,2091
8932,2022-06-18,Standard Class,Corporate,Furniture,Furnishings,FUR-FU-10001057,80.0,100.0,5,2,4721
8933,2023-11-23,Standard Class,Corporate,Technology,Accessories,TEC-AC-10002331,30.0,30.0,3,2,1358
8934,2023-02-03,Standard Class,Corporate,Furniture,Furnishings,FUR-FU-10003724,20.0,20.0,2,4,2115
8935,2022-09-09,Same Day,Corporate,Office Supplies,Paper,OFF-PA-10000528,10.0,10.0,3,4,3231
8936,2022-10-07,Same Day,Corporate,Technology,Accessories,TEC-AC-10001908,970.0,1120.0,14,4,1028
8937,2022-08-31,Second Class,Consumer,Office Supplies,Art,OFF-AR-10003903,170.0,200.0,5,3,1837
8938,2023-08-30,Second Class,Consumer,Technology,Phones,TEC-PH-10004908,130.0,140.0,2,4,3161
8939,2023-11-08,Second Class,Consumer,Office Supplies,Art,OFF-AR-10001940,20.0,20.0,5,2,4474
8940,2022-02-16,Second Class,Consumer,Office Supplies,Binders,OFF-BI-10002026,80.0,90.0,2,4,2319
8941,2022-06-06,Second Class,Consumer,Office Supplies,Supplies,OFF-SU-10003936,10.0,10.0,3,3,3295
8942,2023-04-24,First Class,Consumer,Office Supplies,Binders,OFF-BI-10002813,10.0,10.0,7,5,1749
8943,2023-10-02,First Class,Consumer,Technology,Machines,TEC-MA-10003337,150.0,180.0,3,5,3592
8944,2023-04-01,Standard Class,Consumer,Furniture,Chairs,FUR-CH-10001545,200.0,240.0,3,2,1481
8945,2022-04-22,First Class,Home Office,Office Supplies,Paper,OFF-PA-10000062,150.0,160.0,3,5,1543
8946,2022-01-05,Second Class,Corporate,Office Supplies,Supplies,OFF-SU-10001574,10.0,10.0,3,2,2572
8947,2022-04-01,Standard Class,Corporate,Office Supplies,Paper,OFF-PA-10001972,20.0,20.0,3,3,2712
8948,2023-12-07,Standard Class,Corporate,Office Supplies,Binders,OFF-BI-10000201,10.0,10.0,5,4,3317
8949,2023-07-04,First Class,Consumer,Office Supplies,Appliances,OFF-AP-10003278,10.0,10.0,1,3,1609
8950,2023-08-20,Standard Class,Consumer,Furniture,Tables,FUR-TA-10002903,820.0,930.0,6,5,4233
8951,2022-05-24,Standard Class,Consumer,Technology,Accessories,TEC-AC-10001013,50.0,50.0,2,5,1995
8952,2022-07-09,Standard Class,Consumer,Office Supplies,Storage,OFF-ST-10000918,30.0,30.0,3,2,3875
8953,2022-01-20,Standard Class,Consumer,Office Supplies,Art,OFF-AR-10001419,20.0,20.0,7,5,1326
8954,2022-12-08,Standard Class,Consumer,Office Supplies,Appliances,OFF-AP-10003266,60.0,60.0,5,3,115
8955,2022-05-11,Second Class,Consumer,Furniture,Bookcases,FUR-BO-10000468,130.0,160.0,4,3,1680
8956,2023-03-11,Standard Class,Corporate,Office Supplies,Paper,OFF-PA-10004610,10.0,10.0,2,3,1767
8957,2022-04-27,First Class,Consumer,Furniture,Furnishings,FUR-FU-10004963,20.0,20.0,3,4,1507
8958,2022-06-21,First Class,Consumer,Technology,Machines,TEC-MA-10004626,110.0,120.0,2,2,4460
8959,2022-10-08,Standard Class,Consumer,Technology,Phones,TEC-PH-10003437,270.0,300.0,5,2,3240
8960,2023-03-26,Standard Class,Consumer,Office Supplies,Appliances,OFF-AP-10002867,60.0,70.0,5,3,4873
8961,2022-10-18,Standard Class,Consumer,Furniture,Chairs,FUR-CH-10002126,760.0,850.0,5,5,3023
8962,2023-02-26,Standard Class,Consumer,Office Supplies,Art,OFF-AR-10001761,20.0,20.0,4,2,3611
8963,2023-07-20,First Class,Consumer,Furniture,Furnishings,FUR-FU-10004665,220.0,270.0,2,3,1314
8964,2023-11-18,First Class,Consumer,Technology,Accessories,TEC-AC-10000057,90.0,90.0,3,4,1373
8965,2023-06-24,First Class,Consumer,Furniture,Furnishings,FUR-FU-10003806,620.0,760.0,5,4,4432
8966,2023-07-03,Standard Class,Consumer,Office Supplies,Binders,OFF-BI-10000145,10.0,10.0,2,4,2931
8967,2023-08-06,Standard Class,Home Office,Technology,Accessories,TEC-AC-10000892,60.0,70.0,1,3,3803
8968,2023-05-17,Standard Class,Home Office,Furniture,Chairs,FUR-CH-10004886,380.0,470.0,7,3,2162
8969,2023-07-25,First Class,Consumer,Office Supplies,Storage,OFF-ST-10002554,30.0,40.0,1,5,3501
8970,2023-09-04,Standard Class,Corporate,Office Supplies,Art,OFF-AR-10001662,20.0,20.0,9,4,4692
8971,2023-11-16,Standard Class,Corporate,Technology,Phones,TEC-PH-10004531,130.0,150.0,2,3,152
8972,2023-06-13,Standard Class,Consumer,Furniture,Chairs,FUR-CH-10000665,250.0,270.0,2,5,3315
8973,2022-01-04,First Class,Consumer,Technology,Accessories,TEC-AC-10003023,40.0,50.0,1,3,2028
8974,2023-04-28,Second Class,Consumer,Furniture,Bookcases,FUR-BO-10004709,320.0,340.0,7,5,4363
8975,2022-10-02,First Class,Corporate,Office Supplies,Paper,OFF-PA-10000477,40.0,40.0,7,4,4577
8976,2023-04-01,First Class,Corporate,Office Supplies,Paper,OFF-PA-10002923,70.0,80.0,2,2,5000
8977,2022-03-17,First Class,Corporate,Furniture,Tables,FUR-TA-10003008,120.0,130.0,1,4,3357
8978,2023-07-21,First Class,Corporate,Office Supplies,Binders,OFF-BI-10003707,10.0,10.0,2,2,1890
8979,2022-11-18,Second Class,Corporate,Office Supplies,Binders,OFF-BI-10000546,10.0,10.0,2,5,1606
8980,2023-11-03,Second Class,Consumer,Office Supplies,Binders,OFF-BI-10000404,10.0,10.0,1,2,4850
8981,2023-07-14,Second Class,Consumer,Office Supplies,Binders,OFF-BI-10001196,10.0,10.0,2,4,4763
8982,2023-06-10,Standard Class,Consumer,Office Supplies,Appliances,OFF-AP-10001626,10.0,10.0,3,3,3216
8983,2022-08-26,Standard Class,Consumer,Office Supplies,Binders,OFF-BI-10004656,10.0,10.0,4,5,239
8984,2022-11-27,Standard Class,Consumer,Furniture,Furnishings,FUR-FU-10003773,140.0,160.0,5,4,2905
8985,2023-10-05,Standard Class,Consumer,Furniture,Tables,FUR-TA-10000849,130.0,150.0,2,3,966
8986,2023-08-02,Standard Class,Consumer,Furniture,Furnishings,FUR-FU-10000222,70.0,80.0,3,4,4669
8987,2023-07-25,Standard Class,Consumer,Office Supplies,Binders,OFF-BI-10001718,80.0,100.0,5,2,2817
8988,2023-06-26,Standard Class,Consumer,Technology,Phones,TEC-PH-10001700,90.0,110.0,2,5,483
8989,2023-04-05,Standard Class,Consumer,Office Supplies,Art,OFF-AR-10004078,10.0,10.0,2,2,2449
8990,2022-01-29,Standard Class,Corporate,Furniture,Furnishings,FUR-FU-10003026,10.0,10.0,2,5,2316
8991,2023-09-14,Standard Class,Corporate,Technology,Copiers,TEC-CO-10003763,4360.0,4900.0,7,3,1011
8992,2022-02-15,Standard Class,Home Office,Technology,Accessories,TEC-AC-10004708,90.0,100.0,5,5,3572
8993,2022-10-29,Standard Class,Corporate,Technology,Accessories,TEC-AC-10003499,20.0,20.0,2,3,1316
8994,2022-03-22,Standard Class,Corporate,Furniture,Tables,FUR-TA-10001950,1670.0,1880.0,7,4,3357
8995,2023-07-13,First Class,Consumer,Office Supplies,Paper,OFF-PA-10000312,80.0,90.0,5,5,47
8996,2022-03-28,First Class,Consumer,Office Supplies,Appliances,OFF-AP-10004708,130.0,150.0,5,5,2886
8997,2022-01-07,First Class,Consumer,Technology,Phones,TEC-PH-10004531,30.0,40.0,2,4,4241
8998,2023-02-08,Same Day,Consumer,Office Supplies,Paper,OFF-PA-10000474,50.0,60.0,2,2,2090
8999,2022-07-15,Same Day,Consumer,Office Supplies,Paper,OFF-PA-10002377,230.0,270.0,7,4,84
9000,2023-10-03,Standard Class,Home Office,Furniture,Chairs,FUR-CH-10001482,410.0,460.0,5,4,4349
9001,2023-02-18,Same Day,Consumer,Office Supplies,Binders,OFF-BI-10001553,10.0,10.0,3,4,689
9002,2023-11-21,Standard Class,Corporate,Technology,Accessories,TEC-AC-10000199,10.0,10.0,1,5,4217
9003,2022-05-09,Standard Class,Corporate,Office Supplies,Paper,OFF-PA-10002195,20.0,20.0,3,5,3569
9004,2022-03-14,Same Day,Consumer,Technology,Accessories,TEC-AC-10001767,220.0,240.0,6,2,1701
9005,2022-05-13,Same Day,Consumer,Office Supplies,Art,OFF-AR-10002467,20.0,20.0,8,2,2506
9006,2023-08-15,Same Day,Corporate,Office Supplies,Storage,OFF-ST-10001321,80.0,90.0,6,5,3201
9007,2023-01-22,Same Day,Corporate,Office Supplies,Storage,OFF-ST-10000777,30.0,40.0,1,5,358
9008,2023-04-21,Same Day,Corporate,Office Supplies,Labels,OFF-LA-10003720,10.0,10.0,2,4,765
9009,2022-09-09,Same Day,Corporate,Furniture,Furnishings,FUR-FU-10000206,10.0,10.0,2,4,3667
9010,2023-12-10,Standard Class,Consumer,Office Supplies,Paper,OFF-PA-10000791,25.0,25.0,1,4,4937
9011,2022-02-25,Standard Class,Corporate,Office Supplies,Binders,OFF-BI-10001787,30.0,30.0,4,5,4490
9012,2022-09-20,First Class,Home Office,Technology,Accessories,TEC-AC-10004353,90.0,100.0,2,2,4217
9013,2022-05-25,First Class,Corporate,Furniture,Furnishings,FUR-FU-10001861,110.0,140.0,7,2,643
9014,2023-10-20,Standard Class,Corporate,Office Supplies,Art,OFF-AR-10002766,10.0,10.0,5,5,4656
9015,2023-09-01,Standard Class,Corporate,Office Supplies,Envelopes,OFF-EN-10003072,20.0,20.0,5,4,1181
9016,2022-10-25,Standard Class,Corporate,Office Supplies,Binders,OFF-BI-10001636,10.0,10.0,2,3,4270
9017,2022-07-19,Standard Class,Corporate,Office Supplies,Binders,OFF-BI-10000948,10.0,10.0,1,4,670
9018,2022-09-03,Second Class,Consumer,Office Supplies,Paper,OFF-PA-10001838,20.0,20.0,3,2,1919
9019,2022-07-06,Second Class,Consumer,Office Supplies,Binders,OFF-BI-10002215,20.0,20.0,3,3,4067
9020,2022-07-01,Second Class,Consumer,Technology,Accessories,TEC-AC-10001314,90.0,100.0,2,5,976
9021,2023-09-06,Second Class,Consumer,Furniture,Furnishings,FUR-FU-10002268,30.0,30.0,6,2,1932
9022,2023-11-27,Standard Class,Corporate,Office Supplies,Binders,OFF-BI-10002133,160.0,170.0,13,3,3432
9023,2022-04-05,First Class,Home Office,Furniture,Furnishings,FUR-FU-10001979,80.0,100.0,3,4,4328
9024,2023-06-03,First Class,Consumer,Furniture,Chairs,FUR-CH-10001482,110.0,120.0,1,4,3782
9025,2022-03-17,Standard Class,Corporate,Technology,Accessories,TEC-AC-10002018,20.0,20.0,3,5,2208
9026,2023-08-10,Standard Class,Corporate,Technology,Accessories,TEC-AC-10000397,110.0,140.0,4,5,2144
9027,2022-08-14,Standard Class,Corporate,Furniture,Furnishings,FUR-FU-10003976,30.0,40.0,3,4,3044
9028,2022-09-12,Standard Class,Consumer,Furniture,Furnishings,FUR-FU-10002597,10.0,10.0,3,2,2319
9029,2023-06-12,Standard Class,Consumer,Furniture,Furnishings,FUR-FU-10004864,160.0,190.0,3,3,3435
9030,2023-09-30,Standard Class,Consumer,Office Supplies,Binders,OFF-BI-10002103,10.0,10.0,2,3,4671
9031,2022-05-13,Same Day,Corporate,Office Supplies,Appliances,OFF-AP-10001005,270.0,310.0,4,4,1812
9032,2022-11-30,Same Day,Corporate,Furniture,Tables,FUR-TA-10002607,240.0,280.0,4,3,3841
9033,2023-01-04,Standard Class,Home Office,Furniture,Chairs,FUR-CH-10000454,460.0,490.0,2,4,3479
9034,2022-05-28,Standard Class,Consumer,Office Supplies,Binders,OFF-BI-10001359,1450.0,1790.0,2,4,3745
9035,2022-12-09,Standard Class,Consumer,Office Supplies,Binders,OFF-BI-10003196,10.0,10.0,4,5,1542
9036,2022-12-15,Standard Class,Consumer,Technology,Accessories,TEC-AC-10003657,100.0,110.0,4,5,3286
9037,2022-04-29,First Class,Consumer,Office Supplies,Paper,OFF-PA-10002262,30.0,30.0,4,4,344
9038,2023-04-02,First Class,Consumer,Office Supplies,Storage,OFF-ST-10002214,20.0,20.0,2,5,635
9039,2022-04-16,Same Day,Consumer,Technology,Phones,TEC-PH-10003555,50.0,60.0,3,2,3564
9040,2023-02-25,Standard Class,Consumer,Office Supplies,Binders,OFF-BI-10000545,8410.0,9890.0,13,5,1024
9041,2023-11-30,Standard Class,Corporate,Furniture,Tables,FUR-TA-10004607,60.0,70.0,1,5,992
9042,2023-11-11,Standard Class,Consumer,Furniture,Furnishings,FUR-FU-10000277,270.0,340.0,4,5,1910
9043,2022-06-04,Second Class,Corporate,Office Supplies,Appliances,OFF-AP-10004532,60.0,60.0,3,5,1151
9044,2023-08-02,Standard Class,Corporate,Technology,Accessories,TEC-AC-10003911,450.0,480.0,3,2,5096
9045,2022-01-26,Second Class,Corporate,Office Supplies,Binders,OFF-BI-10003196,10.0,10.0,2,2,3273
9046,2023-08-12,Second Class,Corporate,Technology,Accessories,TEC-AC-10000358,160.0,190.0,5,2,4793
9047,2023-07-28,Second Class,Corporate,Technology,Accessories,TEC-AC-10000057,140.0,150.0,5,4,4228
9048,2023-08-24,Second Class,Corporate,Office Supplies,Art,OFF-AR-10001988,30.0,30.0,5,4,4527
9049,2023-01-08,Second Class,Corporate,Office Supplies,Labels,OFF-LA-10003498,30.0,40.0,3,3,2909
9050,2022-07-09,Standard Class,Home Office,Office Supplies,Art,OFF-AR-10002956,60.0,70.0,3,4,52
9051,2023-01-06,Standard Class,Corporate,Office Supplies,Paper,OFF-PA-10003724,10.0,10.0,2,5,286
9052,2023-03-30,Second Class,Corporate,Office Supplies,Art,OFF-AR-10004272,10.0,10.0,2,3,2161
9053,2023-12-22,Second Class,Corporate,Office Supplies,Binders,OFF-BI-10003291,30.0,30.0,4,3,1003
9054,2023-11-12,Second Class,Corporate,Technology,Phones,TEC-PH-10004100,30.0,30.0,2,5,4781
9055,2023-06-14,Standard Class,Consumer,Office Supplies,Supplies,OFF-SU-10001218,20.0,20.0,2,4,840
9056,2023-12-05,Second Class,Consumer,Technology,Accessories,TEC-AC-10004209,20.0,20.0,2,2,2011
9057,2022-02-07,First Class,Home Office,Furniture,Chairs,FUR-CH-10002073,2100.0,2620.0,11,2,4943
9058,2023-03-08,Standard Class,Consumer,Furniture,Furnishings,FUR-FU-10003424,60.0,70.0,7,4,5096
9059,2022-08-13,Standard Class,Consumer,Furniture,Tables,FUR-TA-10001086,310.0,360.0,3,5,2301
9060,2022-12-17,Standard Class,Corporate,Furniture,Tables,FUR-TA-10004619,940.0,1120.0,7,4,2616
9061,2022-01-06,First Class,Corporate,Office Supplies,Binders,OFF-BI-10002854,80.0,90.0,4,2,2748
9062,2023-02-15,First Class,Corporate,Office Supplies,Labels,OFF-LA-10002762,40.0,50.0,4,4,1836
9063,2023-08-14,Standard Class,Corporate,Office Supplies,Fasteners,OFF-FA-10003495,30.0,40.0,6,5,4428
9064,2023-06-26,Standard Class,Consumer,Office Supplies,Paper,OFF-PA-10002581,290.0,320.0,13,3,3721
9065,2023-02-18,Standard Class,Consumer,Office Supplies,Binders,OFF-BI-10000343,10.0,10.0,3,3,2419
9066,2023-05-02,Standard Class,Consumer,Office Supplies,Paper,OFF-PA-10001184,20.0,20.0,4,4,4808
9067,2023-07-23,Standard Class,Consumer,Technology,Accessories,TEC-AC-10000521,20.0,20.0,2,5,699
9068,2023-09-29,Standard Class,Consumer,Technology,Phones,TEC-PH-10002890,70.0,90.0,2,5,2864
9069,2023-12-05,Second Class,Consumer,Furniture,Chairs,FUR-CH-10003061,180.0,220.0,3,2,2622
9070,2022-07-22,Second Class,Consumer,Office Supplies,Envelopes,OFF-EN-10003567,60.0,70.0,3,4,859
9071,2022-06-01,First Class,Corporate,Furniture,Furnishings,FUR-FU-10001918,10.0,10.0,3,3,4930
9072,2022-04-19,Standard Class,Home Office,Office Supplies,Storage,OFF-ST-10002444,20.0,20.0,2,5,3379
9073,2023-10-19,Standard Class,Consumer,Office Supplies,Envelopes,OFF-EN-10003286,20.0,20.0,2,5,1862
9074,2022-05-27,Standard Class,Consumer,Technology,Accessories,TEC-AC-10000109,240.0,280.0,5,3,1920
9075,2023-08-29,Standard Class,Corporate,Office Supplies,Storage,OFF-ST-10002574,700.0,830.0,6,5,3309
9076,2022-09-17,First Class,Consumer,Office Supplies,Binders,OFF-BI-10000773,10.0,10.0,3,2,1896
9077,2023-05-28,First Class,Consumer,Office Supplies,Supplies,OFF-SU-10004661,30.0,30.0,4,5,34
9078,2022-04-06,Standard Class,Corporate,Technology,Accessories,TEC-AC-10003280,70.0,90.0,3,4,4538
9079,2022-08-29,Standard Class,Consumer,Furniture,Furnishings,FUR-FU-10003773,280.0,320.0,4,4,628
9080,2022-08-03,Standard Class,Consumer,Office Supplies,Binders,OFF-BI-10002412,10.0,10.0,1,3,248
9081,2023-12-13,Second Class,Corporate,Technology,Phones,TEC-PH-10002564,130.0,140.0,6,5,3507
9082,2022-03-09,Second Class,Corporate,Office Supplies,Paper,OFF-PA-10002262,20.0,20.0,3,3,2792
9083,2023-06-19,Standard Class,Consumer,Office Supplies,Art,OFF-AR-10000246,10.0,10.0,2,5,560
9084,2022-10-09,First Class,Corporate,Office Supplies,Storage,OFF-ST-10002554,140.0,150.0,3,4,4448
9085,2022-10-17,First Class,Corporate,Office Supplies,Paper,OFF-PA-10002751,30.0,30.0,5,5,4817
9086,2022-09-27,Second Class,Consumer,Office Supplies,Binders,OFF-BI-10004318,270.0,280.0,2,2,4662
9087,2022-01-05,Standard Class,Corporate,Office Supplies,Appliances,OFF-AP-10001564,80.0,90.0,2,4,4498
9088,2023-10-17,Standard Class,Corporate,Furniture,Chairs,FUR-CH-10000513,370.0,450.0,5,4,1043
9089,2022-06-20,Standard Class,Corporate,Technology,Phones,TEC-PH-10001433,240.0,250.0,3,4,4809
9090,2023-09-15,Second Class,Consumer,Office Supplies,Storage,OFF-ST-10002790,280.0,300.0,5,2,1541
9091,2023-08-25,First Class,Consumer,Office Supplies,Storage,OFF-ST-10002974,330.0,350.0,8,2,4502
9092,2023-08-02,Second Class,Corporate,Office Supplies,Paper,OFF-PA-10003177,20.0,20.0,3,3,1562
9093,2022-05-19,Second Class,Corporate,Furniture,Bookcases,FUR-BO-10001918,440.0,480.0,6,5,3460
9094,2022-01-21,Standard Class,Consumer,Technology,Phones,TEC-PH-10001299,250.0,300.0,2,3,1080
9095,2022-12-31,Standard Class,Consumer,Office Supplies,Binders,OFF-BI-10004224,330.0,400.0,6,3,3676
9096,2023-04-20,Standard Class,Consumer,Technology,Phones,TEC-PH-10001300,30.0,40.0,2,3,4270
9097,2023-12-16,Standard Class,Consumer,Office Supplies,Labels,OFF-LA-10004178,30.0,30.0,7,5,1911
9098,2023-07-18,Standard Class,Consumer,Office Supplies,Paper,OFF-PA-10000289,30.0,30.0,5,4,4907
9099,2022-06-29,Standard Class,Home Office,Technology,Phones,TEC-PH-10002085,350.0,370.0,7,2,4872
9100,2022-02-21,Standard Class,Home Office,Office Supplies,Paper,OFF-PA-10001934,10.0,10.0,2,4,4784
9101,2022-01-02,Standard Class,Home Office,Technology,Accessories,TEC-AC-10003033,750.0,790.0,3,3,4834
9102,2022-08-22,Standard Class,Consumer,Office Supplies,Art,OFF-AR-10001683,20.0,20.0,3,3,420
9103,2023-08-04,Standard Class,Consumer,Office Supplies,Storage,OFF-ST-10001713,70.0,80.0,2,5,4540
9104,2023-12-22,Standard Class,Consumer,Furniture,Furnishings,FUR-FU-10000193,50.0,60.0,5,5,2835
9105,2022-10-13,Standard Class,Consumer,Office Supplies,Binders,OFF-BI-10000474,30.0,30.0,10,2,3869
9106,2022-09-04,Standard Class,Consumer,Office Supplies,Storage,OFF-ST-10000129,150.0,180.0,2,3,4142
9107,2022-07-22,Standard Class,Consumer,Technology,Machines,TEC-MA-10001016,250.0,290.0,3,4,1927
9108,2022-04-27,First Class,Corporate,Office Supplies,Supplies,OFF-SU-10002557,20.0,20.0,2,5,66
9109,2022-09-04,First Class,Corporate,Office Supplies,Paper,OFF-PA-10002160,30.0,30.0,7,5,3219
9110,2023-10-22,First Class,Corporate,Technology,Accessories,TEC-AC-10003095,180.0,210.0,2,5,3882
9111,2023-06-13,First Class,Home Office,Office Supplies,Envelopes,OFF-EN-10003160,40.0,40.0,5,4,1753
9112,2023-09-26,First Class,Home Office,Technology,Accessories,TEC-AC-10001542,20.0,20.0,2,2,2841
9113,2022-09-09,First Class,Home Office,Office Supplies,Storage,OFF-ST-10003641,290.0,320.0,4,3,856
9114,2023-03-13,First Class,Home Office,Office Supplies,Binders,OFF-BI-10002432,20.0,20.0,3,3,3742
9115,2022-08-07,Second Class,Corporate,Technology,Phones,TEC-PH-10004094,580.0,620.0,5,4,239
9116,2022-10-11,Second Class,Consumer,Technology,Phones,TEC-PH-10001817,410.0,430.0,2,4,1828
9117,2023-04-14,Second Class,Consumer,Furniture,Furnishings,FUR-FU-10002759,30.0,30.0,2,4,3135
9118,2023-01-13,Second Class,Consumer,Furniture,Chairs,FUR-CH-10000309,850.0,890.0,3,2,4856
9119,2023-08-03,Second Class,Consumer,Office Supplies,Paper,OFF-PA-10003673,20.0,20.0,4,4,22
9120,2022-07-01,Standard Class,Home Office,Office Supplies,Labels,OFF-LA-10000452,20.0,20.0,7,2,2900
9121,2022-06-25,Standard Class,Home Office,Office Supplies,Paper,OFF-PA-10000210,90.0,100.0,5,2,322
9122,2022-04-09,Second Class,Corporate,Office Supplies,Appliances,OFF-AP-10000358,90.0,90.0,7,5,4926
9123,2023-11-18,Same Day,Consumer,Office Supplies,Paper,OFF-PA-10002137,10.0,10.0,1,3,5008
9124,2023-01-17,Second Class,Consumer,Office Supplies,Binders,OFF-BI-10003364,70.0,80.0,9,3,4911
9125,2023-04-15,Second Class,Home Office,Furniture,Furnishings,FUR-FU-10001940,10.0,10.0,3,5,1078
9126,2023-04-30,Second Class,Home Office,Furniture,Furnishings,FUR-FU-10000320,10.0,10.0,4,4,2262
9127,2023-09-12,Standard Class,Home Office,Office Supplies,Art,OFF-AR-10004441,10.0,10.0,2,4,283
9128,2022-08-14,Standard Class,Consumer,Office Supplies,Storage,OFF-ST-10002182,40.0,50.0,3,4,957
9129,2023-05-14,First Class,Corporate,Office Supplies,Binders,OFF-BI-10002931,80.0,90.0,7,3,877
9130,2022-05-26,Second Class,Consumer,Furniture,Bookcases,FUR-BO-10004357,290.0,300.0,3,4,1423
9131,2022-04-07,Second Class,Consumer,Office Supplies,Art,OFF-AR-10000475,20.0,20.0,2,3,4857
9132,2023-05-31,Standard Class,Corporate,Furniture,Furnishings,FUR-FU-10001473,30.0,30.0,2,4,108
9133,2022-09-08,Standard Class,Corporate,Office Supplies,Appliances,OFF-AP-10001469,120.0,130.0,3,2,4665
9134,2023-08-27,Standard Class,Home Office,Technology,Phones,TEC-PH-10004447,490.0,560.0,5,2,4697
9135,2023-12-19,Standard Class,Corporate,Office Supplies,Storage,OFF-ST-10001469,120.0,130.0,3,2,3348
9136,2022-03-14,Standard Class,Corporate,Office Supplies,Storage,OFF-ST-10000060,40.0,50.0,1,5,479
9137,2022-05-19,Standard Class,Corporate,Office Supplies,Paper,OFF-PA-10000807,10.0,10.0,3,3,2106
9138,2022-01-29,Standard Class,Consumer,Office Supplies,Binders,OFF-BI-10000666,20.0,20.0,2,2,715
9139,2023-05-30,Standard Class,Consumer,Technology,Phones,TEC-PH-10002890,150.0,180.0,5,4,2408
9140,2023-05-06,Standard Class,Consumer,Technology,Accessories,TEC-AC-10000844,440.0,480.0,7,5,10
9141,2022-01-27,Second Class,Home Office,Technology,Accessories,TEC-AC-10002402,150.0,160.0,2,3,3090
9142,2022-09-21,First Class,Corporate,Technology,Phones,TEC-PH-10003988,30.0,40.0,4,3,4473
9143,2023-06-19,Standard Class,Consumer,Office Supplies,Binders,OFF-BI-10004040,10.0,10.0,2,4,2493
9144,2022-09-12,Standard Class,Consumer,Technology,Phones,TEC-PH-10004094,1030.0,1120.0,9,5,1529
9145,2023-09-18,Standard Class,Consumer,Office Supplies,Appliances,OFF-AP-10000358,60.0,60.0,5,3,2689
9146,2022-06-10,Standard Class,Consumer,Office Supplies,Binders,OFF-BI-10000138,10.0,10.0,3,2,1460
9147,2023-09-22,Standard Class,Corporate,Technology,Accessories,TEC-AC-10002926,80.0,100.0,2,3,1212
9148,2022-03-24,Standard Class,Corporate,Office Supplies,Art,OFF-AR-10003477,10.0,10.0,6,2,1286
9149,2023-08-13,Standard Class,Corporate,Office Supplies,Storage,OFF-ST-10001526,1330.0,1560.0,13,2,3875
9150,2023-12-29,Standard Class,Corporate,Office Supplies,Binders,OFF-BI-10001765,120.0,140.0,4,3,4708
9151,2022-03-09,Standard Class,Corporate,Office Supplies,Appliances,OFF-AP-10004859,60.0,70.0,5,4,2783
9152,2022-04-23,Second Class,Consumer,Office Supplies,Art,OFF-AR-10003179,10.0,10.0,2,2,2152
9153,2023-10-19,Second Class,Consumer,Technology,Accessories,TEC-AC-10002345,20.0,20.0,2,3,832
9154,2022-08-14,Second Class,Consumer,Office Supplies,Art,OFF-AR-10001246,20.0,20.0,7,4,2360
9155,2022-03-18,Second Class,Consumer,Furniture,Furnishings,FUR-FU-10004864,20.0,20.0,2,2,4808
9156,2023-10-13,Standard Class,Consumer,Office Supplies,Paper,OFF-PA-10001804,30.0,40.0,6,4,47
9157,2022-07-25,Standard Class,Corporate,Office Supplies,Appliances,OFF-AP-10001271,90.0,100.0,2,3,4822
9158,2022-09-05,Standard Class,Corporate,Office Supplies,Paper,OFF-PA-10004353,240.0,260.0,13,3,3018
9159,2023-07-28,Standard Class,Corporate,Technology,Accessories,TEC-AC-10002473,240.0,260.0,9,5,2255
9160,2023-06-29,Standard Class,Home Office,Office Supplies,Binders,OFF-BI-10003314,10.0,10.0,3,3,2089
9161,2023-09-14,Standard Class,Home Office,Office Supplies,Binders,OFF-BI-10004465,10.0,10.0,5,5,2365
9162,2023-05-03,Standard Class,Consumer,Furniture,Bookcases,FUR-BO-10003450,380.0,410.0,7,5,1217
9163,2022-10-29,Standard Class,Consumer,Furniture,Chairs,FUR-CH-10002335,560.0,680.0,3,3,2458
9164,2023-07-20,Standard Class,Consumer,Technology,Accessories,TEC-AC-10003433,,,3,2,3235
9165,2023-04-14,Standard Class,Consumer,Office Supplies,Appliances,OFF-AP-10003849,130.0,140.0,2,4,2220
9166,2022-03-24,Second Class,Consumer,Technology,Machines,TEC-MA-10000984,3670.0,4480.0,4,4,4915
9167,2022-05-16,Second Class,Consumer,Office Supplies,Paper,OFF-PA-10000418,90.0,100.0,1,5,4632
9168,2023-10-09,Second Class,Consumer,Office Supplies,Appliances,OFF-AP-10001242,200.0,240.0,3,3,121
9169,2023-01-17,Standard Class,Home Office,Office Supplies,Paper,OFF-PA-10001954,290.0,320.0,14,5,272
9170,2022-07-05,Standard Class,Home Office,Office Supplies,Paper,OFF-PA-10001954,40.0,50.0,2,4,3445
9171,2022-01-19,Same Day,Home Office,Furniture,Furnishings,FUR-FU-10000448,20.0,30.0,2,5,4602
9172,2022-01-18,Same Day,Home Office,Office Supplies,Paper,OFF-PA-10001357,40.0,50.0,1,3,3729
9173,2022-08-02,Same Day,Home Office,Office Supplies,Storage,OFF-ST-10002292,1040.0,1110.0,3,3,1219
9174,2022-04-25,Same Day,Home Office,Office Supplies,Envelopes,OFF-EN-10001219,20.0,20.0,3,4,2539
9175,2022-04-26,Second Class,Consumer,Technology,Phones,TEC-PH-10002564,60.0,70.0,3,3,3802
9176,2023-10-16,Second Class,Consumer,Office Supplies,Paper,OFF-PA-10001639,20.0,20.0,3,3,1979
9177,2022-03-02,Standard Class,Corporate,Office Supplies,Binders,OFF-BI-10001153,30.0,30.0,3,2,480
9178,2023-02-25,Standard Class,Consumer,Technology,Phones,TEC-PH-10003356,10.0,10.0,2,4,3182
9179,2022-09-15,Standard Class,Consumer,Office Supplies,Art,OFF-AR-10001725,20.0,20.0,1,3,4241
9180,2022-09-01,Standard Class,Consumer,Technology,Phones,TEC-PH-10002415,600.0,710.0,3,5,2395
9181,2023-06-29,Standard Class,Consumer,Office Supplies,Binders,OFF-BI-10003355,10.0,10.0,3,5,4785
9182,2023-09-09,Standard Class,Consumer,Office Supplies,Binders,OFF-BI-10000216,30.0,30.0,3,5,4667
9183,2023-11-04,Standard Class,Consumer,Technology,Accessories,TEC-AC-10004803,60.0,60.0,4,4,3194
9184,2022-01-02,Standard Class,Consumer,Office Supplies,Paper,OFF-PA-10001970,20.0,20.0,2,4,4535
9185,2023-12-26,Standard Class,Consumer,Furniture,Furnishings,FUR-FU-10004848,40.0,50.0,1,3,3532
9186,2023-01-30,Standard Class,Consumer,Furniture,Chairs,FUR-CH-10002317,180.0,210.0,1,4,4123
9187,2022-01-21,Standard Class,Consumer,Office Supplies,Appliances,OFF-AP-10002534,1310.0,1470.0,5,4,1709
9188,2022-08-31,Standard Class,Home Office,Office Supplies,Supplies,OFF-SU-10001935,10.0,10.0,2,4,1740
9189,2023-11-27,Standard Class,Home Office,Technology,Accessories,TEC-AC-10000290,20.0,20.0,4,5,3774
9190,2022-12-31,Standard Class,Home Office,Office Supplies,Storage,OFF-ST-10002574,630.0,660.0,6,5,485
9191,2023-03-26,Standard Class,Home Office,Office Supplies,Binders,OFF-BI-10004519,90.0,100.0,2,5,3049
9192,2023-12-14,Standard Class,Home Office,Office Supplies,Paper,OFF-PA-10003625,40.0,50.0,2,2,3355
9193,2022-05-21,Standard Class,Corporate,Office Supplies,Binders,OFF-BI-10001524,20.0,30.0,7,3,4212
9194,2022-04-05,Standard Class,Corporate,Technology,Phones,TEC-PH-10002200,290.0,340.0,2,5,2018
9195,2023-08-20,Standard Class,Consumer,Office Supplies,Supplies,OFF-SU-10001664,40.0,50.0,7,4,296
9196,2023-08-27,Standard Class,Consumer,Technology,Accessories,TEC-AC-10002550,90.0,100.0,4,2,278
9197,2022-09-10,Standard Class,Consumer,Office Supplies,Paper,OFF-PA-10004353,30.0,40.0,2,2,4861
9198,2023-12-25,Standard Class,Consumer,Technology,Phones,TEC-PH-10001817,1320.0,1430.0,5,2,2794
9199,2022-10-07,Standard Class,Consumer,Office Supplies,Supplies,OFF-SU-10004737,30.0,40.0,6,3,620
9200,2023-04-18,Standard Class,Consumer,Furniture,Chairs,FUR-CH-10002320,250.0,260.0,1,5,2994
9201,2023-04-02,First Class,Consumer,Furniture,Bookcases,FUR-BO-10001337,110.0,120.0,1,3,2377
9202,2023-09-07,First Class,Consumer,Office Supplies,Binders,OFF-BI-10004584,280.0,320.0,1,4,4162
9203,2022-10-13,Standard Class,Corporate,Office Supplies,Binders,OFF-BI-10004817,30.0,30.0,3,2,2774
9204,2023-09-20,Standard Class,Corporate,Office Supplies,Art,OFF-AR-10004602,90.0,110.0,5,4,781
9205,2023-07-13,Standard Class,Corporate,Office Supplies,Art,OFF-AR-10001149,20.0,20.0,8,5,415
9206,2022-06-16,Same Day,Consumer,Office Supplies,Art,OFF-AR-10004817,20.0,20.0,3,5,3221
9207,2022-07-09,Same Day,Consumer,Office Supplies,Paper,OFF-PA-10003797,40.0,50.0,8,2,4988
9208,2022-01-04,Standard Class,Consumer,Technology,Accessories,TEC-AC-10000682,40.0,40.0,3,3,1243
9209,2022-06-12,Second Class,Corporate,Office Supplies,Storage,OFF-ST-10003996,20.0,20.0,1,4,3488
9210,2022-01-16,Second Class,Home Office,Office Supplies,Envelopes,OFF-EN-10003160,10.0,10.0,1,2,1904
9211,2023-11-27,Second Class,Home Office,Office Supplies,Binders,OFF-BI-10002012,10.0,10.0,3,2,3734
9212,2022-11-01,Standard Class,Consumer,Office Supplies,Paper,OFF-PA-10002105,20.0,20.0,3,4,1822
9213,2022-02-24,Standard Class,Corporate,Furniture,Furnishings,FUR-FU-10000397,40.0,40.0,2,5,681
9214,2022-09-07,Standard Class,Corporate,Furniture,Furnishings,FUR-FU-10000758,70.0,80.0,3,5,518
9215,2023-09-04,First Class,Corporate,Office Supplies,Labels,OFF-LA-10004677,20.0,20.0,7,4,4746
9216,2022-06-25,Standard Class,Corporate,Office Supplies,Paper,OFF-PA-10004451,30.0,30.0,5,5,4391
9217,2022-10-11,Standard Class,Corporate,Office Supplies,Appliances,OFF-AP-10002311,10.0,10.0,1,4,4521
9218,2023-02-15,First Class,Home Office,Office Supplies,Envelopes,OFF-EN-10004459,20.0,20.0,2,3,2216
9219,2023-07-03,Standard Class,Consumer,Office Supplies,Storage,OFF-ST-10002352,30.0,40.0,7,3,239
9220,2022-08-10,Standard Class,Consumer,Furniture,Bookcases,FUR-BO-10000780,270.0,300.0,3,3,2702
9221,2023-04-29,First Class,Consumer,Office Supplies,Labels,OFF-LA-10000248,10.0,10.0,3,2,4839
9222,2023-01-26,First Class,Consumer,Furniture,Tables,FUR-TA-10003473,1280.0,1500.0,4,3,4184
9223,2023-06-27,First Class,Consumer,Office Supplies,Paper,OFF-PA-10004355,20.0,30.0,4,2,3485
9224,2022-01-19,Same Day,Home Office,Office Supplies,Binders,OFF-BI-10001308,10.0,10.0,6,4,4565
9225,2023-06-20,Same Day,Home Office,Office Supplies,Binders,OFF-BI-10003094,10.0,10.0,2,5,345
9226,2022-01-03,Same Day,Home Office,Office Supplies,Binders,OFF-BI-10004040,10.0,10.0,4,5,4563
9227,2022-12-11,Same Day,Home Office,Office Supplies,Storage,OFF-ST-10002485,40.0,50.0,3,5,1681
9228,2023-07-18,Standard Class,Corporate,Office Supplies,Appliances,OFF-AP-10001205,350.0,380.0,7,2,3494
9229,2023-03-19,Same Day,Home Office,Office Supplies,Art,OFF-AR-10001868,10.0,10.0,4,2,916
9230,2023-07-22,First Class,Consumer,Office Supplies,Binders,OFF-BI-10003429,20.0,20.0,3,2,617
9231,2022-08-23,First Class,Consumer,Office Supplies,Paper,OFF-PA-10002689,50.0,60.0,9,5,908
9232,2023-09-10,Standard Class,Consumer,Office Supplies,Binders,OFF-BI-10003650,830.0,950.0,6,5,5061
9233,2022-10-30,Standard Class,Consumer,Furniture,Furnishings,FUR-FU-10001889,70.0,90.0,9,5,329
9234,2022-11-10,Standard Class,Consumer,Office Supplies,Storage,OFF-ST-10000321,20.0,20.0,3,3,4009
9235,2023-02-17,Standard Class,Consumer,Technology,Phones,TEC-PH-10001530,900.0,1090.0,4,5,102
9236,2022-05-19,Standard Class,Consumer,Office Supplies,Art,OFF-AR-10004752,20.0,20.0,7,2,285
9237,2022-10-04,Standard Class,Consumer,Furniture,Tables,FUR-TA-10001539,460.0,570.0,3,3,1664
9238,2022-07-09,Standard Class,Consumer,Office Supplies,Binders,OFF-BI-10001553,10.0,10.0,1,5,496
9239,2023-12-02,First Class,Consumer,Furniture,Furnishings,FUR-FU-10003601,130.0,150.0,2,5,3683
9240,2023-08-24,Standard Class,Corporate,Office Supplies,Paper,OFF-PA-10001685,50.0,60.0,7,5,2367
9241,2023-02-22,Standard Class,Corporate,Office Supplies,Binders,OFF-BI-10001097,10.0,10.0,3,4,2939
9242,2023-07-06,Standard Class,Corporate,Office Supplies,Art,OFF-AR-10001662,10.0,10.0,3,5,3888
9243,2023-05-18,Standard Class,Home Office,Office Supplies,Binders,OFF-BI-10002609,10.0,10.0,6,5,2425
9244,2023-09-05,Standard Class,Home Office,Furniture,Bookcases,FUR-BO-10004218,110.0,120.0,1,3,5005
9245,2022-02-26,Standard Class,Home Office,Office Supplies,Art,OFF-AR-10003251,10.0,10.0,2,2,3608
9246,2023-10-30,Standard Class,Home Office,Office Supplies,Paper,OFF-PA-10002365,30.0,30.0,5,2,3692
9247,2023-06-23,Standard Class,Home Office,Office Supplies,Art,OFF-AR-10003651,10.0,10.0,3,3,5021
9248,2022-09-06,Standard Class,Home Office,Office Supplies,Art,OFF-AR-10003732,10.0,10.0,1,5,4508
9249,2023-04-27,Standard Class,Consumer,Office Supplies,Binders,OFF-BI-10002557,10.0,10.0,1,3,2991
9250,2022-03-28,Standard Class,Consumer,Technology,Phones,TEC-PH-10003691,830.0,880.0,7,2,2096
9251,2022-02-06,Standard Class,Corporate,Office Supplies,Binders,OFF-BI-10001107,100.0,120.0,8,5,832
9252,2023-01-20,Standard Class,Corporate,Office Supplies,Binders,OFF-BI-10004224,100.0,110.0,2,3,1662
9253,2022-02-13,Second Class,Consumer,Technology,Accessories,TEC-AC-10001114,190.0,200.0,5,3,4348
9254,2022-04-21,Second Class,Consumer,Office Supplies,Paper,OFF-PA-10002005,10.0,10.0,2,4,4508
9255,2023-01-17,Second Class,Consumer,Furniture,Chairs,FUR-CH-10001146,60.0,60.0,1,3,3693
9256,2023-09-06,Second Class,Consumer,Office Supplies,Labels,OFF-LA-10004853,10.0,10.0,3,3,1793
9257,2022-06-24,Second Class,Consumer,Office Supplies,Binders,OFF-BI-10004728,10.0,10.0,2,4,4265
9258,2022-11-27,Second Class,Consumer,Furniture,Furnishings,FUR-FU-10002298,280.0,330.0,3,4,1301
9259,2023-09-09,Second Class,Consumer,Office Supplies,Binders,OFF-BI-10004654,50.0,50.0,3,4,1673
9260,2022-08-26,Second Class,Consumer,Office Supplies,Storage,OFF-ST-10002583,50.0,60.0,2,3,1747
9261,2022-08-19,Second Class,Consumer,Office Supplies,Supplies,OFF-SU-10004661,30.0,30.0,3,4,1019
9262,2022-02-08,Same Day,Home Office,Furniture,Chairs,FUR-CH-10003061,200.0,220.0,3,5,762
9263,2023-02-18,Standard Class,Consumer,Furniture,Chairs,FUR-CH-10000513,370.0,390.0,3,3,4805
9264,2022-04-01,Standard Class,Consumer,Office Supplies,Appliances,OFF-AP-10002191,230.0,270.0,5,3,3239
9265,2023-01-22,Standard Class,Corporate,Office Supplies,Binders,OFF-BI-10000216,10.0,10.0,3,4,1884
9266,2023-07-15,Standard Class,Corporate,Office Supplies,Envelopes,OFF-EN-10003448,60.0,60.0,7,5,755
9267,2022-04-19,First Class,Home Office,Furniture,Furnishings,FUR-FU-10002111,10.0,10.0,2,4,2054
9268,2022-06-05,Same Day,Consumer,Furniture,Chairs,FUR-CH-10001545,90.0,100.0,1,5,4134
9269,2022-01-16,Same Day,Consumer,Office Supplies,Paper,OFF-PA-10002947,20.0,20.0,3,2,4639
9270,2023-04-27,Standard Class,Consumer,Office Supplies,Binders,OFF-BI-10003476,20.0,30.0,7,5,298
9271,2022-03-07,Standard Class,Consumer,Office Supplies,Binders,OFF-BI-10001359,3840.0,4310.0,6,3,783
9272,2022-06-07,Standard Class,Corporate,Furniture,Furnishings,FUR-FU-10000320,10.0,10.0,3,4,1522
9273,2023-01-29,Standard Class,Corporate,Technology,Phones,TEC-PH-10001835,550.0,630.0,4,5,306
9274,2022-04-21,Standard Class,Consumer,Office Supplies,Binders,OFF-BI-10003650,1340.0,1580.0,3,4,4826
9275,2022-12-22,Same Day,Corporate,Office Supplies,Art,OFF-AR-10000937,240.0,260.0,7,3,3202
9276,2022-04-09,Second Class,Corporate,Office Supplies,Storage,OFF-ST-10000532,150.0,180.0,6,5,4569
9277,2023-07-14,Second Class,Corporate,Technology,Accessories,TEC-AC-10001267,50.0,50.0,2,5,4134
9278,2022-05-18,Standard Class,Consumer,Office Supplies,Labels,OFF-LA-10004853,20.0,20.0,4,4,2384
9279,2023-11-02,Standard Class,Consumer,Office Supplies,Binders,OFF-BI-10001759,10.0,10.0,7,5,762
9280,2023-02-08,Standard Class,Consumer,Furniture,Chairs,FUR-CH-10003379,340.0,400.0,2,5,736
9281,2022-09-30,Standard Class,Home Office,Furniture,Bookcases,FUR-BO-10002853,150.0,160.0,2,2,4213
9282,2022-03-19,Standard Class,Consumer,Office Supplies,Appliances,OFF-AP-10000027,60.0,70.0,5,4,4580
9283,2022-07-17,Standard Class,Consumer,Office Supplies,Paper,OFF-PA-10002421,70.0,70.0,4,5,224
9284,2023-09-12,Second Class,Consumer,Office Supplies,Labels,OFF-LA-10002475,10.0,10.0,2,3,3333
9285,2023-09-12,Standard Class,Corporate,Furniture,Chairs,FUR-CH-10001482,340.0,390.0,3,5,3705
9286,2022-05-07,First Class,Consumer,Furniture,Furnishings,FUR-FU-10000087,20.0,20.0,1,3,863
9287,2022-01-07,Standard Class,Home Office,Office Supplies,Binders,OFF-BI-10003166,10.0,10.0,3,3,2201
9288,2023-08-05,Standard Class,Home Office,Furniture,Tables,FUR-TA-10000688,400.0,460.0,3,4,869
9289,2023-04-05,First Class,Consumer,Furniture,Chairs,FUR-CH-10003981,890.0,1080.0,6,4,1670
9290,2023-10-04,Second Class,Home Office,Office Supplies,Paper,OFF-PA-10001878,50.0,50.0,1,2,2880
9291,2022-08-02,First Class,Consumer,Office Supplies,Art,OFF-AR-10002375,10.0,10.0,3,5,3709
9292,2023-02-17,First Class,Consumer,Office Supplies,Binders,OFF-BI-10004965,30.0,30.0,3,3,191
9293,2022-08-24,Same Day,Corporate,Office Supplies,Binders,OFF-BI-10004022,10.0,10.0,1,2,1919
9294,2023-12-12,Second Class,Consumer,Office Supplies,Binders,OFF-BI-10000050,40.0,40.0,6,3,3751
9295,2022-10-01,Standard Class,Corporate,Office Supplies,Paper,OFF-PA-10002464,10.0,10.0,3,2,2599
9296,2022-06-18,Standard Class,Corporate,Furniture,Bookcases,FUR-BO-10004709,100.0,120.0,4,3,2352
9297,2023-11-11,Second Class,Corporate,Technology,Accessories,TEC-AC-10003590,40.0,40.0,2,3,4874
9298,2023-02-21,Second Class,Corporate,Technology,Phones,TEC-PH-10003357,190.0,240.0,4,4,4505
9299,2023-05-05,Second Class,Corporate,Office Supplies,Art,OFF-AR-10003373,60.0,70.0,3,2,2269
9300,2023-04-27,Second Class,Corporate,Office Supplies,Binders,OFF-BI-10003676,20.0,20.0,2,4,4282
9301,2023-11-25,Second Class,Corporate,Furniture,Chairs,FUR-CH-10000225,50.0,60.0,1,5,493
9302,2023-04-22,Second Class,Corporate,Technology,Phones,TEC-PH-10001870,90.0,100.0,2,3,3884
9303,2022-01-03,Second Class,Corporate,Office Supplies,Art,OFF-AR-10003481,10.0,10.0,3,5,3005
9304,2022-11-10,Second Class,Corporate,Office Supplies,Paper,OFF-PA-10003936,20.0,20.0,3,2,1494
9305,2022-10-20,Second Class,Corporate,Office Supplies,Binders,OFF-BI-10000320,20.0,20.0,1,4,1211
9306,2023-07-20,Standard Class,Home Office,Office Supplies,Art,OFF-AR-10001972,10.0,10.0,5,4,2856
9307,2023-12-20,Standard Class,Consumer,Office Supplies,Art,OFF-AR-10003829,10.0,10.0,2,3,1046
9308,2022-05-27,Standard Class,Consumer,Office Supplies,Art,OFF-AR-10003338,10.0,10.0,2,3,2889
9309,2022-09-12,Standard Class,Consumer,Technology,Accessories,TEC-AC-10002558,40.0,50.0,4,5,2048
9310,2023-03-28,Standard Class,Consumer,Office Supplies,Art,OFF-AR-10000034,30.0,30.0,6,5,2561
9311,2022-06-03,Standard Class,Corporate,Office Supplies,Binders,OFF-BI-10001510,130.0,150.0,8,2,544
9312,2022-11-22,Standard Class,Consumer,Office Supplies,Labels,OFF-LA-10000134,10.0,10.0,2,2,3467
9313,2022-12-28,Standard Class,Consumer,Office Supplies,Art,OFF-AR-10000588,50.0,60.0,4,4,3316
9314,2023-11-17,Same Day,Corporate,Office Supplies,Storage,OFF-ST-10003282,340.0,420.0,7,4,2069
9315,2022-07-04,Same Day,Corporate,Office Supplies,Appliances,OFF-AP-10002311,110.0,120.0,2,4,759
9316,2023-10-21,Standard Class,Consumer,Technology,Phones,TEC-PH-10000141,100.0,120.0,3,5,3774
9317,2023-11-17,Standard Class,Consumer,Office Supplies,Supplies,OFF-SU-10000646,620.0,770.0,4,2,2393
9318,2022-03-26,Standard Class,Consumer,Technology,Accessories,TEC-AC-10002076,40.0,50.0,1,5,3308
9319,2022-09-28,Standard Class,Corporate,Office Supplies,Paper,OFF-PA-10000743,10.0,10.0,2,3,2863
9320,2022-11-27,Standard Class,Corporate,Furniture,Chairs,FUR-CH-10002780,150.0,160.0,2,3,643
9321,2023-05-04,Standard Class,Corporate,Furniture,Furnishings,FUR-FU-10000747,160.0,180.0,4,4,1628
9322,2023-02-26,Standard Class,Consumer,Furniture,Furnishings,FUR-FU-10002445,10.0,10.0,3,2,4678
9323,2022-10-22,Standard Class,Consumer,Furniture,Furnishings,FUR-FU-10000723,60.0,70.0,4,3,1088
9324,2023-10-27,Standard Class,Consumer,Office Supplies,Paper,OFF-PA-10003641,200.0,210.0,8,5,4373
9325,2023-05-29,Standard Class,Consumer,Furniture,Chairs,FUR-CH-10003973,480.0,590.0,2,2,4948
9326,2022-09-28,Standard Class,Consumer,Office Supplies,Binders,OFF-BI-10000977,60.0,70.0,3,3,900
9327,2022-04-06,First Class,Consumer,Furniture,Furnishings,FUR-FU-10004053,70.0,80.0,4,3,1675
9328,2022-12-18,First Class,Consumer,Technology,Phones,TEC-PH-10002033,400.0,460.0,2,5,1906
9329,2022-07-30,First Class,Consumer,Office Supplies,Art,OFF-AR-10004260,30.0,30.0,1,2,1674
9330,2022-02-08,First Class,Consumer,Office Supplies,Appliances,OFF-AP-10004655,40.0,50.0,4,5,933
9331,2022-02-24,Standard Class,Consumer,Office Supplies,Envelopes,OFF-EN-10001539,20.0,20.0,2,5,2852
9332,2023-09-02,Standard Class,Corporate,Technology,Phones,TEC-PH-10001817,710.0,860.0,3,3,4664
9333,2023-12-08,Second Class,Consumer,Office Supplies,Appliances,OFF-AP-10002578,170.0,200.0,4,3,2841
9334,2023-11-24,Second Class,Consumer,Office Supplies,Fasteners,OFF-FA-10000992,10.0,10.0,4,3,1599
9335,2022-04-13,First Class,Consumer,Furniture,Bookcases,FUR-BO-10001798,290.0,310.0,3,2,2518
9336,2023-08-05,First Class,Consumer,Office Supplies,Labels,OFF-LA-10004409,10.0,10.0,2,4,2422
9337,2023-01-12,Standard Class,Corporate,Office Supplies,Fasteners,OFF-FA-10000621,20.0,20.0,5,3,1206
9338,2023-11-20,Second Class,Corporate,Office Supplies,Binders,OFF-BI-10003196,10.0,10.0,1,5,2409
9339,2022-11-14,Second Class,Corporate,Office Supplies,Binders,OFF-BI-10003727,20.0,20.0,6,2,1477
9340,2023-05-16,Second Class,Corporate,Office Supplies,Paper,OFF-PA-10003228,140.0,150.0,3,5,3107
9341,2023-07-13,Second Class,Corporate,Office Supplies,Labels,OFF-LA-10002787,20.0,20.0,5,4,4952
9342,2022-08-17,Second Class,Corporate,Technology,Phones,TEC-PH-10001305,110.0,120.0,3,3,4222
9343,2023-09-12,Standard Class,Home Office,Office Supplies,Binders,OFF-BI-10001036,40.0,50.0,7,5,4978
9344,2022-09-07,First Class,Home Office,Furniture,Tables,FUR-TA-10001086,400.0,460.0,5,5,2362
9345,2023-09-12,First Class,Home Office,Office Supplies,Binders,OFF-BI-10001525,10.0,10.0,5,2,3610
9346,2023-03-12,First Class,Home Office,Technology,Phones,TEC-PH-10000526,50.0,60.0,1,5,3034
9347,2022-07-03,First Class,Home Office,Furniture,Furnishings,FUR-FU-10004973,20.0,30.0,2,2,1517
9348,2022-07-10,First Class,Home Office,Furniture,Chairs,FUR-CH-10003981,750.0,900.0,5,4,2648
9349,2023-01-07,Standard Class,Consumer,Furniture,Furnishings,FUR-FU-10000277,760.0,840.0,8,2,4037
9350,2023-12-16,Standard Class,Consumer,Furniture,Furnishings,FUR-FU-10001934,30.0,40.0,2,2,2265
9351,2022-09-16,Standard Class,Corporate,Office Supplies,Binders,OFF-BI-10004970,10.0,10.0,4,2,2271
9352,2023-02-28,Standard Class,Corporate,Furniture,Chairs,FUR-CH-10003396,150.0,180.0,3,3,2559
9353,2022-05-01,First Class,Consumer,Furniture,Chairs,FUR-CH-10003973,430.0,520.0,2,2,1508
9354,2023-11-29,First Class,Consumer,Office Supplies,Paper,OFF-PA-10002109,10.0,10.0,3,5,2926
9355,2022-06-21,Standard Class,Home Office,Office Supplies,Paper,OFF-PA-10001826,20.0,20.0,3,4,2584
9356,2023-11-13,Standard Class,Home Office,Office Supplies,Art,OFF-AR-10000823,10.0,10.0,2,2,1081
9357,2023-11-26,Standard Class,Home Office,Office Supplies,Paper,OFF-PA-10001776,20.0,20.0,2,4,4153
9358,2023-09-01,Second Class,Corporate,Office Supplies,Binders,OFF-BI-10003676,40.0,40.0,5,3,778
9359,2022-11-03,Second Class,Corporate,Furniture,Tables,FUR-TA-10001095,260.0,310.0,3,3,403
9360,2023-10-25,Second Class,Corporate,Furniture,Furnishings,FUR-FU-10000747,40.0,50.0,1,2,4588
9361,2023-04-01,Second Class,Corporate,Office Supplies,Storage,OFF-ST-10004337,360.0,430.0,7,3,489
9362,2023-08-10,Standard Class,Home Office,Office Supplies,Binders,OFF-BI-10004410,30.0,30.0,6,2,4092
9363,2022-09-01,Standard Class,Home Office,Office Supplies,Fasteners,OFF-FA-10004838,10.0,10.0,7,2,4098
9364,2022-08-01,Standard Class,Home Office,Furniture,Furnishings,FUR-FU-10002364,20.0,20.0,3,4,2200
9365,2022-03-05,Standard Class,Home Office,Office Supplies,Storage,OFF-ST-10001809,340.0,360.0,4,5,36
9366,2022-08-13,First Class,Consumer,Office Supplies,Paper,OFF-PA-10001846,10.0,10.0,2,2,94
9367,2022-06-03,Standard Class,Consumer,Office Supplies,Binders,OFF-BI-10003876,70.0,70.0,2,2,5083
9368,2023-07-11,Standard Class,Consumer,Office Supplies,Storage,OFF-ST-10003470,1580.0,1680.0,6,5,2549
9369,2022-07-28,First Class,Corporate,Office Supplies,Paper,OFF-PA-10004243,40.0,40.0,2,4,541
9370,2023-10-30,Second Class,Corporate,Furniture,Chairs,FUR-CH-10000422,250.0,270.0,3,2,945
9371,2022-10-16,First Class,Corporate,Furniture,Furnishings,FUR-FU-10002506,40.0,40.0,4,4,3204
9372,2023-01-25,First Class,Corporate,Furniture,Chairs,FUR-CH-10000863,290.0,320.0,3,2,2828
9373,2023-02-07,First Class,Corporate,Office Supplies,Fasteners,OFF-FA-10002988,10.0,10.0,5,2,3232
9374,2022-11-18,Standard Class,Consumer,Technology,Phones,TEC-PH-10003437,370.0,420.0,7,5,2585
9375,2022-04-24,Standard Class,Corporate,Office Supplies,Supplies,OFF-SU-10002537,60.0,60.0,6,3,2953
9376,2023-07-19,Second Class,Consumer,Technology,Accessories,TEC-AC-10003063,40.0,50.0,2,4,177
9377,2022-12-20,Standard Class,Consumer,Technology,Accessories,TEC-AC-10003237,20.0,30.0,3,5,4950
9378,2023-08-05,Standard Class,Corporate,Office Supplies,Storage,OFF-ST-10001031,20.0,30.0,2,4,3333
9379,2022-07-07,Standard Class,Consumer,Office Supplies,Envelopes,OFF-EN-10001535,10.0,10.0,2,4,3003
9380,2023-10-23,Second Class,Consumer,Office Supplies,Paper,OFF-PA-10001295,40.0,50.0,3,2,297
9381,2022-02-15,Second Class,Consumer,Furniture,Chairs,FUR-CH-10004698,50.0,60.0,1,5,1955
9382,2023-12-23,Second Class,Consumer,Office Supplies,Storage,OFF-ST-10000078,340.0,420.0,2,4,4481
9383,2023-01-21,Second Class,Consumer,Office Supplies,Art,OFF-AR-10001868,10.0,10.0,1,2,4786
9384,2022-07-06,Second Class,Consumer,Office Supplies,Storage,OFF-ST-10004950,60.0,80.0,5,5,4909
9385,2023-12-19,Standard Class,Home Office,Office Supplies,Paper,OFF-PA-10003441,30.0,30.0,4,4,3674
9386,2023-02-19,Standard Class,Consumer,Furniture,Furnishings,FUR-FU-10004973,100.0,120.0,8,2,4457
9387,2022-11-14,Standard Class,Consumer,Office Supplies,Paper,OFF-PA-10000157,70.0,80.0,4,5,3340
9388,2022-06-02,Standard Class,Consumer,Office Supplies,Paper,OFF-PA-10001970,10.0,10.0,1,5,4956
9389,2022-05-08,Standard Class,Consumer,Office Supplies,Appliances,OFF-AP-10000828,460.0,540.0,3,4,4742
9390,2022-04-12,Standard Class,Consumer,Office Supplies,Envelopes,OFF-EN-10001509,10.0,10.0,1,2,3513
9391,2022-02-26,Standard Class,Home Office,Office Supplies,Storage,OFF-ST-10003692,220.0,230.0,5,3,1716
9392,2023-06-29,First Class,Corporate,Technology,Phones,TEC-PH-10004700,10.0,10.0,1,4,3793
9393,2022-01-29,Same Day,Corporate,Furniture,Chairs,FUR-CH-10000422,520.0,580.0,8,2,303
9394,2023-09-09,First Class,Consumer,Technology,Phones,TEC-PH-10003484,540.0,630.0,5,2,3421
9395,2023-01-15,First Class,Consumer,Furniture,Chairs,FUR-CH-10001394,500.0,630.0,2,5,328
9396,2022-11-01,First Class,Consumer,Furniture,Bookcases,FUR-BO-10002213,740.0,800.0,2,2,3794
9397,2022-09-29,First Class,Consumer,Office Supplies,Labels,OFF-LA-10002762,60.0,80.0,6,3,2297
9398,2022-10-29,First Class,Consumer,Office Supplies,Appliances,OFF-AP-10003842,20.0,30.0,1,5,4908
9399,2023-04-20,First Class,Consumer,Technology,Phones,TEC-PH-10003072,1150.0,1350.0,9,5,4308
9400,2022-05-21,Standard Class,Consumer,Office Supplies,Art,OFF-AR-10003394,10.0,10.0,6,3,1441
9401,2022-11-22,Standard Class,Consumer,Office Supplies,Envelopes,OFF-EN-10001539,30.0,30.0,4,5,2504
9402,2022-10-17,Standard Class,Consumer,Furniture,Furnishings,FUR-FU-10001731,10.0,10.0,2,2,4473
9403,2023-03-01,Second Class,Consumer,Furniture,Tables,FUR-TA-10001095,180.0,210.0,2,4,4829
9404,2022-06-12,Second Class,Consumer,Office Supplies,Storage,OFF-ST-10000078,1370.0,1590.0,6,5,4096
9405,2022-04-02,Standard Class,Corporate,Office Supplies,Fasteners,OFF-FA-10004076,10.0,10.0,5,2,1746
9406,2023-03-26,First Class,Home Office,Technology,Machines,TEC-MA-10003626,530.0,570.0,2,4,1407
9407,2023-07-29,First Class,Home Office,Office Supplies,Paper,OFF-PA-10001215,10.0,10.0,2,5,2217
9408,2022-01-24,Second Class,Consumer,Technology,Accessories,TEC-AC-10002842,970.0,1070.0,9,5,969
9409,2023-10-05,Second Class,Consumer,Furniture,Furnishings,FUR-FU-10004864,10.0,10.0,1,3,1216
9410,2022-08-23,First Class,Consumer,Office Supplies,Binders,OFF-BI-10000014,20.0,20.0,1,4,199
9411,2022-02-12,First Class,Consumer,Furniture,Furnishings,FUR-FU-10001475,80.0,90.0,5,5,817
9412,2023-03-15,Second Class,Corporate,Office Supplies,Storage,OFF-ST-10001272,90.0,100.0,1,3,4865
9413,2022-12-01,First Class,Consumer,Furniture,Chairs,FUR-CH-10002024,2380.0,2800.0,5,5,4710
9414,2023-07-20,First Class,Corporate,Office Supplies,Binders,OFF-BI-10004001,10.0,10.0,2,3,93
9415,2023-05-16,Standard Class,Consumer,Technology,Phones,TEC-PH-10004094,210.0,250.0,2,5,1193
9416,2023-06-16,Standard Class,Consumer,Office Supplies,Paper,OFF-PA-10001184,20.0,20.0,3,4,2580
9417,2022-08-25,Standard Class,Consumer,Furniture,Furnishings,FUR-FU-10002505,10.0,10.0,3,5,1359
9418,2023-10-28,Standard Class,Home Office,Office Supplies,Paper,OFF-PA-10001166,10.0,10.0,2,4,4928
9419,2022-09-19,Standard Class,Home Office,Office Supplies,Paper,OFF-PA-10000349,10.0,10.0,3,2,642
9420,2022-08-03,Second Class,Corporate,Office Supplies,Appliances,OFF-AP-10004708,20.0,20.0,2,3,4651
9421,2022-08-11,Second Class,Corporate,Office Supplies,Appliances,OFF-AP-10001947,20.0,20.0,6,4,5044
9422,2022-06-15,Standard Class,Corporate,Technology,Phones,TEC-PH-10000441,500.0,600.0,6,5,3464
9423,2022-11-20,Standard Class,Corporate,Office Supplies,Supplies,OFF-SU-10004664,30.0,40.0,5,2,1408
9424,2022-03-21,Standard Class,Corporate,Technology,Phones,TEC-PH-10004531,260.0,300.0,3,2,910
9425,2023-03-10,Standard Class,Corporate,Technology,Accessories,TEC-AC-10002167,40.0,50.0,3,2,1038
9426,2023-09-18,Second Class,Consumer,Furniture,Chairs,FUR-CH-10002024,3180.0,3790.0,6,5,117
9427,2023-03-26,Standard Class,Consumer,Office Supplies,Art,OFF-AR-10002445,30.0,40.0,5,2,2823
9428,2022-06-29,Standard Class,Corporate,Furniture,Furnishings,FUR-FU-10003268,170.0,200.0,5,2,4128
9429,2022-10-18,Standard Class,Corporate,Furniture,Chairs,FUR-CH-10000015,970.0,1210.0,8,3,4954
9430,2023-02-06,Standard Class,Corporate,Technology,Phones,TEC-PH-10004165,880.0,1100.0,5,4,3555
9431,2023-11-06,Standard Class,Corporate,Furniture,Tables,FUR-TA-10004607,90.0,100.0,1,3,2579
9432,2022-05-06,Same Day,Home Office,Office Supplies,Labels,OFF-LA-10004677,10.0,10.0,2,5,1951
9433,2022-08-09,Standard Class,Consumer,Technology,Accessories,TEC-AC-10002217,30.0,30.0,2,2,3531
9434,2023-05-20,Standard Class,Consumer,Office Supplies,Paper,OFF-PA-10001937,40.0,40.0,7,3,3349
9435,2023-05-15,Standard Class,Consumer,Office Supplies,Art,OFF-AR-10000203,10.0,10.0,3,4,1773
9436,2023-03-16,Standard Class,Consumer,Technology,Accessories,TEC-AC-10001142,230.0,250.0,4,2,1057
9437,2022-03-28,Same Day,Consumer,Office Supplies,Binders,OFF-BI-10003712,10.0,10.0,2,4,279
9438,2023-07-09,Standard Class,Consumer,Office Supplies,Paper,OFF-PA-10000520,10.0,10.0,2,2,1027
9439,2023-04-21,Standard Class,Consumer,Technology,Phones,TEC-PH-10001079,240.0,290.0,4,5,3591
9440,2023-06-29,Standard Class,Corporate,Office Supplies,Supplies,OFF-SU-10000898,20.0,20.0,2,4,283
9441,2022-04-29,Standard Class,Consumer,Office Supplies,Paper,OFF-PA-10001471,10.0,10.0,2,4,1128
9442,2022-01-17,Second Class,Consumer,Office Supplies,Appliances,OFF-AP-10003281,40.0,50.0,5,4,2389
9443,2023-11-20,Standard Class,Home Office,Office Supplies,Art,OFF-AR-10003156,20.0,20.0,2,5,2473
9444,2023-11-11,Standard Class,Home Office,Technology,Phones,TEC-PH-10000576,200.0,220.0,2,4,2427
9445,2023-08-21,First Class,Corporate,Technology,Phones,TEC-PH-10003215,90.0,100.0,4,4,168
9446,2022-11-03,Standard Class,Consumer,Office Supplies,Labels,OFF-LA-10004484,10.0,10.0,3,3,3402
9447,2022-01-14,Standard Class,Consumer,Office Supplies,Paper,OFF-PA-10002245,30.0,40.0,6,5,1578
9448,2023-05-04,Standard Class,Consumer,Furniture,Furnishings,FUR-FU-10003664,390.0,480.0,5,4,1639
9449,2023-02-17,Standard Class,Home Office,Office Supplies,Labels,OFF-LA-10002195,10.0,10.0,4,4,5082
9450,2023-01-31,Standard Class,Consumer,Office Supplies,Binders,OFF-BI-10000822,10.0,10.0,2,2,4540
9451,2022-04-22,Standard Class,Home Office,Office Supplies,Storage,OFF-ST-10004963,110.0,140.0,9,2,1417
9452,2022-06-20,Standard Class,Corporate,Office Supplies,Appliances,OFF-AP-10002495,160.0,190.0,3,5,2182
9453,2022-03-26,Standard Class,Corporate,Office Supplies,Binders,OFF-BI-10004001,70.0,80.0,6,3,3620
9454,2022-01-21,Standard Class,Corporate,Office Supplies,Supplies,OFF-SU-10004884,40.0,50.0,3,3,2296
9455,2023-11-04,Standard Class,Corporate,Technology,Phones,TEC-PH-10003555,40.0,40.0,2,3,3316
9456,2023-01-12,Second Class,Home Office,Technology,Machines,TEC-MA-10003493,70.0,90.0,1,4,3880
9457,2023-10-29,Standard Class,Corporate,Technology,Accessories,TEC-AC-10002380,20.0,30.0,3,5,296
9458,2022-09-22,Standard Class,Corporate,Office Supplies,Binders,OFF-BI-10004209,10.0,10.0,5,4,1457
9459,2022-05-18,Standard Class,Consumer,Office Supplies,Art,OFF-AR-10002135,130.0,140.0,3,2,2326
9460,2023-10-01,Standard Class,Consumer,Technology,Phones,TEC-PH-10002583,20.0,20.0,1,5,4452
9461,2022-10-01,Second Class,Home Office,Office Supplies,Paper,OFF-PA-10003591,30.0,30.0,3,2,210
9462,2022-12-20,Standard Class,Home Office,Technology,Phones,TEC-PH-10004922,280.0,320.0,6,4,1347
9463,2023-04-12,Second Class,Corporate,Furniture,Chairs,FUR-CH-10001854,600.0,700.0,2,2,1539
9464,2022-03-26,First Class,Consumer,Office Supplies,Art,OFF-AR-10003560,20.0,20.0,4,3,1868
9465,2023-01-15,Standard Class,Consumer,Office Supplies,Labels,OFF-LA-10004409,20.0,20.0,6,2,512
9466,2023-06-06,Standard Class,Corporate,Furniture,Furnishings,FUR-FU-10000448,30.0,30.0,2,5,4195
9467,2023-05-10,Second Class,Consumer,Office Supplies,Binders,OFF-BI-10002735,140.0,160.0,6,2,1191
9468,2022-07-31,Second Class,Consumer,Furniture,Tables,FUR-TA-10003469,140.0,170.0,2,3,4079
9469,2022-01-20,Second Class,Consumer,Office Supplies,Paper,OFF-PA-10001870,10.0,10.0,2,3,2705
9470,2022-02-03,Second Class,Consumer,Office Supplies,Paper,OFF-PA-10004071,100.0,110.0,2,4,2507
9471,2022-02-16,Second Class,Consumer,Technology,Phones,TEC-PH-10001448,90.0,100.0,2,2,1016
9472,2023-10-11,Second Class,Consumer,Office Supplies,Binders,OFF-BI-10002706,10.0,10.0,1,3,938
9473,2022-03-09,Second Class,Consumer,Furniture,Chairs,FUR-CH-10004875,110.0,130.0,2,5,1758
9474,2022-08-26,Second Class,Consumer,Furniture,Furnishings,FUR-FU-10004245,90.0,100.0,5,4,845
9475,2022-07-09,Second Class,Corporate,Office Supplies,Labels,OFF-LA-10000443,10.0,10.0,2,3,210
9476,2022-08-12,Second Class,Corporate,Office Supplies,Paper,OFF-PA-10001125,140.0,170.0,7,4,2977
9477,2022-08-27,Second Class,Corporate,Furniture,Furnishings,FUR-FU-10002703,50.0,50.0,2,3,1520
9478,2023-06-21,Second Class,Corporate,Office Supplies,Binders,OFF-BI-10004364,10.0,10.0,3,4,788
9479,2023-09-05,Standard Class,Consumer,Office Supplies,Fasteners,OFF-FA-10000936,10.0,10.0,5,5,2600
9480,2023-07-02,Standard Class,Consumer,Office Supplies,Binders,OFF-BI-10001249,10.0,10.0,3,4,413
9481,2022-11-16,Standard Class,Consumer,Office Supplies,Binders,OFF-BI-10004632,290.0,300.0,5,3,3524
9482,2023-06-01,Standard Class,Consumer,Office Supplies,Storage,OFF-ST-10000615,20.0,20.0,2,5,4852
9483,2022-10-04,Second Class,Home Office,Technology,Accessories,TEC-AC-10001838,280.0,320.0,2,2,2669
9484,2022-05-07,Standard Class,Home Office,Office Supplies,Art,OFF-AR-10004757,20.0,20.0,6,3,123
9485,2023-03-19,Second Class,Corporate,Furniture,Bookcases,FUR-BO-10003893,720.0,780.0,10,5,3606
9486,2023-08-03,Second Class,Corporate,Office Supplies,Paper,OFF-PA-10003893,30.0,30.0,9,5,3712
9487,2023-01-18,Same Day,Consumer,Furniture,Tables,FUR-TA-10001932,620.0,670.0,3,2,2995
9488,2023-04-10,First Class,Corporate,Office Supplies,Fasteners,OFF-FA-10001561,10.0,10.0,3,4,1191
9489,2022-09-25,First Class,Consumer,Technology,Phones,TEC-PH-10001817,530.0,570.0,2,2,1336
9490,2022-01-09,Standard Class,Corporate,Office Supplies,Art,OFF-AR-10000538,170.0,200.0,7,3,1573
9491,2022-10-09,Standard Class,Consumer,Office Supplies,Binders,OFF-BI-10004584,1780.0,2020.0,8,5,68
9492,2022-03-05,Standard Class,Consumer,Office Supplies,Art,OFF-AR-10000817,10.0,10.0,3,5,2972
9493,2023-04-29,Same Day,Consumer,Office Supplies,Binders,OFF-BI-10000756,30.0,40.0,9,3,4994
9494,2023-12-29,Standard Class,Corporate,Furniture,Tables,FUR-TA-10000617,1350.0,1590.0,7,2,3164
9495,2022-12-07,Standard Class,Corporate,Office Supplies,Binders,OFF-BI-10004364,10.0,10.0,2,4,3258
9496,2023-04-05,Standard Class,Consumer,Technology,Accessories,TEC-AC-10004518,100.0,120.0,6,4,112
9497,2022-03-03,Standard Class,Consumer,Office Supplies,Appliances,OFF-AP-10002222,10.0,10.0,1,5,3612
9498,2023-01-07,First Class,Home Office,Office Supplies,Paper,OFF-PA-10002615,15.0,15.0,1,4,92
9499,2023-05-19,First Class,Home Office,Office Supplies,Paper,OFF-PA-10000565,150.0,170.0,3,4,2007
9500,2023-09-08,First Class,Home Office,Office Supplies,Paper,OFF-PA-10003673,60.0,70.0,10,5,3233
9501,2023-01-07,Standard Class,Consumer,Furniture,Furnishings,FUR-FU-10002088,20.0,30.0,3,4,4892
9502,2023-09-10,Standard Class,Consumer,Furniture,Furnishings,FUR-FU-10001546,30.0,30.0,3,5,1172
9503,2023-01-04,Standard Class,Consumer,Office Supplies,Art,OFF-AR-10000614,20.0,30.0,9,3,370
9504,2022-10-02,Standard Class,Consumer,Office Supplies,Art,OFF-AR-10003190,10.0,10.0,1,2,359
9505,2023-04-19,Standard Class,Corporate,Technology,Phones,TEC-PH-10004094,940.0,1090.0,7,3,261
9506,2023-04-24,Standard Class,Corporate,Office Supplies,Paper,OFF-PA-10001970,100.0,110.0,2,5,1130
9507,2023-07-28,Second Class,Consumer,Office Supplies,Art,OFF-AR-10002952,20.0,30.0,2,2,1176
9508,2022-01-25,Second Class,Consumer,Office Supplies,Binders,OFF-BI-10004209,30.0,40.0,5,3,618
9509,2022-09-08,Second Class,Consumer,Office Supplies,Art,OFF-AR-10004685,10.0,10.0,3,3,284
9510,2023-12-23,Second Class,Consumer,Office Supplies,Storage,OFF-ST-10000991,590.0,690.0,6,3,3413
9511,2022-09-09,Standard Class,Consumer,Office Supplies,Art,OFF-AR-10002399,40.0,40.0,9,2,3282
9512,2023-12-26,First Class,Corporate,Office Supplies,Binders,OFF-BI-10002353,10.0,10.0,3,4,2308
9513,2022-11-19,Second Class,Consumer,Furniture,Bookcases,FUR-BO-10001811,160.0,200.0,1,5,604
9514,2022-07-20,Standard Class,Consumer,Technology,Accessories,TEC-AC-10003033,1340.0,1650.0,5,3,310
9515,2022-06-02,Standard Class,Home Office,Office Supplies,Paper,OFF-PA-10000176,80.0,90.0,6,4,2823
9516,2022-11-01,Standard Class,Consumer,Office Supplies,Art,OFF-AR-10003631,50.0,50.0,14,4,913
9517,2023-12-10,Second Class,Consumer,Technology,Phones,TEC-PH-10000923,30.0,30.0,3,2,3767
9518,2022-09-18,Second Class,Consumer,Office Supplies,Labels,OFF-LA-10003190,10.0,10.0,3,4,1860
9519,2022-08-11,Second Class,Consumer,Office Supplies,Storage,OFF-ST-10003208,360.0,440.0,3,2,4054
9520,2023-05-03,Second Class,Consumer,Office Supplies,Appliances,OFF-AP-10000692,70.0,80.0,4,2,2682
9521,2022-09-16,Standard Class,Corporate,Office Supplies,Storage,OFF-ST-10004180,80.0,90.0,2,2,1826
9522,2023-10-11,Standard Class,Consumer,Technology,Phones,TEC-PH-10002817,280.0,320.0,3,3,261
9523,2022-02-16,Standard Class,Consumer,Office Supplies,Paper,OFF-PA-10000295,20.0,20.0,3,3,3345
9524,2022-08-04,Standard Class,Consumer,Office Supplies,Storage,OFF-ST-10000419,30.0,30.0,3,5,573
9525,2023-09-07,First Class,Home Office,Office Supplies,Binders,OFF-BI-10001524,70.0,80.0,5,5,118
9526,2023-06-05,First Class,Home Office,Furniture,Furnishings,FUR-FU-10003268,160.0,200.0,5,5,44
9527,2023-08-12,First Class,Home Office,Technology,Phones,TEC-PH-10000148,30.0,30.0,3,3,3542
9528,2022-03-19,First Class,Home Office,Office Supplies,Binders,OFF-BI-10001543,150.0,170.0,6,4,4649
9529,2023-03-03,First Class,Home Office,Office Supplies,Binders,OFF-BI-10002071,10.0,10.0,2,3,1473
9530,2022-07-06,Same Day,Corporate,Office Supplies,Storage,OFF-ST-10002352,10.0,10.0,2,4,2827
9531,2022-05-07,Standard Class,Home Office,Office Supplies,Paper,OFF-PA-10003127,50.0,50.0,2,4,4495
9532,2022-02-15,Standard Class,Home Office,Office Supplies,Storage,OFF-ST-10000464,50.0,60.0,2,5,3777
9533,2023-12-04,Standard Class,Consumer,Furniture,Chairs,FUR-CH-10000553,370.0,430.0,14,4,3279
9534,2022-08-30,Standard Class,Consumer,Office Supplies,Fasteners,OFF-FA-10000134,30.0,40.0,7,5,2282
9535,2023-02-23,Standard Class,Consumer,Office Supplies,Storage,OFF-ST-10000636,30.0,30.0,2,3,3120
9536,2022-03-05,Standard Class,Consumer,Office Supplies,Binders,OFF-BI-10002949,10.0,10.0,2,4,4507
9537,2022-09-06,Second Class,Consumer,Furniture,Furnishings,FUR-FU-10002364,10.0,10.0,3,2,4897
9538,2022-07-01,First Class,Corporate,Furniture,Bookcases,FUR-BO-10002613,380.0,480.0,2,4,321
9539,2023-06-04,First Class,Consumer,Office Supplies,Paper,OFF-PA-10002659,20.0,20.0,5,5,4439
9540,2022-01-17,First Class,Consumer,Office Supplies,Paper,OFF-PA-10000157,30.0,40.0,2,2,1266
9541,2023-04-21,Second Class,Home Office,Furniture,Chairs,FUR-CH-10004540,160.0,190.0,7,2,2526
9542,2023-01-07,Standard Class,Corporate,Office Supplies,Labels,OFF-LA-10004544,40.0,40.0,3,2,1341
9543,2023-03-17,Standard Class,Corporate,Office Supplies,Binders,OFF-BI-10001097,10.0,10.0,5,4,3425
9544,2022-12-25,Standard Class,Corporate,Office Supplies,Paper,OFF-PA-10003302,50.0,60.0,2,2,1717
9545,2022-10-08,Standard Class,Corporate,Furniture,Bookcases,FUR-BO-10003965,330.0,370.0,3,2,108
9546,2022-01-13,Standard Class,Corporate,Technology,Accessories,TEC-AC-10003433,,,2,5,4654
9547,2022-05-09,Standard Class,Corporate,Office Supplies,Paper,OFF-PA-10000482,70.0,80.0,2,2,3549
9548,2023-12-30,Second Class,Corporate,Office Supplies,Paper,OFF-PA-10004610,10.0,10.0,2,5,937
9549,2023-12-01,Second Class,Corporate,Office Supplies,Binders,OFF-BI-10003910,20.0,25.0,2,4,4282
9550,2022-06-01,Second Class,Corporate,Office Supplies,Appliances,OFF-AP-10001394,420.0,450.0,3,3,3047
9551,2023-01-15,First Class,Home Office,Office Supplies,Binders,OFF-BI-10004654,10.0,10.0,3,4,804
9552,2023-01-13,Standard Class,Consumer,Office Supplies,Storage,OFF-ST-10001526,520.0,580.0,6,4,4221
9553,2022-09-02,Standard Class,Home Office,Technology,Accessories,TEC-AC-10000358,130.0,150.0,4,2,2801
9554,2022-08-19,Standard Class,Corporate,Furniture,Furnishings,FUR-FU-10000246,60.0,70.0,7,4,4054
9555,2023-12-04,Standard Class,Consumer,Furniture,Furnishings,FUR-FU-10003799,60.0,70.0,5,3,2904
9556,2023-02-06,Standard Class,Consumer,Office Supplies,Fasteners,OFF-FA-10003021,10.0,10.0,2,4,943
9557,2023-08-01,Second Class,Home Office,Office Supplies,Paper,OFF-PA-10003656,150.0,180.0,7,2,1464
9558,2022-01-26,Second Class,Consumer,Furniture,Furnishings,FUR-FU-10004586,10.0,10.0,2,4,4598
9559,2022-12-04,First Class,Consumer,Technology,Accessories,TEC-AC-10003832,120.0,130.0,5,5,2354
9560,2023-08-19,First Class,Consumer,Office Supplies,Storage,OFF-ST-10002554,170.0,200.0,5,5,2632
9561,2023-01-05,First Class,Consumer,Furniture,Furnishings,FUR-FU-10001876,50.0,50.0,2,5,4809
9562,2022-10-30,First Class,Consumer,Technology,Accessories,TEC-AC-10002637,350.0,430.0,3,2,493
9563,2023-02-15,First Class,Consumer,Technology,Machines,TEC-MA-10003589,200.0,220.0,3,2,4343
9564,2023-02-22,First Class,Consumer,Office Supplies,Labels,OFF-LA-10000081,10.0,10.0,2,3,3073
9565,2023-12-10,Standard Class,Home Office,Office Supplies,Paper,OFF-PA-10001838,10.0,10.0,2,2,2889
9566,2023-12-19,Same Day,Consumer,Furniture,Chairs,FUR-CH-10002965,1070.0,1130.0,7,3,4704
9567,2023-07-02,Same Day,Consumer,Office Supplies,Binders,OFF-BI-10001636,10.0,10.0,5,3,4362
9568,2022-06-07,Same Day,Consumer,Office Supplies,Art,OFF-AR-10004027,10.0,10.0,2,4,239
9569,2023-01-04,First Class,Corporate,Technology,Phones,TEC-PH-10002293,60.0,80.0,4,4,1883
9570,2023-03-19,Same Day,Consumer,Office Supplies,Binders,OFF-BI-10003196,10.0,10.0,6,2,4939
9571,2022-02-27,Same Day,Consumer,Office Supplies,Storage,OFF-ST-10001172,30.0,30.0,2,4,3472
9572,2022-10-27,Same Day,Consumer,Office Supplies,Envelopes,OFF-EN-10003068,20.0,20.0,2,4,2783
9573,2022-04-02,Same Day,Consumer,Office Supplies,Labels,OFF-LA-10003510,20.0,20.0,1,5,4395
9574,2023-09-08,Same Day,Consumer,Office Supplies,Art,OFF-AR-10003504,20.0,20.0,5,3,246
9575,2023-10-10,Same Day,Consumer,Furniture,Furnishings,FUR-FU-10001889,20.0,30.0,3,4,2991
9576,2022-07-21,Second Class,Consumer,Furniture,Chairs,FUR-CH-10000863,100.0,110.0,1,4,562
9577,2023-03-09,Second Class,Consumer,Technology,Machines,TEC-MA-10004679,350.0,400.0,2,3,2671
9578,2022-07-22,Second Class,Consumer,Furniture,Chairs,FUR-CH-10004754,90.0,100.0,5,4,2430
9579,2023-08-21,First Class,Home Office,Technology,Phones,TEC-PH-10004586,870.0,1080.0,3,4,2223
9580,2023-12-22,First Class,Home Office,Office Supplies,Storage,OFF-ST-10001370,60.0,70.0,1,2,3710
9581,2022-11-20,First Class,Home Office,Office Supplies,Art,OFF-AR-10001988,20.0,30.0,5,4,1295
9582,2022-03-29,First Class,Home Office,Furniture,Chairs,FUR-CH-10003298,470.0,590.0,5,3,520
9583,2023-05-16,Standard Class,Home Office,Office Supplies,Fasteners,OFF-FA-10002988,10.0,10.0,6,3,1061
9584,2022-12-07,Second Class,Consumer,Furniture,Bookcases,FUR-BO-10002213,330.0,400.0,1,4,2059
9585,2022-08-08,First Class,Home Office,Office Supplies,Storage,OFF-ST-10000344,40.0,50.0,4,5,1150
9586,2022-06-16,First Class,Corporate,Office Supplies,Paper,OFF-PA-10002319,30.0,30.0,1,4,636
9587,2023-05-15,Same Day,Consumer,Office Supplies,Binders,OFF-BI-10002437,60.0,60.0,5,2,2948
9588,2023-06-17,Standard Class,Corporate,Office Supplies,Storage,OFF-ST-10001418,170.0,200.0,4,4,2994
9589,2022-07-23,Standard Class,Consumer,Office Supplies,Art,OFF-AR-10000380,100.0,120.0,4,2,2585
9590,2022-07-22,Standard Class,Home Office,Office Supplies,Paper,OFF-PA-10003036,20.0,20.0,3,5,3779
9591,2023-05-27,Standard Class,Home Office,Office Supplies,Binders,OFF-BI-10002026,90.0,100.0,9,5,2028
9592,2022-12-13,Standard Class,Home Office,Furniture,Furnishings,FUR-FU-10003691,20.0,20.0,5,4,1532
9593,2023-03-22,Standard Class,Home Office,Furniture,Furnishings,FUR-FU-10003806,250.0,300.0,5,5,3343
9594,2023-03-10,Standard Class,Consumer,Office Supplies,Paper,OFF-PA-10002741,10.0,10.0,2,3,1884
9595,2023-11-04,Standard Class,Consumer,Office Supplies,Paper,OFF-PA-10003845,10.0,10.0,2,2,4021
9596,2022-01-18,Standard Class,Corporate,Office Supplies,Appliances,OFF-AP-10001492,30.0,30.0,3,5,4307
9597,2023-01-26,Standard Class,Corporate,Office Supplies,Binders,OFF-BI-10004318,240.0,280.0,2,4,186
9598,2022-01-10,Standard Class,Corporate,Technology,Phones,TEC-PH-10000193,100.0,110.0,3,3,1823
9599,2023-11-03,Standard Class,Home Office,Furniture,Furnishings,FUR-FU-10003464,60.0,60.0,3,3,1646
9600,2022-06-07,Standard Class,Consumer,Office Supplies,Appliances,OFF-AP-10002403,40.0,40.0,1,4,3677
9601,2023-07-03,Second Class,Corporate,Office Supplies,Paper,OFF-PA-10003848,40.0,40.0,8,3,1877
9602,2022-06-03,Standard Class,Consumer,Office Supplies,Paper,OFF-PA-10001357,190.0,240.0,5,3,1308
9603,2023-04-09,First Class,Consumer,Office Supplies,Supplies,OFF-SU-10004737,30.0,30.0,5,5,1972
9604,2023-06-20,Standard Class,Corporate,Furniture,Tables,FUR-TA-10003715,360.0,380.0,3,2,89
9605,2023-09-04,First Class,Consumer,Office Supplies,Appliances,OFF-AP-10003099,160.0,200.0,4,3,2188
9606,2023-05-11,Standard Class,Corporate,Technology,Accessories,TEC-AC-10002323,60.0,70.0,4,4,1800
9607,2022-04-17,Standard Class,Corporate,Office Supplies,Storage,OFF-ST-10002344,150.0,190.0,3,4,582
9608,2023-08-23,Second Class,Consumer,Office Supplies,Paper,OFF-PA-10000007,20.0,20.0,6,5,959
9609,2022-07-10,Second Class,Consumer,Office Supplies,Labels,OFF-LA-10000248,10.0,10.0,3,3,2879
9610,2023-08-31,Second Class,Consumer,Furniture,Furnishings,FUR-FU-10002116,260.0,280.0,4,2,425
9611,2022-08-06,Second Class,Consumer,Office Supplies,Labels,OFF-LA-10002195,30.0,30.0,9,3,4975
9612,2023-05-02,Standard Class,Consumer,Office Supplies,Fasteners,OFF-FA-10000735,10.0,10.0,4,5,2977
9613,2022-01-22,Standard Class,Consumer,Technology,Phones,TEC-PH-10001299,230.0,240.0,2,2,2374
9614,2023-10-03,First Class,Corporate,Office Supplies,Appliances,OFF-AP-10002892,20.0,20.0,1,3,3129
9615,2022-08-29,First Class,Corporate,Technology,Accessories,TEC-AC-10002718,90.0,100.0,7,3,5056
9616,2023-07-20,First Class,Corporate,Office Supplies,Binders,OFF-BI-10003527,1640.0,2030.0,2,2,4005
9617,2022-08-29,Standard Class,Corporate,Office Supplies,Art,OFF-AR-10002255,10.0,10.0,2,4,3497
9618,2023-08-03,Standard Class,Corporate,Technology,Copiers,TEC-CO-10002095,760.0,900.0,3,4,2980
9619,2022-10-27,Standard Class,Corporate,Office Supplies,Art,OFF-AR-10004022,80.0,90.0,3,2,2010
9620,2022-01-24,Standard Class,Corporate,Technology,Accessories,TEC-AC-10002335,120.0,140.0,5,5,2222
9621,2023-04-20,Standard Class,Home Office,Office Supplies,Appliances,OFF-AP-10001634,20.0,20.0,6,2,4845
9622,2023-11-21,Standard Class,Home Office,Technology,Accessories,TEC-AC-10002370,10.0,10.0,2,3,3200
9623,2022-05-21,Standard Class,Home Office,Office Supplies,Paper,OFF-PA-10000174,20.0,30.0,4,4,639
9624,2023-12-18,First Class,Consumer,Office Supplies,Appliances,OFF-AP-10000240,20.0,20.0,2,2,1966
9625,2023-08-11,First Class,Consumer,Furniture,Tables,FUR-TA-10002855,280.0,310.0,3,4,1716
9626,2022-06-26,First Class,Consumer,Furniture,Bookcases,FUR-BO-10000780,340.0,410.0,3,5,3894
9627,2022-11-03,First Class,Corporate,Office Supplies,Paper,OFF-PA-10001846,10.0,10.0,2,3,4547
9628,2023-09-20,Standard Class,Consumer,Office Supplies,Binders,OFF-BI-10002049,10.0,10.0,3,4,2469
9629,2022-10-22,Standard Class,Consumer,Office Supplies,Paper,OFF-PA-10002947,40.0,40.0,7,4,661
9630,2023-05-05,Standard Class,Consumer,Office Supplies,Binders,OFF-BI-10003476,20.0,20.0,2,4,1538
9631,2023-08-22,Standard Class,Consumer,Office Supplies,Binders,OFF-BI-10002609,10.0,10.0,3,2,2403
9632,2023-06-28,Standard Class,Consumer,Technology,Phones,TEC-PH-10003215,170.0,180.0,6,3,4949
9633,2023-08-12,Standard Class,Consumer,Office Supplies,Appliances,OFF-AP-10004785,80.0,90.0,8,4,2659
9634,2022-04-04,First Class,Consumer,Technology,Accessories,TEC-AC-10000865,140.0,180.0,3,3,275
9635,2023-09-25,First Class,Consumer,Office Supplies,Storage,OFF-ST-10000615,80.0,80.0,7,5,1285
9636,2022-01-31,First Class,Consumer,Furniture,Chairs,FUR-CH-10000749,1320.0,1630.0,9,5,652
9637,2022-05-07,Standard Class,Corporate,Furniture,Furnishings,FUR-FU-10003553,110.0,140.0,2,4,3443
9638,2022-04-23,Standard Class,Corporate,Furniture,Tables,FUR-TA-10003008,670.0,730.0,4,3,4906
9639,2022-03-26,Second Class,Consumer,Office Supplies,Paper,OFF-PA-10001846,10.0,10.0,2,3,2196
9640,2022-11-27,Second Class,Consumer,Furniture,Tables,FUR-TA-10000198,3530.0,4300.0,13,5,478
9641,2023-01-15,Standard Class,Corporate,Office Supplies,Art,OFF-AR-10000390,20.0,20.0,5,3,4146
9642,2023-10-14,Standard Class,Corporate,Office Supplies,Storage,OFF-ST-10000934,190.0,200.0,5,3,230
9643,2022-10-31,Standard Class,Corporate,Furniture,Chairs,FUR-CH-10002780,400.0,440.0,6,5,4999
9644,2023-02-27,Standard Class,Corporate,Furniture,Chairs,FUR-CH-10004495,460.0,480.0,2,2,963
9645,2023-11-08,Standard Class,Consumer,Technology,Accessories,TEC-AC-10002006,70.0,90.0,7,4,1538
9646,2022-02-25,Standard Class,Consumer,Office Supplies,Storage,OFF-ST-10002485,40.0,40.0,2,2,1670
9647,2022-01-19,Standard Class,Consumer,Office Supplies,Binders,OFF-BI-10000778,70.0,70.0,2,2,1758
9648,2022-04-05,Standard Class,Consumer,Office Supplies,Storage,OFF-ST-10000877,210.0,220.0,4,4,3573
9649,2022-09-14,Standard Class,Consumer,Technology,Phones,TEC-PH-10002103,240.0,280.0,3,3,4263
9650,2023-09-07,Standard Class,Consumer,Furniture,Bookcases,FUR-BO-10002213,3000.0,3410.0,8,2,1674
9651,2022-08-16,Standard Class,Consumer,Office Supplies,Art,OFF-AR-10004269,30.0,40.0,9,5,3044
9652,2023-01-30,Standard Class,Consumer,Office Supplies,Appliances,OFF-AP-10000055,50.0,60.0,2,5,4025
9653,2022-07-16,Standard Class,Consumer,Furniture,Furnishings,FUR-FU-10002937,550.0,600.0,6,5,4207
9654,2022-07-02,Standard Class,Home Office,Technology,Accessories,TEC-AC-10001874,90.0,100.0,2,5,4697
9655,2022-12-21,Standard Class,Home Office,Office Supplies,Binders,OFF-BI-10004506,20.0,20.0,2,5,2233
9656,2023-08-17,Standard Class,Consumer,Furniture,Furnishings,FUR-FU-10001876,90.0,100.0,3,4,3818
9657,2023-03-21,Standard Class,Consumer,Office Supplies,Binders,OFF-BI-10003355,10.0,10.0,1,5,3826
9658,2023-06-01,Standard Class,Consumer,Office Supplies,Art,OFF-AR-10003876,10.0,10.0,4,4,1650
9659,2022-02-20,Standard Class,Consumer,Furniture,Chairs,FUR-CH-10004983,470.0,580.0,4,2,3188
9660,2023-07-24,Second Class,Consumer,Office Supplies,Labels,OFF-LA-10001982,20.0,20.0,5,3,3531
9661,2023-01-22,Standard Class,Home Office,Technology,Phones,TEC-PH-10001459,2720.0,3020.0,9,4,1363
9662,2022-02-23,Standard Class,Home Office,Technology,Accessories,TEC-AC-10002134,30.0,30.0,2,2,4811
9663,2022-01-01,Standard Class,Home Office,Technology,Phones,TEC-PH-10001760,430.0,480.0,3,5,2278
9664,2023-11-18,Standard Class,Consumer,Office Supplies,Storage,OFF-ST-10001511,160.0,190.0,3,2,4685
9665,2022-08-16,Same Day,Corporate,Office Supplies,Paper,OFF-PA-10003953,10.0,10.0,2,2,3265
9666,2022-06-15,Standard Class,Consumer,Furniture,Furnishings,FUR-FU-10003268,100.0,120.0,3,4,2193
9667,2022-02-03,Standard Class,Consumer,Furniture,Furnishings,FUR-FU-10001847,10.0,10.0,3,3,2084
9668,2022-05-08,Standard Class,Consumer,Office Supplies,Binders,OFF-BI-10002764,20.0,20.0,7,3,913
9669,2023-06-22,Standard Class,Consumer,Office Supplies,Envelopes,OFF-EN-10004386,60.0,70.0,3,4,4498
9670,2022-07-20,Standard Class,Consumer,Office Supplies,Labels,OFF-LA-10001569,10.0,10.0,3,5,2149
9671,2022-12-02,First Class,Corporate,Office Supplies,Art,OFF-AR-10001446,50.0,60.0,7,2,4387
9672,2023-05-31,Standard Class,Consumer,Technology,Phones,TEC-PH-10003442,20.0,20.0,5,4,4244
9673,2022-09-12,Standard Class,Home Office,Office Supplies,Paper,OFF-PA-10000477,10.0,10.0,2,3,2265
9674,2022-01-15,Standard Class,Home Office,Technology,Phones,TEC-PH-10002645,1280.0,1500.0,5,4,4626
9675,2022-07-31,Second Class,Consumer,Office Supplies,Storage,OFF-ST-10003123,20.0,30.0,1,3,4721
9676,2022-03-24,Standard Class,Consumer,Furniture,Furnishings,FUR-FU-10001617,30.0,40.0,4,2,4853
9677,2022-01-31,Standard Class,Corporate,Office Supplies,Envelopes,OFF-EN-10003862,50.0,60.0,6,3,1311
9678,2022-07-21,Standard Class,Corporate,Office Supplies,Art,OFF-AR-10001573,10.0,10.0,3,2,1670
9679,2022-07-07,Standard Class,Corporate,Office Supplies,Supplies,OFF-SU-10004290,10.0,10.0,1,4,4750
9680,2022-01-04,Standard Class,Corporate,Office Supplies,Storage,OFF-ST-10000046,290.0,320.0,2,3,2471
9681,2022-02-17,Standard Class,Corporate,Technology,Phones,TEC-PH-10003505,620.0,670.0,9,5,444
9682,2022-08-06,Standard Class,Consumer,Office Supplies,Labels,OFF-LA-10004559,10.0,10.0,3,2,1003
9683,2022-09-04,Standard Class,Consumer,Office Supplies,Paper,OFF-PA-10003172,30.0,40.0,6,5,812
9684,2023-03-13,Standard Class,Consumer,Furniture,Furnishings,FUR-FU-10001473,190.0,200.0,8,4,1403
9685,2023-03-12,Standard Class,Consumer,Office Supplies,Paper,OFF-PA-10000232,10.0,10.0,2,3,36
9686,2023-07-04,Second Class,Corporate,Technology,Accessories,TEC-AC-10000682,20.0,20.0,1,2,3544
9687,2023-10-11,Standard Class,Consumer,Office Supplies,Art,OFF-AR-10003405,40.0,40.0,6,5,695
9688,2022-09-23,Standard Class,Home Office,Office Supplies,Binders,OFF-BI-10000301,10.0,10.0,9,2,2946
9689,2023-12-18,Standard Class,Consumer,Office Supplies,Paper,OFF-PA-10001534,20.0,30.0,5,4,1478
9690,2023-12-18,Standard Class,Consumer,Technology,Phones,TEC-PH-10003691,480.0,500.0,4,5,2778
9691,2023-12-15,First Class,Home Office,Office Supplies,Art,OFF-AR-10001545,10.0,10.0,4,5,2569
9692,2022-01-22,Standard Class,Consumer,Furniture,Bookcases,FUR-BO-10001811,500.0,610.0,3,2,3817
9693,2022-07-23,Standard Class,Corporate,Office Supplies,Storage,OFF-ST-10001837,410.0,470.0,11,5,2722
9694,2022-12-19,Second Class,Home Office,Office Supplies,Paper,OFF-PA-10000551,30.0,30.0,6,3,149
9695,2023-05-31,Second Class,Home Office,Office Supplies,Supplies,OFF-SU-10001574,10.0,10.0,2,3,2433
9696,2022-12-13,First Class,Corporate,Office Supplies,Appliances,OFF-AP-10002892,60.0,70.0,4,3,4547
9697,2023-11-07,Second Class,Corporate,Office Supplies,Labels,OFF-LA-10003930,450.0,490.0,5,2,2164
9698,2023-01-15,Same Day,Home Office,Furniture,Furnishings,FUR-FU-10001037,30.0,30.0,4,5,2341
9699,2023-11-24,Standard Class,Consumer,Office Supplies,Paper,OFF-PA-10004569,20.0,20.0,3,3,768
9700,2022-09-24,Standard Class,Consumer,Office Supplies,Appliances,OFF-AP-10000027,50.0,50.0,4,3,2826
9701,2022-04-04,Standard Class,Consumer,Technology,Phones,TEC-PH-10000675,160.0,200.0,3,2,1809
9702,2022-07-09,Standard Class,Consumer,Office Supplies,Fasteners,OFF-FA-10003059,10.0,10.0,2,5,356
9703,2022-12-17,Standard Class,Home Office,Office Supplies,Paper,OFF-PA-10003256,10.0,10.0,1,3,848
9704,2022-09-25,Standard Class,Home Office,Office Supplies,Binders,OFF-BI-10003656,730.0,850.0,5,2,5072
9705,2023-07-14,Standard Class,Home Office,Office Supplies,Binders,OFF-BI-10002897,10.0,10.0,3,2,2520
9706,2023-06-21,Standard Class,Consumer,Office Supplies,Binders,OFF-BI-10004826,30.0,40.0,3,5,2214
9707,2023-04-30,Standard Class,Consumer,Furniture,Chairs,FUR-CH-10004626,210.0,240.0,3,3,1385
9708,2023-07-28,Standard Class,Consumer,Office Supplies,Art,OFF-AR-10000390,10.0,10.0,3,2,1170
9709,2023-01-29,Standard Class,Consumer,Furniture,Furnishings,FUR-FU-10003731,20.0,20.0,2,5,387
9710,2022-03-26,Standard Class,Consumer,Office Supplies,Storage,OFF-ST-10002743,310.0,340.0,3,3,2341
9711,2023-04-04,Standard Class,Consumer,Furniture,Furnishings,FUR-FU-10001468,230.0,270.0,2,5,3218
9712,2022-12-18,Standard Class,Consumer,Office Supplies,Binders,OFF-BI-10003684,10.0,10.0,2,4,4576
9713,2023-01-26,Standard Class,Consumer,Office Supplies,Storage,OFF-ST-10003716,940.0,1080.0,6,3,3120
9714,2022-10-04,Standard Class,Consumer,Technology,Accessories,TEC-AC-10001101,50.0,50.0,5,2,469
9715,2023-10-31,Standard Class,Consumer,Technology,Accessories,TEC-AC-10004864,50.0,60.0,2,4,2521
9716,2022-05-05,Standard Class,Consumer,Office Supplies,Binders,OFF-BI-10001543,50.0,60.0,2,5,1731
9717,2023-02-28,Second Class,Home Office,Office Supplies,Art,OFF-AR-10000914,30.0,40.0,4,2,3084
9718,2023-04-12,Same Day,Consumer,Technology,Phones,TEC-PH-10002293,70.0,80.0,5,4,1477
9719,2022-09-19,Same Day,Consumer,Technology,Accessories,TEC-AC-10000109,210.0,220.0,5,5,4238
9720,2023-04-24,Second Class,Consumer,Office Supplies,Storage,OFF-ST-10002574,180.0,220.0,2,4,4778
9721,2023-05-01,Standard Class,Corporate,Furniture,Furnishings,FUR-FU-10002445,20.0,20.0,2,2,2218
9722,2023-11-05,Standard Class,Consumer,Furniture,Chairs,FUR-CH-10001802,280.0,330.0,3,2,3396
9723,2023-07-24,Standard Class,Consumer,Technology,Accessories,TEC-AC-10003628,70.0,90.0,3,2,4324
9724,2023-09-16,Standard Class,Home Office,Office Supplies,Binders,OFF-BI-10003984,290.0,300.0,13,4,2447
9725,2023-02-02,Standard Class,Consumer,Office Supplies,Envelopes,OFF-EN-10004459,10.0,10.0,2,3,415
9726,2023-08-03,First Class,Consumer,Technology,Accessories,TEC-AC-10001109,80.0,90.0,3,2,2180
9727,2023-02-20,First Class,Consumer,Office Supplies,Appliances,OFF-AP-10001293,250.0,290.0,7,4,4280
9728,2022-09-23,First Class,Consumer,Technology,Phones,TEC-PH-10004977,790.0,980.0,5,2,1030
9729,2022-09-28,First Class,Consumer,Office Supplies,Supplies,OFF-SU-10001935,10.0,10.0,2,4,1078
9730,2022-06-04,Standard Class,Consumer,Office Supplies,Binders,OFF-BI-10001308,10.0,10.0,2,4,77
9731,2023-01-31,Standard Class,Consumer,Office Supplies,Storage,OFF-ST-10000046,750.0,810.0,5,3,2646
9732,2023-12-02,Standard Class,Consumer,Office Supplies,Art,OFF-AR-10003504,30.0,30.0,8,4,533
9733,2022-12-07,Standard Class,Corporate,Furniture,Chairs,FUR-CH-10001797,440.0,500.0,13,3,2797
9734,2022-06-26,Standard Class,Corporate,Office Supplies,Paper,OFF-PA-10000246,20.0,20.0,2,5,4136
9735,2022-07-31,Standard Class,Corporate,Office Supplies,Binders,OFF-BI-10001359,740.0,900.0,1,3,1239
9736,2023-03-20,Second Class,Home Office,Office Supplies,Paper,OFF-PA-10001583,10.0,10.0,1,4,4521
9737,2023-03-13,Standard Class,Home Office,Technology,Phones,TEC-PH-10004667,250.0,270.0,2,4,1888
9738,2022-11-23,Standard Class,Corporate,Office Supplies,Storage,OFF-ST-10002615,250.0,310.0,2,3,4004
9739,2023-12-15,Standard Class,Corporate,Office Supplies,Binders,OFF-BI-10004236,60.0,70.0,6,2,4791
9740,2023-04-18,Standard Class,Corporate,Office Supplies,Binders,OFF-BI-10001757,20.0,20.0,5,3,432
9741,2023-01-22,Standard Class,Corporate,Office Supplies,Appliances,OFF-AP-10001154,120.0,140.0,3,3,2716
9742,2023-08-12,Standard Class,Corporate,Furniture,Bookcases,FUR-BO-10004834,3650.0,4400.0,5,3,3038
9743,2022-12-27,Standard Class,Consumer,Office Supplies,Labels,OFF-LA-10001074,60.0,60.0,5,5,581
9744,2022-03-21,Standard Class,Consumer,Office Supplies,Labels,OFF-LA-10001641,10.0,10.0,3,2,3385
9745,2022-01-11,Standard Class,Consumer,Office Supplies,Envelopes,OFF-EN-10002230,250.0,270.0,4,5,1720
9746,2023-01-18,Same Day,Consumer,Furniture,Tables,FUR-TA-10000617,320.0,360.0,2,4,1010
9747,2022-05-25,Same Day,Consumer,Furniture,Tables,FUR-TA-10001676,70.0,70.0,2,5,1215
9748,2022-11-06,Standard Class,Consumer,Furniture,Furnishings,FUR-FU-10000175,10.0,10.0,2,4,4436
9749,2022-06-19,Standard Class,Consumer,Furniture,Chairs,FUR-CH-10003379,650.0,800.0,4,2,361
9750,2023-11-12,Standard Class,Corporate,Technology,Accessories,TEC-AC-10002567,150.0,160.0,2,5,1150
9751,2023-01-15,Standard Class,Consumer,Office Supplies,Art,OFF-AR-10003183,10.0,10.0,2,2,2554
9752,2022-10-05,Standard Class,Consumer,Office Supplies,Art,OFF-AR-10001446,30.0,30.0,3,4,2391
9753,2023-06-17,First Class,Home Office,Office Supplies,Binders,OFF-BI-10000145,10.0,10.0,1,2,2494
9754,2023-08-20,Second Class,Consumer,Office Supplies,Labels,OFF-LA-10000476,10.0,10.0,2,3,4483
9755,2023-01-28,Second Class,Consumer,Office Supplies,Binders,OFF-BI-10001679,20.0,20.0,2,2,4938
9756,2022-10-06,Second Class,Consumer,Office Supplies,Storage,OFF-ST-10001128,290.0,330.0,3,4,4466
9757,2022-06-24,Second Class,Consumer,Furniture,Tables,FUR-TA-10002533,260.0,290.0,2,5,1283
9758,2022-12-19,Second Class,Consumer,Technology,Phones,TEC-PH-10004006,170.0,210.0,5,5,1229
9759,2022-07-08,Second Class,Consumer,Office Supplies,Paper,OFF-PA-10002615,20.0,20.0,4,2,1812
9760,2022-11-24,Standard Class,Corporate,Furniture,Chairs,FUR-CH-10001854,1220.0,1400.0,5,2,720
9761,2023-10-02,Standard Class,Home Office,Office Supplies,Art,OFF-AR-10000657,10.0,10.0,2,3,4209
9762,2023-05-22,Standard Class,Corporate,Technology,Accessories,TEC-AC-10000736,220.0,240.0,3,5,5095
9763,2023-10-11,Standard Class,Corporate,Office Supplies,Appliances,OFF-AP-10001293,70.0,80.0,2,4,1830
9764,2023-05-21,Standard Class,Corporate,Office Supplies,Supplies,OFF-SU-10000157,210.0,240.0,2,5,468
9765,2023-07-15,Standard Class,Consumer,Technology,Phones,TEC-PH-10000215,110.0,140.0,5,4,2760
9766,2023-10-05,Standard Class,Consumer,Office Supplies,Binders,OFF-BI-10001757,10.0,10.0,2,2,4095
9767,2023-04-06,Standard Class,Consumer,Office Supplies,Paper,OFF-PA-10002137,10.0,10.0,1,3,491
9768,2023-03-22,Standard Class,Consumer,Office Supplies,Binders,OFF-BI-10000088,40.0,50.0,5,4,1194
9769,2022-12-07,Standard Class,Home Office,Office Supplies,Paper,OFF-PA-10000380,40.0,50.0,6,3,1794
9770,2022-05-18,Standard Class,Home Office,Furniture,Bookcases,FUR-BO-10001619,290.0,340.0,5,2,3309
9771,2023-08-25,Standard Class,Home Office,Office Supplies,Paper,OFF-PA-10001609,10.0,10.0,4,3,4186
9772,2023-12-21,Standard Class,Home Office,Office Supplies,Appliances,OFF-AP-10002765,40.0,40.0,2,3,1183
9773,2023-03-27,Same Day,Corporate,Office Supplies,Paper,OFF-PA-10000167,100.0,120.0,5,3,3231
9774,2023-11-22,Standard Class,Consumer,Technology,Phones,TEC-PH-10004434,130.0,140.0,1,2,4028
9775,2023-10-16,Standard Class,Consumer,Office Supplies,Binders,OFF-BI-10004995,1790.0,2180.0,8,2,1609
9776,2022-03-29,Standard Class,Consumer,Furniture,Furnishings,FUR-FU-10004666,20.0,20.0,3,5,911
9777,2022-05-29,Standard Class,Consumer,Office Supplies,Binders,OFF-BI-10001524,20.0,20.0,4,2,4815
9778,2022-07-05,Standard Class,Consumer,Technology,Accessories,TEC-AC-10002076,360.0,430.0,9,4,4427
9779,2022-11-30,Standard Class,Consumer,Office Supplies,Binders,OFF-BI-10001679,10.0,10.0,5,3,485
9780,2023-11-16,Standard Class,Consumer,Office Supplies,Appliances,OFF-AP-10003281,35.0,40.0,2,4,993
9781,2023-03-07,Standard Class,Consumer,Technology,Phones,TEC-PH-10001944,380.0,440.0,3,3,2583
9782,2023-04-15,Standard Class,Consumer,Office Supplies,Binders,OFF-BI-10004390,580.0,670.0,2,2,1130
9783,2023-03-08,Second Class,Corporate,Office Supplies,Paper,OFF-PA-10002120,220.0,270.0,5,5,2947
9784,2023-11-30,Second Class,Corporate,Office Supplies,Storage,OFF-ST-10004340,60.0,60.0,1,5,1152
9785,2023-03-08,Second Class,Corporate,Furniture,Furnishings,FUR-FU-10001847,10.0,10.0,2,5,3002
9786,2023-03-23,Standard Class,Consumer,Office Supplies,Binders,OFF-BI-10000962,50.0,50.0,3,5,3849
9787,2022-06-24,Same Day,Consumer,Furniture,Chairs,FUR-CH-10004754,130.0,150.0,5,4,2708
9788,2023-01-07,Standard Class,Consumer,Furniture,Bookcases,FUR-BO-10001811,860.0,1020.0,5,3,3809
9789,2023-04-07,Standard Class,Consumer,Furniture,Chairs,FUR-CH-10004063,480.0,600.0,3,2,2262
9790,2022-05-09,Standard Class,Consumer,Technology,Accessories,TEC-AC-10004901,30.0,40.0,1,4,4525
9791,2023-05-16,Standard Class,Consumer,Furniture,Chairs,FUR-CH-10001714,170.0,210.0,2,3,2014
9792,2022-12-31,Second Class,Consumer,Office Supplies,Envelopes,OFF-EN-10003134,60.0,60.0,6,4,828
9793,2023-01-23,Second Class,Consumer,Furniture,Chairs,FUR-CH-10003396,100.0,110.0,2,5,263
9794,2023-07-29,Second Class,Consumer,Office Supplies,Paper,OFF-PA-10001560,10.0,10.0,1,4,3612
9795,2023-04-14,Second Class,Consumer,Office Supplies,Binders,OFF-BI-10000977,20.0,20.0,3,4,5061
9796,2022-11-03,Standard Class,Corporate,Office Supplies,Binders,OFF-BI-10003429,20.0,20.0,3,4,4725
9797,2023-05-11,Standard Class,Corporate,Office Supplies,Art,OFF-AR-10001374,10.0,10.0,2,3,3783
9798,2022-11-08,Standard Class,Corporate,Technology,Phones,TEC-PH-10004977,210.0,240.0,2,2,419
9799,2023-06-02,Standard Class,Corporate,Technology,Phones,TEC-PH-10000912,30.0,30.0,4,2,1105
9800,2023-10-27,Standard Class,Corporate,Technology,Accessories,TEC-AC-10000487,10.0,10.0,2,4,2495
9801,2023-09-23,Standard Class,Corporate,Technology,Phones,TEC-PH-10002262,90.0,110.0,3,5,4630
9802,2022-06-04,Standard Class,Consumer,Office Supplies,Supplies,OFF-SU-10000898,90.0,100.0,7,3,807
9803,2022-08-29,Second Class,Consumer,Office Supplies,Binders,OFF-BI-10004182,10.0,10.0,2,3,978
9804,2022-11-13,Second Class,Consumer,Technology,Phones,TEC-PH-10002468,130.0,140.0,1,2,3271
9805,2023-02-16,Second Class,Consumer,Furniture,Furnishings,FUR-FU-10002364,10.0,10.0,1,4,3191
9806,2023-03-27,Standard Class,Home Office,Furniture,Furnishings,FUR-FU-10002878,40.0,50.0,2,4,2263
9807,2023-02-13,Standard Class,Home Office,Office Supplies,Binders,OFF-BI-10004817,30.0,30.0,8,4,392
9808,2023-12-16,Second Class,Consumer,Furniture,Chairs,FUR-CH-10001146,170.0,190.0,4,4,3616
9809,2023-01-08,Standard Class,Consumer,Office Supplies,Binders,OFF-BI-10001116,10.0,10.0,2,2,4149
9810,2023-10-28,Second Class,Consumer,Office Supplies,Paper,OFF-PA-10000304,30.0,30.0,5,3,4130
9811,2023-03-20,Second Class,Consumer,Office Supplies,Art,OFF-AR-10002240,110.0,120.0,4,2,4859
9812,2022-04-29,First Class,Consumer,Office Supplies,Paper,OFF-PA-10001246,30.0,30.0,4,5,5083
9813,2022-02-09,First Class,Consumer,Office Supplies,Art,OFF-AR-10000658,30.0,30.0,3,4,4897
9814,2023-08-26,First Class,Consumer,Office Supplies,Paper,OFF-PA-10000100,170.0,200.0,5,3,4386
9815,2023-02-16,First Class,Consumer,Office Supplies,Binders,OFF-BI-10004233,60.0,80.0,5,3,2403
9816,2023-02-27,Standard Class,Corporate,Office Supplies,Paper,OFF-PA-10002581,160.0,170.0,7,4,1803
9817,2022-02-16,Standard Class,Corporate,Office Supplies,Storage,OFF-ST-10000046,420.0,520.0,4,3,2735
9818,2023-11-01,Standard Class,Corporate,Furniture,Furnishings,FUR-FU-10001185,150.0,170.0,7,2,3343
9819,2022-07-12,Standard Class,Corporate,Office Supplies,Art,OFF-AR-10003856,10.0,10.0,2,2,1952
9820,2022-07-22,Standard Class,Corporate,Office Supplies,Labels,OFF-LA-10001982,10.0,10.0,3,5,67
9821,2022-06-02,Standard Class,Corporate,Office Supplies,Paper,OFF-PA-10001215,40.0,40.0,10,2,2216
9822,2022-08-23,Standard Class,Corporate,Office Supplies,Binders,OFF-BI-10002429,20.0,20.0,2,5,5004
9823,2022-12-16,Standard Class,Consumer,Office Supplies,Appliances,OFF-AP-10003287,140.0,150.0,3,2,1906
9824,2022-04-23,Standard Class,Consumer,Office Supplies,Paper,OFF-PA-10000167,80.0,90.0,3,3,2913
9825,2022-04-23,Standard Class,Consumer,Office Supplies,Binders,OFF-BI-10002309,20.0,20.0,4,3,2248
9826,2022-07-06,Standard Class,Consumer,Office Supplies,Binders,OFF-BI-10003638,40.0,50.0,3,2,4746
9827,2023-06-17,Standard Class,Consumer,Furniture,Chairs,FUR-CH-10003833,190.0,200.0,4,3,382
9828,2023-07-08,Standard Class,Corporate,Office Supplies,Storage,OFF-ST-10001511,110.0,130.0,2,3,1688
9829,2022-01-28,Standard Class,Corporate,Office Supplies,Binders,OFF-BI-10004728,10.0,10.0,3,5,3028
9830,2023-06-12,Standard Class,Consumer,Furniture,Chairs,FUR-CH-10004218,200.0,240.0,3,4,90
9831,2023-03-27,Second Class,Consumer,Technology,Accessories,TEC-AC-10004171,260.0,320.0,4,4,2992
9832,2022-07-27,Second Class,Consumer,Furniture,Furnishings,FUR-FU-10001706,10.0,10.0,7,2,1368
9833,2022-11-25,Second Class,Consumer,Office Supplies,Paper,OFF-PA-10001526,15.0,15.0,1,5,3707
9834,2022-10-16,Standard Class,Corporate,Technology,Accessories,TEC-AC-10002001,790.0,900.0,7,5,1251
9835,2023-11-21,First Class,Consumer,Furniture,Furnishings,FUR-FU-10004963,10.0,10.0,4,3,2891
9836,2023-11-24,First Class,Consumer,Office Supplies,Binders,OFF-BI-10001597,20.0,20.0,2,4,3258
9837,2022-05-12,Standard Class,Consumer,Office Supplies,Paper,OFF-PA-10000141,10.0,10.0,5,2,2290
9838,2022-07-09,Standard Class,Consumer,Office Supplies,Labels,OFF-LA-10003923,30.0,30.0,2,3,3635
9839,2023-03-01,Standard Class,Consumer,Office Supplies,Labels,OFF-LA-10001771,15.0,15.0,1,3,289
9840,2022-07-25,Standard Class,Consumer,Technology,Copiers,TEC-CO-10001943,420.0,480.0,3,3,1659
9841,2023-10-26,Standard Class,Consumer,Technology,Phones,TEC-PH-10003356,30.0,40.0,8,2,5007
9842,2023-07-10,Standard Class,Consumer,Office Supplies,Art,OFF-AR-10002255,10.0,10.0,2,5,1323
9843,2023-08-22,Standard Class,Consumer,Furniture,Chairs,FUR-CH-10000665,440.0,480.0,4,5,3406
9844,2023-01-22,First Class,Consumer,Office Supplies,Labels,OFF-LA-10001771,20.0,20.0,4,5,4553
9845,2023-03-04,First Class,Consumer,Furniture,Furnishings,FUR-FU-10001475,50.0,60.0,7,4,2953
9846,2022-08-22,First Class,Consumer,Office Supplies,Storage,OFF-ST-10000877,120.0,130.0,3,4,2851
9847,2022-05-23,Second Class,Home Office,Office Supplies,Appliances,OFF-AP-10001492,30.0,40.0,5,5,4491
9848,2022-07-04,Second Class,Home Office,Furniture,Furnishings,FUR-FU-10004188,460.0,510.0,5,3,4463
9849,2022-09-26,Second Class,Home Office,Office Supplies,Binders,OFF-BI-10004330,130.0,150.0,5,5,1411
9850,2022-08-05,Standard Class,Corporate,Office Supplies,Art,OFF-AR-10002987,40.0,40.0,2,4,1521
9851,2022-05-26,Standard Class,Corporate,Furniture,Furnishings,FUR-FU-10000732,10.0,10.0,2,4,2269
9852,2023-08-10,Standard Class,Corporate,Office Supplies,Binders,OFF-BI-10001670,80.0,90.0,3,3,18
9853,2023-06-15,Standard Class,Corporate,Office Supplies,Paper,OFF-PA-10000533,10.0,10.0,2,2,2653
9854,2023-03-22,Standard Class,Corporate,Furniture,Furnishings,FUR-FU-10002253,180.0,210.0,5,5,1255
9855,2022-02-13,Standard Class,Consumer,Furniture,Furnishings,FUR-FU-10002396,40.0,50.0,4,5,123
9856,2022-12-13,Standard Class,Consumer,Office Supplies,Paper,OFF-PA-10004438,20.0,20.0,2,4,25
9857,2023-07-27,Standard Class,Consumer,Office Supplies,Paper,OFF-PA-10000587,30.0,40.0,6,4,4839
9858,2022-09-07,Standard Class,Corporate,Furniture,Tables,FUR-TA-10001889,2880.0,3390.0,8,4,5033
9859,2023-10-04,Standard Class,Home Office,Office Supplies,Storage,OFF-ST-10001590,60.0,70.0,5,5,2566
9860,2022-08-13,Standard Class,Home Office,Office Supplies,Fasteners,OFF-FA-10003472,10.0,10.0,2,2,74
9861,2022-06-07,Standard Class,Home Office,Technology,Phones,TEC-PH-10000169,70.0,70.0,4,3,4346
9862,2023-11-06,Standard Class,Home Office,Office Supplies,Storage,OFF-ST-10002562,20.0,20.0,2,3,1153
9863,2023-01-30,Standard Class,Home Office,Technology,Accessories,TEC-AC-10001445,10.0,10.0,4,4,5079
9864,2023-10-02,Standard Class,Home Office,Office Supplies,Paper,OFF-PA-10004156,10.0,10.0,1,3,2887
9865,2022-07-16,Standard Class,Home Office,Technology,Accessories,TEC-AC-10004469,150.0,160.0,4,2,4904
9866,2023-03-27,Standard Class,Home Office,Furniture,Furnishings,FUR-FU-10001037,20.0,20.0,2,5,461
9867,2022-07-12,Second Class,Corporate,Office Supplies,Storage,OFF-ST-10002615,980.0,1090.0,7,2,2613
9868,2023-12-11,Second Class,Corporate,Office Supplies,Appliances,OFF-AP-10000595,10.0,10.0,3,3,293
9869,2022-11-16,First Class,Corporate,Furniture,Furnishings,FUR-FU-10002253,60.0,70.0,2,4,3876
9870,2023-01-02,First Class,Corporate,Office Supplies,Binders,OFF-BI-10000494,,,2,5,3682
9871,2022-03-07,First Class,Corporate,Office Supplies,Binders,OFF-BI-10001658,20.0,20.0,3,2,3132
9872,2023-07-16,Same Day,Consumer,Office Supplies,Storage,OFF-ST-10003208,230.0,290.0,2,4,2051
9873,2022-08-08,Same Day,Consumer,Office Supplies,Art,OFF-AR-10004790,20.0,20.0,2,4,739
9874,2022-05-01,Standard Class,Home Office,Office Supplies,Paper,OFF-PA-10004609,10.0,10.0,1,5,4139
9875,2022-11-03,Second Class,Home Office,Office Supplies,Envelopes,OFF-EN-10003055,50.0,60.0,2,3,3536
9876,2022-02-06,Standard Class,Consumer,Office Supplies,Supplies,OFF-SU-10003936,10.0,10.0,2,2,3603
9877,2022-01-10,First Class,Home Office,Office Supplies,Storage,OFF-ST-10000078,770.0,850.0,4,2,832
9878,2023-11-06,First Class,Home Office,Office Supplies,Binders,OFF-BI-10000174,10.0,10.0,5,2,1245
9879,2023-02-06,First Class,Home Office,Technology,Phones,TEC-PH-10004080,100.0,120.0,3,2,711
9880,2023-09-25,Standard Class,Consumer,Furniture,Chairs,FUR-CH-10002961,530.0,570.0,7,5,2401
9881,2022-01-09,First Class,Home Office,Office Supplies,Paper,OFF-PA-10000474,70.0,90.0,3,3,1556
9882,2023-01-02,First Class,Consumer,Office Supplies,Binders,OFF-BI-10000138,10.0,10.0,3,5,3730
9883,2022-12-24,First Class,Consumer,Technology,Accessories,TEC-AC-10000023,250.0,270.0,13,5,968
9884,2023-08-25,Standard Class,Corporate,Office Supplies,Envelopes,OFF-EN-10001415,10.0,10.0,2,2,1996
9885,2023-09-20,Standard Class,Corporate,Technology,Accessories,TEC-AC-10001284,50.0,60.0,3,5,81
9886,2022-09-05,Standard Class,Corporate,Technology,Accessories,TEC-AC-10000736,140.0,160.0,2,3,3524
9887,2023-07-10,Standard Class,Consumer,Office Supplies,Fasteners,OFF-FA-10003467,10.0,10.0,3,4,540
9888,2022-07-23,First Class,Consumer,Office Supplies,Paper,OFF-PA-10000477,10.0,10.0,2,5,1360
9889,2023-03-10,Standard Class,Consumer,Technology,Accessories,TEC-AC-10000736,60.0,80.0,1,2,361
9890,2022-10-16,First Class,Corporate,Office Supplies,Art,OFF-AR-10002467,10.0,10.0,3,3,3084
9891,2023-07-26,Second Class,Corporate,Office Supplies,Paper,OFF-PA-10004996,20.0,20.0,2,2,2238
9892,2023-05-21,Second Class,Corporate,Technology,Accessories,TEC-AC-10003116,110.0,120.0,7,3,2232
9893,2023-01-02,Second Class,Corporate,Technology,Phones,TEC-PH-10002262,260.0,300.0,5,3,1806
9894,2023-05-05,Second Class,Corporate,Furniture,Chairs,FUR-CH-10004626,340.0,400.0,4,4,4573
9895,2023-10-16,Second Class,Corporate,Furniture,Furnishings,FUR-FU-10001756,80.0,100.0,5,2,4323
9896,2022-07-25,Standard Class,Consumer,Technology,Accessories,TEC-AC-10004859,140.0,150.0,11,3,4095
9897,2022-03-17,Second Class,Consumer,Office Supplies,Paper,OFF-PA-10001725,50.0,60.0,2,5,4864
9898,2023-12-29,Standard Class,Consumer,Furniture,Furnishings,FUR-FU-10004306,390.0,470.0,3,4,4476
9899,2023-02-27,Standard Class,Consumer,Furniture,Furnishings,FUR-FU-10004845,70.0,80.0,2,5,502
9900,2023-06-26,Standard Class,Home Office,Furniture,Tables,FUR-TA-10000198,290.0,330.0,1,2,4570
9901,2023-05-14,Standard Class,Consumer,Office Supplies,Storage,OFF-ST-10000036,210.0,240.0,3,5,2107
9902,2023-05-29,Standard Class,Consumer,Furniture,Furnishings,FUR-FU-10001037,20.0,20.0,3,4,1636
9903,2022-02-17,Standard Class,Consumer,Office Supplies,Paper,OFF-PA-10001950,10.0,10.0,1,2,2741
9904,2023-10-09,Standard Class,Consumer,Furniture,Furnishings,FUR-FU-10004587,30.0,30.0,3,2,3660
9905,2022-04-05,Standard Class,Consumer,Technology,Accessories,TEC-AC-10002567,110.0,130.0,2,2,4544
9906,2022-10-27,First Class,Corporate,Furniture,Furnishings,FUR-FU-10004973,110.0,130.0,7,5,394
9907,2022-11-21,First Class,Corporate,Office Supplies,Binders,OFF-BI-10001628,30.0,30.0,3,5,4537
9908,2022-07-06,First Class,Corporate,Furniture,Chairs,FUR-CH-10000155,680.0,720.0,3,4,4630
9909,2023-07-15,First Class,Corporate,Furniture,Furnishings,FUR-FU-10002379,180.0,210.0,5,3,2922
9910,2023-04-25,First Class,Corporate,Furniture,Furnishings,FUR-FU-10004018,30.0,40.0,3,4,2075
9911,2023-09-05,First Class,Corporate,Office Supplies,Paper,OFF-PA-10000994,180.0,210.0,2,4,1422
9912,2022-03-23,Standard Class,Corporate,Office Supplies,Binders,OFF-BI-10002852,100.0,120.0,7,4,947
9913,2022-10-06,First Class,Corporate,Furniture,Chairs,FUR-CH-10001714,330.0,360.0,3,3,4016
9914,2022-03-15,First Class,Corporate,Office Supplies,Labels,OFF-LA-10000414,20.0,30.0,3,4,3343
9915,2022-12-18,Second Class,Consumer,Office Supplies,Paper,OFF-PA-10003848,10.0,10.0,2,2,4981
9916,2023-01-22,Second Class,Consumer,Office Supplies,Paper,OFF-PA-10000176,70.0,90.0,5,2,1612
9917,2022-10-25,Second Class,Consumer,Office Supplies,Storage,OFF-ST-10001590,10.0,10.0,1,2,85
9918,2023-04-09,Second Class,Consumer,Furniture,Furnishings,FUR-FU-10000010,10.0,10.0,3,3,2349
9919,2022-07-05,Standard Class,Consumer,Office Supplies,Envelopes,OFF-EN-10003055,30.0,40.0,1,2,3808
9920,2022-04-03,Standard Class,Corporate,Furniture,Chairs,FUR-CH-10000863,460.0,530.0,5,2,2252
9921,2023-07-13,Standard Class,Corporate,Office Supplies,Binders,OFF-BI-10004233,20.0,20.0,7,2,3073
9922,2023-04-15,Standard Class,Home Office,Office Supplies,Binders,OFF-BI-10003350,10.0,10.0,3,2,2724
9923,2023-08-01,Standard Class,Consumer,Technology,Accessories,TEC-AC-10001990,160.0,190.0,4,3,363
9924,2023-07-02,First Class,Corporate,Office Supplies,Binders,OFF-BI-10003982,40.0,50.0,3,5,184
9925,2023-01-28,First Class,Corporate,Office Supplies,Envelopes,OFF-EN-10004386,20.0,20.0,1,5,4494
9926,2023-02-17,First Class,Corporate,Office Supplies,Binders,OFF-BI-10003656,950.0,1090.0,8,3,328
9927,2022-01-25,First Class,Corporate,Technology,Phones,TEC-PH-10002310,160.0,200.0,2,3,2734
9928,2023-06-15,First Class,Corporate,Office Supplies,Storage,OFF-ST-10001172,70.0,80.0,4,2,4495
9929,2022-08-03,Same Day,Consumer,Furniture,Furnishings,FUR-FU-10000260,20.0,20.0,3,3,854
9930,2022-07-13,Same Day,Consumer,Technology,Copiers,TEC-CO-10003763,2380.0,2800.0,5,4,23
9931,2023-08-02,Standard Class,Consumer,Office Supplies,Binders,OFF-BI-10001267,10.0,10.0,2,2,2613
9932,2022-04-28,Standard Class,Consumer,Furniture,Bookcases,FUR-BO-10004357,560.0,680.0,4,3,514
9933,2023-03-04,Standard Class,Consumer,Office Supplies,Paper,OFF-PA-10004610,30.0,30.0,7,4,2248
9934,2022-05-10,First Class,Consumer,Technology,Phones,TEC-PH-10004912,140.0,160.0,3,3,3733
9935,2022-01-04,Standard Class,Consumer,Office Supplies,Appliances,OFF-AP-10003278,30.0,30.0,3,5,2135
9936,2023-02-10,Standard Class,Consumer,Office Supplies,Storage,OFF-ST-10001627,30.0,40.0,3,2,2146
9937,2023-10-01,Standard Class,Consumer,Office Supplies,Binders,OFF-BI-10002735,90.0,100.0,3,5,1849
9938,2023-01-16,Second Class,Corporate,Furniture,Tables,FUR-TA-10001676,60.0,70.0,2,5,62
9939,2023-10-14,Standard Class,Corporate,Furniture,Furnishings,FUR-FU-10004864,50.0,60.0,5,3,1926
9940,2022-10-28,Standard Class,Corporate,Office Supplies,Supplies,OFF-SU-10000952,40.0,40.0,4,4,342
9941,2023-03-30,Standard Class,Corporate,Office Supplies,Art,OFF-AR-10000462,10.0,10.0,7,4,1806
9942,2022-07-21,Standard Class,Consumer,Technology,Accessories,TEC-AC-10001772,180.0,220.0,14,5,3884
9943,2022-04-08,Standard Class,Consumer,Office Supplies,Storage,OFF-ST-10001128,950.0,1000.0,9,3,2221
9944,2022-12-06,Standard Class,Consumer,Office Supplies,Supplies,OFF-SU-10002537,40.0,50.0,5,2,364
9945,2022-09-25,Second Class,Home Office,Office Supplies,Storage,OFF-ST-10000419,30.0,40.0,3,3,4288
9946,2023-06-26,Standard Class,Corporate,Office Supplies,Paper,OFF-PA-10000327,10.0,10.0,1,4,2496
9947,2022-04-16,Standard Class,Corporate,Technology,Accessories,TEC-AC-10004353,120.0,150.0,3,2,235
9948,2022-10-31,Second Class,Corporate,Furniture,Chairs,FUR-CH-10003746,1600.0,1930.0,6,4,350
9949,2022-09-13,Second Class,Corporate,Office Supplies,Appliances,OFF-AP-10002945,1950.0,2410.0,8,3,3015
9950,2022-01-07,Second Class,Corporate,Technology,Accessories,TEC-AC-10004568,70.0,80.0,3,3,4041
9951,2022-03-19,Second Class,Corporate,Technology,Accessories,TEC-AC-10001714,40.0,40.0,1,3,4447
9952,2022-04-07,Second Class,Corporate,Office Supplies,Binders,OFF-BI-10002072,20.0,20.0,2,3,2859
9953,2022-09-28,Second Class,Corporate,Office Supplies,Binders,OFF-BI-10001153,50.0,60.0,2,4,29
9954,2022-10-27,Second Class,Corporate,Office Supplies,Paper,OFF-PA-10004983,10.0,10.0,1,2,1025
9955,2023-08-02,Second Class,Corporate,Office Supplies,Binders,OFF-BI-10000948,20.0,30.0,3,2,1968
9956,2022-03-18,Second Class,Corporate,Furniture,Tables,FUR-TA-10002622,220.0,270.0,2,2,3530
9957,2022-10-10,Standard Class,Home Office,Office Supplies,Paper,OFF-PA-10001776,50.0,50.0,5,2,1254
9958,2023-01-03,Standard Class,Home Office,Office Supplies,Paper,OFF-PA-10004039,210.0,220.0,4,4,635
9959,2023-12-21,Standard Class,Home Office,Office Supplies,Supplies,OFF-SU-10001574,10.0,10.0,2,3,2237
9960,2023-02-09,Standard Class,Consumer,Office Supplies,Art,OFF-AR-10001761,10.0,10.0,2,2,2251
9961,2023-02-26,Second Class,Home Office,Technology,Accessories,TEC-AC-10002305,20.0,20.0,1,5,1238
9962,2022-04-18,First Class,Home Office,Office Supplies,Paper,OFF-PA-10000675,60.0,70.0,2,4,3810
9963,2022-09-02,First Class,Home Office,Furniture,Bookcases,FUR-BO-10004218,320.0,380.0,4,3,4338
9964,2022-01-17,Same Day,Consumer,Office Supplies,Paper,OFF-PA-10003072,10.0,10.0,2,3,385
9965,2023-07-08,Second Class,Corporate,Furniture,Furnishings,FUR-FU-10002671,10.0,10.0,1,3,544
9966,2022-12-31,Second Class,Corporate,Office Supplies,Paper,OFF-PA-10000349,10.0,10.0,1,5,2095
9967,2022-02-21,Second Class,Corporate,Office Supplies,Envelopes,OFF-EN-10004483,100.0,110.0,7,4,4588
9968,2022-10-02,Standard Class,Consumer,Office Supplies,Binders,OFF-BI-10004209,30.0,40.0,5,2,2954
9969,2023-04-15,Standard Class,Consumer,Office Supplies,Binders,OFF-BI-10004600,700.0,740.0,2,3,4304
9970,2023-11-18,Standard Class,Consumer,Office Supplies,Appliances,OFF-AP-10003622,20.0,20.0,7,5,680
9971,2023-05-04,Standard Class,Home Office,Office Supplies,Binders,OFF-BI-10002867,110.0,120.0,2,2,4903
9972,2023-07-27,Standard Class,Home Office,Office Supplies,Art,OFF-AR-10000538,110.0,140.0,5,4,625
9973,2022-04-07,Standard Class,Consumer,Office Supplies,Envelopes,OFF-EN-10000056,90.0,100.0,2,2,1794
9974,2023-03-07,Standard Class,Home Office,Technology,Phones,TEC-PH-10004080,230.0,270.0,5,4,654
9975,2022-11-17,Standard Class,Home Office,Office Supplies,Art,OFF-AR-10004752,20.0,20.0,7,2,4492
9976,2023-12-16,Standard Class,Home Office,Office Supplies,Paper,OFF-PA-10000743,10.0,10.0,2,4,2864
9977,2022-09-11,Standard Class,Home Office,Technology,Phones,TEC-PH-10002496,200.0,250.0,2,5,1527
9978,2023-12-03,Standard Class,Home Office,Office Supplies,Fasteners,OFF-FA-10003467,10.0,10.0,7,4,3765
9979,2023-06-05,Standard Class,Home Office,Office Supplies,Binders,OFF-BI-10003727,10.0,10.0,4,4,4687
9980,2023-10-12,Standard Class,Home Office,Office Supplies,Binders,OFF-BI-10002026,410.0,440.0,14,3,210
9981,2023-06-26,Second Class,Consumer,Furniture,Tables,FUR-TA-10001039,80.0,90.0,1,2,2046
9982,2022-11-14,First Class,Consumer,Office Supplies,Labels,OFF-LA-10004484,20.0,20.0,5,5,2124
9983,2023-05-27,Standard Class,Consumer,Office Supplies,Paper,OFF-PA-10002195,40.0,40.0,7,4,1160
9984,2022-09-14,Standard Class,Consumer,Technology,Phones,TEC-PH-10001305,80.0,100.0,2,4,4763
9985,2023-08-04,Standard Class,Consumer,Office Supplies,Labels,OFF-LA-10003766,30.0,30.0,10,2,257
9986,2023-09-30,Standard Class,Consumer,Office Supplies,Supplies,OFF-SU-10000898,50.0,60.0,4,3,853
9987,2022-11-30,Standard Class,Consumer,Technology,Accessories,TEC-AC-10003399,40.0,40.0,1,5,2004
9988,2023-04-01,Standard Class,Corporate,Technology,Accessories,TEC-AC-10001539,80.0,80.0,1,3,4492
9989,2022-11-17,Standard Class,Corporate,Technology,Phones,TEC-PH-10004006,180.0,210.0,5,5,4842
9990,2023-02-18,Second Class,Consumer,Furniture,Furnishings,FUR-FU-10001889,30.0,30.0,3,4,1652
9991,2023-03-17,Standard Class,Consumer,Furniture,Furnishings,FUR-FU-10000747,70.0,90.0,2,4,3225
9992,2022-08-07,Standard Class,Consumer,Technology,Phones,TEC-PH-10003645,220.0,260.0,2,2,864
9993,2022-11-19,Standard Class,Consumer,Office Supplies,Paper,OFF-PA-10004041,30.0,30.0,4,3,2372
9994,2022-07-17,Second Class,Consumer,Office Supplies,Appliances,OFF-AP-10002684,210.0,240.0,2,3,1190
